制作方法:ID,:LABEL,name
136914,制作方法,油爆
136915,制作方法,水爆
136916,制作方法,炒
136917,制作方法,脆炸
136918,制作方法,熟炒
136919,制作方法,葱爆
136921,制作方法,汆
136923,制作方法,煮
136925,制作方法,烧
136926,制作方法,清炖
136928,制作方法,其他
136933,制作方法,葱烧
136934,制作方法,清烹
136935,制作方法,软溜
136936,制作方法,包裹蒸
136937,制作方法,熟煎
136938,制作方法,软炸
136939,制作方法,生煎
136941,制作方法,蒸
136942,制作方法,爆
136943,制作方法,拌
136944,制作方法,隔水炖
136945,制作方法,碎屑料炸
136948,制作方法,暗炉烤
136952,制作方法,红烧
136953,制作方法,煨
136954,制作方法,焦溜
136957,制作方法,炸烹
136958,制作方法,清炸
136961,制作方法,干炸
136963,制作方法,火锅
136967,制作方法,瓤
136970,制作方法,烩
136971,制作方法,滑炒
136974,制作方法,炸
136976,制作方法,生炒
136988,制作方法,干烧
136996,制作方法,油浸炸
136999,制作方法,包卷炸
137000,制作方法,扒
137004,制作方法,煎烹
137012,制作方法,汽锅
137024,制作方法,熏
137032,制作方法,煎
137035,制作方法,酥炸
137037,制作方法,烤
137045,制作方法,烘
137050,制作方法,溜
137055,制作方法,原炖
137065,制作方法,凉菜
137068,制作方法,清炒
137076,制作方法,粉蒸
137080,制作方法,酥
137084,制作方法,冻
137103,制作方法,炖
137129,制作方法,清蒸
137131,制作方法,焖
137134,制作方法,酱
137135,制作方法,酱烧
137149,制作方法,软炒
137155,制作方法,炝
137201,制作方法,干炒
137205,制作方法,卤
137211,制作方法,芫爆
137218,制作方法,滑溜
137258,制作方法,塌
137275,制作方法,蜜汁
137281,制作方法,挂霜
137285,制作方法,醋溜
137295,制作方法,砂锅
137357,制作方法,酱爆
137385,制作方法,汤爆
137400,制作方法,侉炖
137428,制作方法,拔丝
137439,制作方法,糟溜
137455,制作方法,糖醋溜
137471,制作方法,抓炒
137497,制作方法,明炉烤
137509,制作方法,灼
137553,制作方法,腌
137720,制作方法,锅烧
137862,制作方法,蒜烧
137956,制作方法,白烧
137970,制作方法,滑烹
137983,制作方法,黄烧
138007,制作方法,涮
138171,制作方法,玻璃
138241,制作方法,风干
138262,制作方法,糖溜
138484,制作方法,油淋炸
138596,制作方法,烹
138884,制作方法,泥包烤
139020,制作方法,腊
139077,制作方法,盐烘
139088,制作方法,纸包炸
139716,制作方法,竹烤
