症状:ID,:LABEL,name
38717,症状,骨骼变形缩短
38718,症状,自发性流产
38719,症状,幽门前区溃疡
38720,症状,心脏淤积淀粉样物质
38721,症状,髂窝部疼痛
38722,症状,子宫内膜异位
38723,症状,抗卵巢抗体阳性
38724,症状,消耗性体重下降
38725,症状,被动体位
38726,症状,髌骨软化
38727,症状,骨增粗
38728,症状,睡眠中周期性腿动
38729,症状,角膜表面三角形胬肉
38730,症状,肌肉拉伤
38731,症状,上焦火
38732,症状,体温调节紊乱
38733,症状,脑白质偏少
38734,症状,胃区包块
38735,症状,肘外侧肿痛及功能障碍
38736,症状,肺通气一血流比例失调
38737,症状,胆汁性肝硬化
38738,症状,脑炎样改变
38739,症状,肾动脉阻塞
38740,症状,疖肿
38741,症状,胃扩张
38742,症状,牙龈出血
38743,症状,没有肛门
38744,症状,肠道功能紊乱
38745,症状,胃肠粘膜的通透性增高
38746,症状,髌骨劳损
38747,症状,衣玉品
38748,症状,液体平衡失调
38749,症状,大便变细形似铅笔
38750,症状,肥厚瘢痕
38751,症状,胸肌萎缩
38752,症状,重度贫血
38753,症状,老年人腿抽筋
38754,症状,面肌无力
38755,症状,孕妇非妊娠原因的腹痛
38756,症状,胎动改变
38757,症状,不排卵
38758,症状,异性装扮癖
38759,症状,眼缺陷
38760,症状,龟头瘙痒
38761,症状,鼻毛脱落
38762,症状,脊神经压迫
38763,症状,口唇发绀
38764,症状,小脑体征
38765,症状,胸部沉重感
38766,症状,肝火
38767,症状,头痛并呕吐
38768,症状,运动传导束受累
38769,症状,感染性鼻炎
38770,症状,苑长青
38771,症状,肺含水量增加
38772,症状,痰中或可找到蛔...
38773,症状,颌下淋巴结肿大压痛
38774,症状,恶心与呕吐
38775,症状,淋巴结肿大
38776,症状,盆腔积液
38777,症状,阴道后穹窿触痛
38778,症状,新生儿手足徐动
38779,症状,肺阴虚
38780,症状,腭异常
38781,症状,痰呈白色黏稠胶冻状
38782,症状,受凉头疼
38783,症状,扑翼样震颤
38784,症状,肾间质受损
38785,症状,眼张不开
38786,症状,气不摄血
38787,症状,抽搐
38788,症状,软腭疼痛
38789,症状,反复上呼吸道感染
38790,症状,免疫力下降
38791,症状,一侧下腹坠痛
38792,症状,二碱基氨基酸尿症
38793,症状,拥抱反射消失
38794,症状,胎膜破裂
38795,症状,头摇
38796,症状,指甲可见横沟纺
38797,症状,颌下腺肿大
38798,症状,血管萎缩性白斑
38799,症状,胰腺内钙化
38800,症状,腹满
38801,症状,坐立不安
38802,症状,脸颊出现红血丝
38803,症状,中上腹痛
38804,症状,肘关节疼痛
38805,症状,舌齿龈疼痛性粟...
38806,症状,蛛网膜增厚
38807,症状,轻度中毒
38808,症状,血管增生
38809,症状,糙皮病样皮疹
38810,症状,新生儿喉喘鸣
38811,症状,足内翻
38812,症状,呃逆
38813,症状,心境不良
38814,症状,顽固性便秘
38815,症状,小儿长牙发烧
38816,症状,吞酸
38817,症状,类癌综合征
38818,症状,晨起肥皮肿
38819,症状,胸部长痘
38820,症状,脸色发黄
38821,症状,老年人非病变性...
38822,症状,痔核
38823,症状,胸部紧迫或束带感
38824,症状,胸骨隆凸
38825,症状,眼球垂直运动障碍
38826,症状,脱髓
38827,症状,舌震颤
38828,症状,招风耳
38829,症状,中耳和耳咽管纤毛异常
38830,症状,颌骨内似牙的硬组织
38831,症状,指甲易碎
38832,症状,类似荨麻疹的皮...
38833,症状,多克隆型冷球蛋白血症
38834,症状,排便障碍
38835,症状,性施虐癖
38836,症状,先天性心脏传导
38837,症状,分娩后甲状腺肿大
38838,症状,脐周明显红肿变硬
38839,症状,偏执型人格障碍
38840,症状,晋波
38841,症状,小便不易排空
38842,症状,口咽异物
38843,症状,孕妇小腹痛
38844,症状,哭泣晕厥
38845,症状,阴虚火亢症
38846,症状,小眼球
38847,症状,四边孔处的局限压痛
38848,症状,直立性尿蛋白
38849,症状,肾血管畸形
38850,症状,吸吮反射阳性
38851,症状,食指半月甲呈粉红色
38852,症状,肠壅积
38853,症状,幻觉
38854,症状,下肢呈剪刀步态
38855,症状,官爵银
38856,症状,X型腿
38857,症状,结膜干燥斑
38858,症状,外耳道癣
38859,症状,月经推迟
38860,症状,手上有小水泡
38861,症状,泡样水肿
38862,症状,豹纹状眼底
38863,症状,维生素C缺乏
38864,症状,增生性骨膜炎
38865,症状,骶骨裂
38866,症状,糖尿
38867,症状,阵发性腹痛
38868,症状,肌腱囊肿
38869,症状,思维缓慢
38870,症状,巨大膀胱
38871,症状,牙齿缝隙大
38872,症状,晶状体混浊
38873,症状,血性腹水
38874,症状,子宫颈扩张
38875,症状,良性溃疡改变
38876,症状,小儿生理性贫血
38877,症状,肩胛带“模拟瘫痪”
38878,症状,惊跳
38879,症状,组织细胞增生
38880,症状,偏侧不注意
38881,症状,气郁体质
38882,症状,疤痕增生
38883,症状,盆腔瘀血
38884,症状,下颌角外翻
38885,症状,肋痛
38886,症状,点状出血
38887,症状,夜间头痛
38888,症状,咽异感症
38889,症状,外斜V征
38890,症状,下唇麻木
38891,症状,情绪性失眠
38892,症状,尿渗透压下降
38893,症状,酒精中毒性嫉妒妄想
38894,症状,粒细胞减少
38895,症状,海藻糖酶缺乏
38896,症状,社交敏感性障碍
38897,症状,猜疑
38898,症状,胸部挫伤
38899,症状,甲身凹沟
38900,症状,躯体或颜面某一...
38901,症状,挛缩性疤痕
38902,症状,静止性震颤
38903,症状,耳鼓膜穿孔
38904,症状,枕叶受损
38905,症状,胸部大片斑块
38906,症状,婴儿头皮有黄色结痂
38907,症状,髌骨疼痛
38908,症状,柠檬色痰
38909,症状,亓红菲
38910,症状,流产
38911,症状,深感觉障碍
38912,症状,膝关节内侧肿胀...
38913,症状,复杂性醉酒
38914,症状,看不到脚尖步行困难
38915,症状,尿道结节
38916,症状,耐热力降低
38917,症状,球蛋白异常
38918,症状,闭眼站立不能
38919,症状,面部皮肤油腻
38920,症状,不宁腿综合征
38921,症状,室间隔缺损
38922,症状,间歇性尿蛋白
38923,症状,生长激素分泌过少
38924,症状,内踝下区域疼痛肿胀
38925,症状,舌下垂
38926,症状,肢端溃疡
38927,症状,瞳孔缘色素外翻
38928,症状,手部震颤
38929,症状,嗜酸细胞增加
38930,症状,性兴趣减退感
38931,症状,口唇严重充血呈红色
38932,症状,声带老化
38933,症状,细菌性心内膜炎
38934,症状,说话时字词不能连续
38935,症状,肝大而硬
38936,症状,上吐下泻
38937,症状,咳嗽伴体重减轻
38938,症状,懒胆囊
38939,症状,外阴起疙瘩
38940,症状,内脏痛
38941,症状,长骨骨骺端钙化不全
38942,症状,流清涕
38943,症状,溃疡疼痛
38944,症状,眼球浮动现象
38945,症状,精神运动性兴奋
38946,症状,一过性脑缺血
38947,症状,腹围增大
38948,症状,虚热口臭
38949,症状,尿妊娠试验阳性
38950,症状,吸吮反射消失
38951,症状,不完全性房内阻滞
38952,症状,肌纤维颤搐
38953,症状,阴道异味
38954,症状,头部偏向一侧做...
38955,症状,痣细胞
38956,症状,假临产
38957,症状,足踝捩伤
38958,症状,新生儿抽搐
38959,症状,职业神经症
38960,症状,手腕长骨刺
38961,症状,厌奶
38962,症状,颈椎反弓
38963,症状,子宫内膜梗阻
38964,症状,神志恍惚
38965,症状,鼻头长痘
38966,症状,口咽部水疱状损害
38967,症状,重度肥胖
38968,症状,脊髓休克
38969,症状,输精管堵塞
38970,症状,肛周软瘊
38971,症状,脚痒
38972,症状,疤痕处破损后出现溃疡
38973,症状,藏毛窦
38974,症状,过分地惊跳反应
38975,症状,腰酸
38976,症状,眼白蓝灰色或黑色斑点
38977,症状,二尖瓣返流
38978,症状,指(趾)和小腿...
38979,症状,自主神经危象
38980,症状,肝腹水
38981,症状,婴儿湿疹
38982,症状,心脏排血受阻
38983,症状,眼白出现红点
38984,症状,产后血气痛
38985,症状,头皮瘙痒剧烈并有血痂
38986,症状,猿手畸形
38987,症状,大便频繁
38988,症状,牟连芳
38989,症状,传导阻滞
38990,症状,坐骨大小孔区出现压痛
38991,症状,指端及指(趾)...
38992,症状,尿道内虫咬感或...
38993,症状,HIV感染
38994,症状,眼前发黑
38995,症状,脂肪过多
38996,症状,胃壁增厚
38997,症状,咽反射亢进
38998,症状,儿童行为孤僻
38999,症状,抽筋
39000,症状,腰椎疼痛
39001,症状,视力常呈雾状模糊感
39002,症状,视物模糊
39003,症状,妊娠时皮肤皱褶...
39004,症状,代脉
39005,症状,面部蝶形红斑
39006,症状,脊柱侧弯
39007,症状,手指发僵疼痛
39008,症状,展峰
39009,症状,粪便量少
39010,症状,非对称性紧张性颈反射
39011,症状,假性延髓性麻痹
39012,症状,带血性分泌物
39013,症状,微炎症状态
39014,症状,颈背疼痛
39015,症状,一侧颜面肥大
39016,症状,舌淡体胖
39017,症状,眼眶疼痛
39018,症状,面痛
39019,症状,脑缺氧
39020,症状,产后下腹坠痛或...
39021,症状,循环衰竭
39022,症状,呼气中有甜臭味
39023,症状,新生儿贫血
39024,症状,小指指甲有凹陷
39025,症状,谵妄
39026,症状,手掌疤痕畸形
39027,症状,声门短而窄
39028,症状,意识短暂中断
39029,症状,钙离子内流
39030,症状,闪回
39031,症状,掌骨指数及指骨...
39032,症状,唾液臭
39033,症状,内脏出血
39034,症状,尿道弥漫性浸润
39035,症状,流涎
39036,症状,脑干损害体征
39037,症状,阴道流出黄色或...
39038,症状,尿崩
39039,症状,排便感
39040,症状,生理性腹泻
39041,症状,疲乏
39042,症状,偏斜骨盆
39043,症状,血崩
39044,症状,鼻泪管阻塞
39045,症状,新生儿脐部出血
39046,症状,核黄疸
39047,症状,心慌气短
39048,症状,头颈分离感
39049,症状,性感不快
39050,症状,发炎
39051,症状,腰大肌肿胀
39052,症状,瞳孔固定
39053,症状,脐周肿胀
39054,症状,慢性腹痛
39055,症状,吐黄水
39056,症状,扭伤
39057,症状,鼻子发黑
39058,症状,肢体运动不协调
39059,症状,尿道口痒
39060,症状,视物变形
39061,症状,传导性耳聋
39062,症状,鼻子上火
39063,症状,肘部外翻角增大
39064,症状,乳房巨大
39065,症状,“冻僵”现象
39066,症状,视网膜出血
39067,症状,网络依赖
39068,症状,腰痛伴肾区叩击痛
39069,症状,Q角异常
39070,症状,淋巴液流出
39071,症状,四叠体受压
39072,症状,贫血
39073,症状,进行性颈部肿块
39074,症状,角弓反张
39075,症状,女性型肥胖
39076,症状,搓手顿足
39077,症状,婴儿过胖
39078,症状,眼球调节功能减...
39079,症状,跖反射伸性
39080,症状,幻听
39081,症状,尿道烧灼感
39082,症状,伤口结疤
39083,症状,黏液分泌亢进
39084,症状,下鼻甲或中鼻甲肥大
39085,症状,斜形骨折
39086,症状,耳廓痛
39087,症状,肺栓塞
39088,症状,喃喃重复自语
39089,症状,颈椎骨折脱位
39090,症状,氰化物烧伤及合并中毒
39091,症状,孕妇耻骨痛
39092,症状,脊柱后突
39093,症状,局部皮肤变紧
39094,症状,咳血
39095,症状,胸腺高度萎缩
39096,症状,婴儿厌食
39097,症状,候亚益
39098,症状,交叉注视
39099,症状,无痛性阴囊内肿块
39100,症状,粘膜有粘着性白斑
39101,症状,耳流脓
39102,症状,角回受损
39103,症状,突肤挺胸
39104,症状,中度精神发育迟滞
39105,症状,肋膜腔积水
39106,症状,“蝴蝶状”阴影
39107,症状,舌肌萎缩
39108,症状,腹壁切口处有肿物突出
39109,症状,热痛
39110,症状,面色苍白
39111,症状,耳道堵塞
39112,症状,胃粘膜增粗
39113,症状,鼻塞
39114,症状,色素脱失
39115,症状,耻骨联合分离
39116,症状,学习障碍
39117,症状,胃肠感冒
39118,症状,冬季皮肤瘙痒
39119,症状,阴唇发黑
39120,症状,漏斗骨盆
39121,症状,反复发作抑郁症
39122,症状,复视
39123,症状,脚脱皮
39124,症状,发育性畸形
39125,症状,隋静
39126,症状,小颌
39127,症状,足跟淤血
39128,症状,伤口形成一个搏...
39129,症状,晶状体突出
39130,症状,丘疹性痤疮
39131,症状,颈椎分节异常
39132,症状,手指僵硬
39133,症状,肩部运动受限
39134,症状,静脉出血
39135,症状,局部压痛
39136,症状,指甲、耳软骨出...
39137,症状,鼻子黄色或棕色
39138,症状,进行性消瘦
39139,症状,脱症
39140,症状,气道变窄
39141,症状,吸气时有蝉鸣音
39142,症状,经期提前
39143,症状,老人便秘
39144,症状,小肠扩张充气
39145,症状,闫志才
39146,症状,腕关节桡侧部位的疼痛
39147,症状,无腋毛
39148,症状,情感麻痹
39149,症状,板状腹
39150,症状,齿龈肥厚
39151,症状,腋部掌心出汗
39152,症状,老年性白斑
39153,症状,外耳道狭窄
39154,症状,眉弓疼痛
39155,症状,肝臭
39156,症状,表情恐惧症
39157,症状,下睑外翻
39158,症状,婴儿体重增长过快
39159,症状,胃食管反流症状
39160,症状,阑尾腔闭塞
39161,症状,骨痛
39162,症状,情绪性厌食
39163,症状,胸腔疼痛
39164,症状,透明血管型
39165,症状,牙龈痛
39166,症状,肝浊音界缩小或消失
39167,症状,术后腹胀
39168,症状,腹胀
39169,症状,癌性输尿管狭窄
39170,症状,心脏重量增加
39171,症状,腹痛伴休克
39172,症状,剥夺性弱视
39173,症状,突发性疼痛
39174,症状,咬肌肥大
39175,症状,喉部堵塞感
39176,症状,内收型骨折
39177,症状,心脏杂音
39178,症状,鼻和喉部灼热感
39179,症状,上颌窦囊肿
39180,症状,器质性精神障碍
39181,症状,鼻翼上方缺损
39182,症状,脂膜炎
39183,症状,蛙状鼻
39184,症状,哭笑失常
39185,症状,迟明华
39186,症状,胰石阻塞
39187,症状,热衰竭
39188,症状,腹股沟淋巴结肿大
39189,症状,腕部疼痛
39190,症状,口干舌燥
39191,症状,手脱皮
39192,症状,胃热疼痛
39193,症状,大肠黑变
39194,症状,胸椎腰化
39195,症状,发热伴有腹痛、...
39196,症状,烧伤创面焦痂提...
39197,症状,鼻脓涕有臭味
39198,症状,舌位于口腔底不能外伸
39199,症状,顽固性头痛
39200,症状,电脑失写症
39201,症状,小儿明显瘦小
39202,症状,粟粒样丘疹
39203,症状,肺性肥大
39204,症状,子宫收缩不良
39205,症状,蹲下起来后眼前发黑
39206,症状,横结肠息肉
39207,症状,覃迅云
39208,症状,酮症酸中毒
39209,症状,神经性尿频
39210,症状,反复高热
39211,症状,扁桃体变小而坚韧
39212,症状,思考困难感
39213,症状,上呼吸道和口腔...
39214,症状,间歇性胃痛
39215,症状,淋巴管破裂
39216,症状,膝后肿胀疼痛，...
39217,症状,烧伤后恶心与呕吐
39218,症状,垂体功能减退
39219,症状,骨骼肿块
39220,症状,无助感
39221,症状,吡咯烷及呱啶尿
39222,症状,无汗腺导管角质...
39223,症状,心脏肥大
39224,症状,超雄
39225,症状,一过性意识蒙眬
39226,症状,扁桃体充血肥大
39227,症状,口唇苍白
39228,症状,血管伤
39229,症状,发作间精神障碍
39230,症状,咳痰
39231,症状,栗东
39232,症状,看东西有重影
39233,症状,缺铁性贫血
39234,症状,尿胆原排泻增加
39235,症状,急性下肢缺血
39236,症状,眩晕
39237,症状,血管搏动或波形的改变
39238,症状,巨大的结肠
39239,症状,赔偿神经症
39240,症状,言语功能的部分丧失
39241,症状,膀胱憩室...
39242,症状,胆汁排泄受阻
39243,症状,蝶鞍空泡
39244,症状,牙举欢
39245,症状,一侧胸廓塌陷
39246,症状,肛周皮肤有湿疹
39247,症状,女性膀胱颈梗阻
39248,症状,偏执状态
39249,症状,口角和鼻周出现...
39250,症状,黏液尿
39251,症状,软组织肿胀
39252,症状,咽部溃疡
39253,症状,膀胱刺激征
39254,症状,反向搏动
39255,症状,上列牙痛
39256,症状,入睡困难
39257,症状,食管左壁形成压足跡
39258,症状,经间期出血
39259,症状,剧烈运动后哮喘
39260,症状,肌肉撕裂
39261,症状,神志不清
39262,症状,钙沉积
39263,症状,湿啰音
39264,症状,郏帮芹
39265,症状,弥漫性骨质疏松
39266,症状,蜘蛛指
39267,症状,大腿肌肉萎缩
39268,症状,脑衰弱综合征
39269,症状,面长耳大
39270,症状,巨阴症
39271,症状,伸指无力
39272,症状,口干
39273,症状,颈椎椎节已有明...
39274,症状,脑白质脱髓鞘
39275,症状,头昏想睡觉
39276,症状,视觉失认
39277,症状,手指和足趾无痛...
39278,症状,佟玉涛
39279,症状,下唇肿胀外翻
39280,症状,月经期间腰疼
39281,症状,肋骨痛
39282,症状,心肌缺血
39283,症状,呼吸困难
39284,症状,眼睑异物
39285,症状,恶食酸物
39286,症状,腓肠肌强直收缩...
39287,症状,耳鼓膜破裂
39288,症状,青少年脊柱侧凸
39289,症状,血压波动大
39290,症状,脊柱生理弯曲消失
39291,症状,收缩期和舒张期杂音
39292,症状,盗汗
39293,症状,心瓣膜穿孔
39294,症状,椎管大小变化
39295,症状,逆行性遗忘
39296,症状,贪食
39297,症状,盆腔内有较广泛浸润
39298,症状,血沉增速
39299,症状,鼻子糜烂
39300,症状,眉间皱纹
39301,症状,拇外翻
39302,症状,胸部丘疹
39303,症状,指甲上有直线
39304,症状,复聪现象
39305,症状,无痛性硬实结节
39306,症状,立毛反射减弱
39307,症状,躯体化障碍
39308,症状,神经性耳鸣
39309,症状,腹痛伴血尿
39310,症状,频繁吐黏液
39311,症状,阴道排液呈黑水样
39312,症状,肺源性呼吸困难
39313,症状,轻度精神发育迟滞
39314,症状,新月状溶骨性缺损
39315,症状,五志化火
39316,症状,头皮痒
39317,症状,癔症步态
39318,症状,脑缺血
39319,症状,近事遗忘现象
39320,症状,闪电样痛
39321,症状,脐带感染
39322,症状,手足发抖
39323,症状,卵泡刺激素(F...
39324,症状,粪便中排出的粪...
39325,症状,鼻粘膜溃疡和萎缩
39326,症状,幻味
39327,症状,反复发烧
39328,症状,右下腹压痛
39329,症状,稽留流产
39330,症状,卵巢功能障碍
39331,症状,痛觉与温度觉减...
39332,症状,掌跖角化过度
39333,症状,淤青
39334,症状,铺路石样变性
39335,症状,尿道变粗变硬
39336,症状,维生素B12吸收不良
39337,症状,捕蝇舌征
39338,症状,异常矮小
39339,症状,带血粘脓鼻涕
39340,症状,颅压增高
39341,症状,阴囊肿大
39342,症状,急性肠扭转
39343,症状,呼气困难
39344,症状,小步态
39345,症状,生长缓慢
39346,症状,饭后心跳加快
39347,症状,子宫压痛
39348,症状,拇、食、中三指...
39349,症状,场所恐惧
39350,症状,躯干畸形弯曲
39351,症状,尿暗黑色
39352,症状,两肺毛玻璃样粟...
39353,症状,腺样体面容
39354,症状,髓质增生
39355,症状,肝掌
39356,症状,下肢湿性坏疽
39357,症状,尿痛
39358,症状,怪笑
39359,症状,肌痛
39360,症状,新生儿少哭
39361,症状,铁宝刚
39362,症状,尿道刺痒
39363,症状,脚趾关节痛
39364,症状,肝-颈静脉回流征阳性
39365,症状,巨胃窦症
39366,症状,站立久后的浮肿
39367,症状,骨代谢减低
39368,症状,嗜酒
39369,症状,持续性尿蛋白
39370,症状,头皮平直裂口
39371,症状,钙化影
39372,症状,眼球内陷
39373,症状,颈交感链受累
39374,症状,肺泡出血
39375,症状,股部内侧靠近阴...
39376,症状,烦热
39377,症状,肠道张力减低
39378,症状,多发性神经炎
39379,症状,大腿酸痛
39380,症状,一过性昏厥
39381,症状,颈部皱纹多
39382,症状,尿潴留
39383,症状,旅行者水肿
39384,症状,腕关节圆形的软包块
39385,症状,冻结肩
39386,症状,维生素B族缺乏
39387,症状,头沉
39388,症状,节段性肌张力障碍
39389,症状,球后视神经炎
39390,症状,脊肋角膨隆
39391,症状,开放性损伤
39392,症状,乳头脱皮
39393,症状,眼球挫伤
39394,症状,直立性脱虚
39395,症状,乳房组织大块坏死
39396,症状,脓苔
39397,症状,乳头侵蚀
39398,症状,烫伤起泡
39399,症状,鼻咽癌的远处转移
39400,症状,半年或1岁以后...
39401,症状,唇红干燥
39402,症状,口鼻生疮
39403,症状,肩胛带的肌肉不发达
39404,症状,口甜
39405,症状,怪异步态
39406,症状,进食后出现弥漫...
39407,症状,眼干涩酸胀，易疲劳
39408,症状,肾后性肾衰
39409,症状,静脉栓塞
39410,症状,TOM
39411,症状,珍珠丘疹
39412,症状,抑郁
39413,症状,婴儿睡眠少
39414,症状,剧烈运动后头痛
39415,症状,胰酶分泌或排出量降低
39416,症状,汗出如油
39417,症状,胆结石
39418,症状,嗳气时有腐败鸡...
39419,症状,绿牙或棕褐色牙
39420,症状,血管性水肿
39421,症状,腹式反常呼吸
39422,症状,面颊及上胸部充血
39423,症状,环咽部运动障碍
39424,症状,虹视
39425,症状,囊肿性痤疮
39426,症状,下腹绞痛
39427,症状,紧脉
39428,症状,眼底樱桃红斑
39429,症状,腋区疼痛
39430,症状,膀胱阴道瘘
39431,症状,流黄鼻涕
39432,症状,产道扁平型狭窄
39433,症状,中枢性发热
39434,症状,胚胎发育障碍
39435,症状,腹痛
39436,症状,喉部淋巴滤泡增生
39437,症状,蔗糖-异麦芽糖...
39438,症状,肛管反射消失
39439,症状,打喷嚏
39440,症状,尿比重下降
39441,症状,贫血貌
39442,症状,吸气时鼻腔阻塞
39443,症状,上尿路结构和功能损害
39444,症状,腰椎退化
39445,症状,疑病症
39446,症状,三凹征
39447,症状,胸骨压痛
39448,症状,上呼吸道卡他症状
39449,症状,短颈
39450,症状,注射针眼和手术...
39451,症状,纤毛上皮细胞损伤脱落
39452,症状,眼前冒火花或眼前闪光
39453,症状,夹层血肿
39454,症状,动脉血氧饱和度降低
39455,症状,逼尿肌反射亢进
39456,症状,鼠尾征
39457,症状,软产道异常
39458,症状,植物神经功能障碍
39459,症状,精虚血弱
39460,症状,南晓
39461,症状,角膜树枝状改变
39462,症状,脸部大小不一
39463,症状,神经根激惹症状
39464,症状,骶骨发育不良
39465,症状,乳腺胀痛
39466,症状,尿黄似浓茶
39467,症状,大便酸臭
39468,症状,血液改变
39469,症状,思虑伤脾
39470,症状,隐性产后出血
39471,症状,食管扩张
39472,症状,性交困难
39473,症状,大腿以下或膝以...
39474,症状,尿分叉
39475,症状,肿瘤钙化
39476,症状,三角韧带损伤
39477,症状,牙齿小而稀疏
39478,症状,下肢浅静脉曲张
39479,症状,耳廓耳道撕裂伤
39480,症状,爪状趾
39481,症状,视网膜静脉纡曲怒张
39482,症状,虹膜表面形成灰...
39483,症状,交替使用双眼
39484,症状,足趾痛
39485,症状,胎儿宫内窒息
39486,症状,帅海林
39487,症状,腰骶部或下腰部疼痛
39488,症状,室上性心律失常
39489,症状,神经性胃痛
39490,症状,漆裂样纹
39491,症状,脑脊液蛋白量增高
39492,症状,血运障碍
39493,症状,足趾屈曲挛缩
39494,症状,黏液脓性痰
39495,症状,心源性水肿
39496,症状,油腻性鳞屑
39497,症状,口臭
39498,症状,心慌
39499,症状,大便黑绿色
39500,症状,呼吸气为蒜臭味
39501,症状,胎心不规则
39502,症状,结膜乳头增生
39503,症状,产后出血
39504,症状,紧张
39505,症状,头昏
39506,症状,下肢动作沉重，...
39507,症状,血流动力学障碍
39508,症状,剧烈运动后腰痛
39509,症状,颈部呈僵直状
39510,症状,酒精性肝硬化
39511,症状,先天性乳糖酶缺乏
39512,症状,咯血
39513,症状,顽固性心功能不全
39514,症状,腹鸣
39515,症状,甲亢面容
39516,症状,情绪性腹痛
39517,症状,小梁网色素沉着
39518,症状,胃寒疼痛
39519,症状,母婴ABO血型不合
39520,症状,继发性纤溶功能增强
39521,症状,先兆流产
39522,症状,腓肠肌压痛
39523,症状,情绪性疲劳
39524,症状,趾端干枯发黑
39525,症状,下肢拖曳步态
39526,症状,产后抑郁
39527,症状,妊娠期急性脂肪肝
39528,症状,垂体功能紊乱
39529,症状,血性耳漏
39530,症状,停经并溢乳
39531,症状,胫骨压痛
39532,症状,痘疮
39533,症状,反复发作右肺感染
39534,症状,疼痛性股白肿
39535,症状,骶椎腰化
39536,症状,情绪性头痛
39537,症状,测试
39538,症状,外阴烧灼刺激感
39539,症状,缺乏深睡眠
39540,症状,痱疹样皮疹
39541,症状,便鲜红血呈点滴...
39542,症状,眉毛外侧脱落稀疏而细
39543,症状,自我残伤行为
39544,症状,非玻璃体的病变...
39545,症状,鼻黏膜和鼻甲萎缩
39546,症状,口淡黏腻
39547,症状,肤色赤红
39548,症状,烧伤创面浅咖啡...
39549,症状,尾部中线有细小...
39550,症状,小腿腓部肌肉疼...
39551,症状,角膜中央后部典...
39552,症状,心搏漏跳
39553,症状,小腿肌肉萎缩
39554,症状,生理性闭经
39555,症状,胸椎畸形
39556,症状,面色灰暗
39557,症状,“5P”征
39558,症状,吞咽痛
39559,症状,肝源性水肿
39560,症状,呼正江
39561,症状,先天性无子宫
39562,症状,口唇青紫
39563,症状,瞳孔变白
39564,症状,南建广
39565,症状,紧张性头痛
39566,症状,搏动性耳鸣
39567,症状,孕晚期腹痛
39568,症状,肝细胞坏死
39569,症状,小腿内侧感觉丧失
39570,症状,大动脉供血障碍
39571,症状,兰瑞
39572,症状,蠕动感
39573,症状,炎性损害
39574,症状,胎势异常
39575,症状,情绪性感冒
39576,症状,间歇性头痛
39577,症状,泪溢
39578,症状,肾痛
39579,症状,小儿咳嗽
39580,症状,心跳很乱
39581,症状,恶心
39582,症状,下腹坠胀
39583,症状,青红丘疹
39584,症状,拇指不明原因疼痛
39585,症状,脐窝内有肉芽组织增生
39586,症状,眼-头反射消失
39587,症状,肾无功能
39588,症状,凹陷性疤痕
39589,症状,雌激素不足
39590,症状,中枢性呼吸暂停
39591,症状,眼距宽阔
39592,症状,肩胛骨痛
39593,症状,指甲突然变白
39594,症状,十二指肠扩张
39595,症状,假性宫缩
39596,症状,手指尖痛或触痛
39597,症状,痰多
39598,症状,上消化道出血
39599,症状,机械地重复周围...
39600,症状,眼底异常
39601,症状,菌血症
39602,症状,膀胱容量的减少
39603,症状,间歇性鼻阻塞
39604,症状,胃气虚
39605,症状,颈部缺血性跳痛
39606,症状,脉压缩小
39607,症状,假牙疼痛
39608,症状,煤尘或胆固醇结...
39609,症状,耳垂粘连
39610,症状,蜘蛛痣
39611,症状,大腿内侧红斑
39612,症状,混浊尿
39613,症状,尿道口有白膜形成
39614,症状,胸腰段背部或臀...
39615,症状,药物性肥胖
39616,症状,肌腱端炎
39617,症状,眼干
39618,症状,血清降钙素水平增高
39619,症状,舌背中后部黑色丛毛
39620,症状,喉头痉挛
39621,症状,挖耳出血
39622,症状,巨登伟
39623,症状,大便异常
39624,症状,猫喘音
39625,症状,PAS染色阳性
39626,症状,晕机
39627,症状,逸搏出现
39628,症状,晨僵
39629,症状,烟酸缺乏
39630,症状,眼球压痛
39631,症状,频繁发笑
39632,症状,血尿伴蛋白尿
39633,症状,小肠危象
39634,症状,女性周期性鼻塞和鼻衄
39635,症状,黏稠或脓性痰伴...
39636,症状,动脉粥样硬化
39637,症状,无睾丸
39638,症状,摇摆步态
39639,症状,小腿瘙痒干燥
39640,症状,腹内压升高
39641,症状,背部出现小水泡
39642,症状,髋关节积液
39643,症状,喝酒后胃疼
39644,症状,前臂外伤后疼痛
39645,症状,月经血块过多
39646,症状,免疫损害
39647,症状,中暑
39648,症状,血管内凝血
39649,症状,结膜充血
39650,症状,不稳定性心绞痛
39651,症状,跖纹中拇趾球区...
39652,症状,性早熟
39653,症状,龟头发黑
39654,症状,肺火
39655,症状,胎儿水肿
39656,症状,外阴鳞状上皮疣状增生
39657,症状,恐风
39658,症状,新生儿全身水肿
39659,症状,肢端湿冷
39660,症状,情感暴发
39661,症状,瞳子高
39662,症状,经常说梦话
39663,症状,交感神经代偿性亢进
39664,症状,潮式呼吸
39665,症状,胶冻状便
39666,症状,黏膜干燥
39667,症状,肝气郁结
39668,症状,下蹲困难
39669,症状,反射性腰痛
39670,症状,倒睫
39671,症状,眼睑痉挛
39672,症状,异常高大
39673,症状,脓毒性血症或多...
39674,症状,脑转移
39675,症状,剧烈头痛
39676,症状,小管间质性肾炎
39677,症状,匐行疹
39678,症状,肝下垂
39679,症状,绿色尿
39680,症状,绝经过渡期及绝...
39681,症状,脑软化
39682,症状,齿龈炎
39683,症状,决断困难感
39684,症状,髋外侧肿胀压痛
39685,症状,睡觉流口水
39686,症状,硬腭呈半圆形隆起
39687,症状,排尿障碍
39688,症状,角质化
39689,症状,血清HDL-C...
39690,症状,眼部烧伤感
39691,症状,不真实感
39692,症状,近曲小管受累
39693,症状,尿滤过分数明显下降
39694,症状,心脏功能突然失代偿
39695,症状,右室肥厚
39696,症状,肝豆状核变性
39697,症状,大便成颗粒
39698,症状,肾内动脉变细或阻塞
39699,症状,指甲冻伤
39700,症状,尿液臭味
39701,症状,进行性肌麻痹
39702,症状,言语紊乱
39703,症状,身体“福态”
39704,症状,手背长斑
39705,症状,巨指(趾)
39706,症状,神经性厌食
39707,症状,头皮坏死
39708,症状,血压高
39709,症状,龟头疼
39710,症状,手热
39711,症状,三尖瓣脱垂
39712,症状,肠胀气
39713,症状,酒精性胃黏膜损伤
39714,症状,指甲脱落
39715,症状,听觉过敏
39716,症状,骨溶解
39717,症状,口辣
39718,症状,角弓反张位
39719,症状,肢体发凉
39720,症状,继发感染
39721,症状,阴唇肥大
39722,症状,褪黑色素增多
39723,症状,血管痉挛
39724,症状,眼底改变
39725,症状,眼睑下垂
39726,症状,猥亵行为
39727,症状,精神过敏
39728,症状,瞳孔放大
39729,症状,不排胎便
39730,症状,耳源性眩晕
39731,症状,骨痹
39732,症状,昏睡
39733,症状,下肢外展
39734,症状,腹部凹陷呈舟状
39735,症状,共济失调
39736,症状,气管阻塞
39737,症状,脸上黑斑
39738,症状,上肢麻木
39739,症状,眼睛痒
39740,症状,深部性头痛
39741,症状,盖迎男
39742,症状,剥脱性皮炎
39743,症状,肥胖
39744,症状,胸骨裂
39745,症状,持续性下腹疼痛
39746,症状,心排血量增多
39747,症状,腺性或囊性膀胱炎
39748,症状,胃移位
39749,症状,多指（趾）畸形
39750,症状,尿酸化异常
39751,症状,腋毛变稀少
39752,症状,歪鼻
39753,症状,尿意窘迫
39754,症状,泪膜消失
39755,症状,阴囊下坠
39756,症状,肺容量减小
39757,症状,第二性征改变
39758,症状,癫痫发作
39759,症状,眼睑松弛
39760,症状,涎瘘
39761,症状,神经症性反应
39762,症状,血糖值升高
39763,症状,绝经后子宫内膜增厚
39764,症状,软组织感染
39765,症状,粪内或直肠乙状...
39766,症状,残株型骨折
39767,症状,痰黏稠或脓性可...
39768,症状,手术时伤口不再出血
39769,症状,老年人流泪多
39770,症状,阑尾壁缺血坏死
39771,症状,髋部酸胀不适
39772,症状,食道粘膜水肿充血
39773,症状,小脑畸形
39774,症状,背痛
39775,症状,臀中肌麻痹步态
39776,症状,妊娠时持续性腹...
39777,症状,乙肝e抗体（抗...
39778,症状,等渗尿
39779,症状,会厌炎
39780,症状,牙有伸长感及触痛
39781,症状,唇部发绀
39782,症状,意向性震颤
39783,症状,横结肠下垂
39784,症状,脑动脉痉挛
39785,症状,肢端角化
39786,症状,虎眼征
39787,症状,下腹坠痛
39788,症状,心功能失代偿
39789,症状,体温过低
39790,症状,淋巴发育不全
39791,症状,隐睾
39792,症状,直立性低血压晕厥
39793,症状,下巴长痘
39794,症状,粪类圆线虫病
39795,症状,低烧
39796,症状,偏身萎缩
39797,症状,气管和纵隔移位
39798,症状,角膜有菌苔或溃疡
39799,症状,妙存帅
39800,症状,骨软化症骨盆
39801,症状,酒精性幻觉症
39802,症状,聚合性痤疮
39803,症状,地图样骨缺损
39804,症状,持续性肠绞痛
39805,症状,结节
39806,症状,津亏血燥
39807,症状,拔牙后伤口经久不愈
39808,症状,记忆力障碍
39809,症状,咽部粘膜弥漫充血
39810,症状,失用性综合征
39811,症状,环状肉芽肿
39812,症状,血小板寿命缩短
39813,症状,逆向型房室折返...
39814,症状,癫痫和癫痫样发作
39815,症状,指甲异常
39816,症状,婴儿喂养困难
39817,症状,凹陷瘢痕
39818,症状,颞部疼痛
39819,症状,“鸭步”步态
39820,症状,下肢发凉
39821,症状,尿锰粪锰
39822,症状,颈部粗
39823,症状,阴囊脱皮
39824,症状,湿性体质
39825,症状,鼻粘膜肿胀
39826,症状,血清甲胎蛋白升高
39827,症状,腹痛伴腹泻
39828,症状,胃阳虚
39829,症状,心房游走性节律
39830,症状,血红蛋白尿
39831,症状,半侧面部发育不良
39832,症状,特发性水肿
39833,症状,肌张力过高
39834,症状,晨起时颈背部弥...
39835,症状,耸肩喘息
39836,症状,心肌肥厚
39837,症状,回吸性涕血
39838,症状,腹壁红斑
39839,症状,核上性垂直性眼肌瘫痪
39840,症状,角质增厚
39841,症状,扁桃体发炎
39842,症状,乳头湿疹
39843,症状,局部可摸到肌腹...
39844,症状,SM累积量升高
39845,症状,经前出血
39846,症状,腮腺肿大
39847,症状,骨密度增加
39848,症状,气体弥散功能下降
39849,症状,体型异常
39850,症状,腕枪刺状畸形
39851,症状,指甲出现条纹或斑点
39852,症状,肛管括约肌横断
39853,症状,继发性肥胖
39854,症状,近视散光
39855,症状,儿童性别偏差
39856,症状,Doc
39857,症状,趾远端呈球形
39858,症状,动眼危象
39859,症状,口渴
39860,症状,胰腺纤维化
39861,症状,阴茎勃起不硬
39862,症状,光感性皮肤损害
39863,症状,紫斑
39864,症状,肋骨及胸骨下吸...
39865,症状,颈部强硬
39866,症状,喉头水肿
39867,症状,讷吃
39868,症状,体重减轻
39869,症状,阑尾穿孔
39870,症状,气管纵隔和心脏...
39871,症状,直肠疼痛
39872,症状,咽喉疼痛
39873,症状,牙齿较小呈半透明状
39874,症状,口炎
39875,症状,视近困难
39876,症状,牙齿呈黄色浅灰...
39877,症状,疱疹后神经痛
39878,症状,凸甲
39879,症状,持续性头晕
39880,症状,鳞屑
39881,症状,额叶癫痫的眶额区发作
39882,症状,局部软组织浸润
39883,症状,一过性心尖部收...
39884,症状,脐带过短
39885,症状,小儿发烧后身上起红点
39886,症状,软腭运动不对称
39887,症状,微血栓形成
39888,症状,无力
39889,症状,近视
39890,症状,颈椎关节的根性疼痛
39891,症状,头目晕沉
39892,症状,休克性神经受累
39893,症状,肌肉压痛
39894,症状,食指感觉消失
39895,症状,鼻翼长痘
39896,症状,四肢呈对称性下...
39897,症状,虹膜新生血管与...
39898,症状,岳军
39899,症状,睑内翻
39900,症状,胎心音消失（无...
39901,症状,泪道阻塞
39902,症状,胃肠气胀
39903,症状,动静脉短路现象
39904,症状,食管壁纤维化
39905,症状,自动Babin...
39906,症状,视空间功能受损
39907,症状,自动症
39908,症状,食管溃疡
39909,症状,盆腔脓肿
39910,症状,心包膜发炎
39911,症状,苔黄腻
39912,症状,死胎
39913,症状,肠管变形
39914,症状,下肢无力
39915,症状,多汗症
39916,症状,不规则热
39917,症状,轴性遗忘症
39918,症状,神经伤
39919,症状,并指（趾）畸形
39920,症状,急性肾衰竭
39921,症状,咽部灼热疼痛
39922,症状,儿童头痛
39923,症状,胎盘血液灌注不良
39924,症状,牙列稀疏
39925,症状,耳前庭听觉失衡
39926,症状,折刀现象
39927,症状,闫利霞
39928,症状,指根部疼
39929,症状,脚臭
39930,症状,瘤体牵拉
39931,症状,对红绿颜色分辨不清
39932,症状,慢性盆腔痛
39933,症状,呕吐
39934,症状,行为动作幼稚愚蠢
39935,症状,气血虚弱
39936,症状,断毛癖
39937,症状,眼结膜上出现瘀点
39938,症状,心脏破裂
39939,症状,角膜大小不等的...
39940,症状,绿色弱
39941,症状,肌腱拉伤
39942,症状,耻骨直肠肌痉挛性肥大
39943,症状,进食流泪
39944,症状,新生儿皮肤薄
39945,症状,角膜糜烂
39946,症状,胸部瘙痒
39947,症状,模仿性自动症
39948,症状,新生儿少吃
39949,症状,酒精依赖
39950,症状,灌肠癖
39951,症状,短暂性眩晕
39952,症状,下半身消瘦型
39953,症状,消化不良
39954,症状,主动脉硬化
39955,症状,停止排气
39956,症状,排钾过多
39957,症状,颈后及肩部皮肤发硬
39958,症状,肾盂积水
39959,症状,钙化
39960,症状,不断眨眼
39961,症状,阴虚胃痛
39962,症状,胸膜休克
39963,症状,神经官能症状
39964,症状,鼻窦气压伤
39965,症状,听阈上升
39966,症状,拇指和食指不能...
39967,症状,脉搏细弱甚至不...
39968,症状,黑斑
39969,症状,孕产妇腰痛
39970,症状,盖明文
39971,症状,依赖公式化
39972,症状,外阴干涩
39973,症状,胆管断裂
39974,症状,阴唇融合
39975,症状,胃糜烂
39976,症状,神经质性格
39977,症状,虚火
39978,症状,摇头转颈
39979,症状,钝痛
39980,症状,血浆胆固醇水平高
39981,症状,儿童退缩行为
39982,症状,下背部僵硬和疼痛
39983,症状,幻肢痛
39984,症状,大块肝细胞坏死
39985,症状,甲营养不良
39986,症状,婴儿睡觉不踏实
39987,症状,耳、鼻、软骨变成蓝色
39988,症状,脱肛
39989,症状,膝盖长骨刺
39990,症状,术后急性精神障碍
39991,症状,口唇泛黑
39992,症状,肠套叠
39993,症状,角膜脱落
39994,症状,面、颈部味觉性多汗
39995,症状,佟新竹
39996,症状,囊样斑块
39997,症状,网眼样痴呆
39998,症状,感染性赘生物
39999,症状,鼻腔前部出血
40000,症状,锑性皮炎
40001,症状,回盲瓣功能不全
40002,症状,眼睑肥厚
40003,症状,鼻梁平塌
40004,症状,尾部疼痛而拒坐
40005,症状,胸膜粘连
40006,症状,口舌生疮
40007,症状,额部疼痛
40008,症状,指甲呈筒形
40009,症状,起搏频率增高
40010,症状,肝脂肪变
40011,症状,眼裂细小
40012,症状,浑身酸痛
40013,症状,消化道激惹
40014,症状,岳俊卿
40015,症状,胎盘老化
40016,症状,舌轻度外吐
40017,症状,眼睑畸形
40018,症状,失眠头痛
40019,症状,动脉出血
40020,症状,血虚脱发
40021,症状,胸廓畸形
40022,症状,指纹皱瘪
40023,症状,反复感染
40024,症状,毒物致肝损害
40025,症状,枕部和颈后疼痛
40026,症状,孕早期腹痛
40027,症状,鼻粘膜苍白水肿
40028,症状,寒气重
40029,症状,老来瘦
40030,症状,牙齿拥挤错位排列不齐
40031,症状,口腔粘膜色素沉着
40032,症状,眼球不能随意动
40033,症状,血压为零
40034,症状,前列腺结石
40035,症状,假期综合症
40036,症状,Howship...
40037,症状,阵发性痴笑
40038,症状,下肢血压偏低
40039,症状,乳房或乳头未发育
40040,症状,耳堵
40041,症状,手指或手臂部刺...
40042,症状,肺弥散功能障碍
40043,症状,代谢性低钾
40044,症状,男性化
40045,症状,咽反射
40046,症状,小儿痒疹
40047,症状,骶尾部急性脓肿
40048,症状,臀沟下垂状跛行步态
40049,症状,日轻夜重的瘙痒
40050,症状,四肢震颤
40051,症状,坏疽脓皮
40052,症状,尿酸盐在关节内...
40053,症状,岳加峰
40054,症状,牙齿颜色异常
40055,症状,椎动脉迂曲痉挛
40056,症状,偏身麻木
40057,症状,“E”字征
40058,症状,开放性神经管缺陷
40059,症状,脉缓
40060,症状,经期缩短
40061,症状,睡瘫症
40062,症状,牙龈萎缩
40063,症状,头部震颤
40064,症状,咳出棕色痰栓
40065,症状,脓性分泌物增多
40066,症状,产育过多后腰痛
40067,症状,浮肿
40068,症状,中度吸入性损伤
40069,症状,乳头样增生变化
40070,症状,胸痛
40071,症状,血尿
40072,症状,膀胱排空不全
40073,症状,中度痛
40074,症状,控制能力丧失
40075,症状,声音异常
40076,症状,反复肺不张
40077,症状,性心理不成熟
40078,症状,口唇泛红
40079,症状,鼻尖上翘呈马鞍状
40080,症状,膝关节肿大
40081,症状,持续颅内杂音
40082,症状,发作性睡眠
40083,症状,肾气虚
40084,症状,妊娠后期水肿
40085,症状,面肌及颈肌紧张
40086,症状,产后极度虚弱
40087,症状,肠出血
40088,症状,迷走神经兴奋
40089,症状,角膜色膜环
40090,症状,嗜睡
40091,症状,血管畸形
40092,症状,性欲亢进
40093,症状,失读
40094,症状,定位神经体征
40095,症状,心包纤维增厚
40096,症状,尿道局部肿胀
40097,症状,智能障碍
40098,症状,心包积液
40099,症状,手变短
40100,症状,胆道运动功能障碍
40101,症状,抽风
40102,症状,躁郁样
40103,症状,低温性昏迷
40104,症状,椎前旁软组织肿...
40105,症状,颈椎间盘突出
40106,症状,牙龈痒胀
40107,症状,脚底干裂
40108,症状,耳孔处肿物
40109,症状,骶部可有皮赘，...
40110,症状,牙周袋形成
40111,症状,急性尿潴留
40112,症状,选择性缄默症
40113,症状,书写痉挛
40114,症状,心理老化
40115,症状,食积口臭
40116,症状,脑电波的改变
40117,症状,精索静脉曲张
40118,症状,手下垂时皮肤呈灰蓝色
40119,症状,静止性结石
40120,症状,排水样血性大便
40121,症状,脸颊发灰
40122,症状,鼻腔干燥及结痂
40123,症状,运动或情绪激动...
40124,症状,脾紫癜
40125,症状,乳腺随月经出现胀痛
40126,症状,桶状胸
40127,症状,注意力缺乏多动症
40128,症状,节律性刻板重复...
40129,症状,耳溢液
40130,症状,膝、踝反射减退
40131,症状,尿中磷酸盐排出增多
40132,症状,外眼源性眩晕
40133,症状,鼻黏膜可呈颗粒...
40134,症状,血偏酸
40135,症状,产褥期谵妄状态
40136,症状,外斐氏试验阴性
40137,症状,层状鱼鳞癣
40138,症状,无目的咀嚼舐唇
40139,症状,卵巢囊肿
40140,症状,收缩压下降
40141,症状,不能转颈
40142,症状,低氧血症
40143,症状,脉搏短绌
40144,症状,四肢无力
40145,症状,颈部搏动
40146,症状,足底烧灼感
40147,症状,产后垂体坏死
40148,症状,骨骺提前闭合
40149,症状,胸骨后疼痛
40150,症状,肘部剧烈疼痛，...
40151,症状,血中钙离子过高
40152,症状,肢端凉
40153,症状,重度痛
40154,症状,足癣
40155,症状,胃排空延缓
40156,症状,口腔难愈的白色片状物
40157,症状,维生素B1缺乏
40158,症状,眼结膜黑变
40159,症状,急性房颤
40160,症状,早饱
40161,症状,色汗
40162,症状,粘液性水肿面容
40163,症状,眼外转移
40164,症状,咳嗽伴杵状指
40165,症状,绝汗
40166,症状,耳垂缺损
40167,症状,晚上睡觉出冷汗
40168,症状,异嗜酸癖
40169,症状,多血质
40170,症状,出现喉结
40171,症状,淋巴结充血
40172,症状,肋间隙变窄
40173,症状,眼外肌运动无力
40174,症状,兰红霞
40175,症状,巨痕症
40176,症状,盆腔肿块
40177,症状,脑灰质异常
40178,症状,胸膜增厚粘连
40179,症状,脊神经根受损
40180,症状,弹钢琴指(趾)征
40181,症状,牙齿数目不足
40182,症状,血管神经性水肿
40183,症状,骨无菌性坏死
40184,症状,四肢酸痛无力
40185,症状,闭症
40186,症状,吸收不良综合征
40187,症状,膝关节软弱无力
40188,症状,收缩期震颤
40189,症状,药物性水肿
40190,症状,心率不齐
40191,症状,长期使用皮质类...
40192,症状,胸背痛
40193,症状,头晕目眩
40194,症状,脱水
40195,症状,口及咽部烧灼感
40196,症状,股前外侧麻木、蚁行感
40197,症状,脉速而无力
40198,症状,瞳孔出现黄白色反光
40199,症状,舌苔黄
40200,症状,声带麻痹
40201,症状,下腰部疼痛
40202,症状,产道血肿
40203,症状,内分泌功能减退
40204,症状,代谢性酸中毒
40205,症状,喉咙痛
40206,症状,耳骨外翻
40207,症状,闭目难立征
40208,症状,肾小管酸化功能障碍
40209,症状,反复发作的带状疱疹
40210,症状,手臂发麻
40211,症状,胀感
40212,症状,风盛血燥
40213,症状,阑尾周围脓肿
40214,症状,口眼歪斜
40215,症状,迟强强
40216,症状,肝气郁节
40217,症状,缺乏性的兴趣和...
40218,症状,手的搓丸样动作
40219,症状,掌骨和跖骨短
40220,症状,鼻内似有擤不出的鼻涕
40221,症状,精神创伤
40222,症状,鼻小柱缺损
40223,症状,固定于一侧眼及...
40224,症状,总胆红素高
40225,症状,颈椎生理曲度变直
40226,症状,胆绞痛
40227,症状,思维贫乏
40228,症状,人工流产术后出血
40229,症状,肝肾亏虚
40230,症状,磨牙
40231,症状,两肺弥漫或散在...
40232,症状,颈动脉痛
40233,症状,脊柱骨质改变
40234,症状,膈麻痹
40235,症状,脓痱
40236,症状,龟头出血
40237,症状,小孩频繁眨眼
40238,症状,震颤
40239,症状,牙齿松动和脱落
40240,症状,心音微弱
40241,症状,口腔粘膜有形似...
40242,症状,肋间隙可有压痛
40243,症状,肺动脉楔压（P...
40244,症状,逯长平
40245,症状,灰白大便
40246,症状,肾部积水现象
40247,症状,体癣
40248,症状,遗尿
40249,症状,血管过敏性炎症
40250,症状,脑沟变宽
40251,症状,外貌苍老
40252,症状,言语凌乱
40253,症状,夜间咳嗽
40254,症状,浅感觉减退或缺失
40255,症状,排尿不畅
40256,症状,色素性皮损
40257,症状,胸骨下端压痛
40258,症状,右下腹可触及柔...
40259,症状,四肢肌张力增强
40260,症状,腰背的持续隐痛
40261,症状,胃粘膜脱垂
40262,症状,拥抱反射减弱或消失
40263,症状,虹膜节段性萎缩
40264,症状,颈髓硬膜外病变
40265,症状,外阴萎缩
40266,症状,小儿流口水
40267,症状,外阴下坠感
40268,症状,抬举性搏动
40269,症状,脾气变坏
40270,症状,纵隔淋巴结增生
40271,症状,头颅向上生长呈塔形
40272,症状,肺功能失常
40273,症状,压缩型骨折
40274,症状,消化性溃疡
40275,症状,芤脉
40276,症状,面纹消失
40277,症状,前额及颧骨突出
40278,症状,愉快感缺乏
40279,症状,肝气犯胃
40280,症状,手部功能完全丧失
40281,症状,甲亢危象
40282,症状,肚脐疼
40283,症状,特殊面痣
40284,症状,湿性坏疽
40285,症状,T波低平或倒置
40286,症状,淋巴结节
40287,症状,心肌营养障碍
40288,症状,健康线异常
40289,症状,耳下区的韧实肿块
40290,症状,低血糖性低温症
40291,症状,视乳头水肿
40292,症状,喂食困难
40293,症状,小儿进食易呕吐
40294,症状,舌干苔厚
40295,症状,类偏狂
40296,症状,血精
40297,症状,色觉丧失
40298,症状,脚外侧疼
40299,症状,眉弓凹陷
40300,症状,门脉高压
40301,症状,绝经后出血
40302,症状,腹部血管杂音
40303,症状,赤白带下
40304,症状,日晒斑
40305,症状,持续性弛张热
40306,症状,咳嗽伴呼吸困难
40307,症状,结核中毒
40308,症状,产后全身酸痛
40309,症状,乳汁淤积
40310,症状,妊娠斑
40311,症状,肝内HDAg仅...
40312,症状,鳞状上皮
40313,症状,枕横位入盆
40314,症状,排便频率异常
40315,症状,主动脉和肺动脉影偏小
40316,症状,铅管样强直
40317,症状,大动脉错位
40318,症状,视力障碍
40319,症状,气管受压
40320,症状,掌心凹消失或稍隆起
40321,症状,鼻前庭皮肤红肿疼痛
40322,症状,商艳红
40323,症状,阴道流血过多
40324,症状,闫铁
40325,症状,大量饮酒后突然...
40326,症状,牵涉痛
40327,症状,注意力不集中
40328,症状,胃排空过快
40329,症状,呈泡沫样有腥臭味稀便
40330,症状,肢体增长、增粗过度
40331,症状,颅神经损害
40332,症状,盲点
40333,症状,经期浮肿
40334,症状,尿淀粉酶升高
40335,症状,扁平苔癣
40336,症状,胎盘钙化
40337,症状,脂质沉积症
40338,症状,反复抽搐
40339,症状,角栓
40340,症状,胃石形成
40341,症状,脐带过短或相对过短
40342,症状,夕阳综合征
40343,症状,脐突
40344,症状,产后腰痛
40345,症状,阴茎异常
40346,症状,硬肿症
40347,症状,指节垫
40348,症状,假日心脏综合征
40349,症状,鼻衂
40350,症状,经前综合症
40351,症状,输卵管迂曲
40352,症状,足掌痛
40353,症状,呼吸减慢而不规则
40354,症状,骨软化
40355,症状,胸腹呈矛盾运动
40356,症状,产褥感染
40357,症状,结核杆菌血行播散
40358,症状,特别容易饿
40359,症状,脸颊潮红
40360,症状,烫伤后汗腺受损
40361,症状,肘部的肿胀压痛
40362,症状,胎动频繁
40363,症状,肝病面容
40364,症状,心脏转移
40365,症状,泌尿道狭窄
40366,症状,出生时小头
40367,症状,阴道横隔
40368,症状,两眼下视不能
40369,症状,小便刺痛
40370,症状,直肠重复畸形
40371,症状,腹壁不自主轴动
40372,症状,孕妇胸闷气短
40373,症状,妊娠高血压征
40374,症状,鞘膜积水
40375,症状,食欲减退
40376,症状,行为无计划性
40377,症状,膝关节肿胀积血
40378,症状,挑剔嘴
40379,症状,孕妇气喘
40380,症状,考试综合症
40381,症状,间歇性耳痛
40382,症状,结脉
40383,症状,咳嗽性晕厥
40384,症状,要利琴
40385,症状,外斜A征
40386,症状,浅表性疤痕
40387,症状,胸椎疼痛
40388,症状,四肢瘫痪
40389,症状,慢性面容
40390,症状,腹膜刺激征
40391,症状,指甲呈扁平形
40392,症状,恐水症
40393,症状,被窃或疑病妄想
40394,症状,脾肿大
40395,症状,手腕部米粒大小...
40396,症状,胸口紧绷
40397,症状,盲袋阴道
40398,症状,模仿言语
40399,症状,腱鞘变干
40400,症状,混合型酸碱平衡紊乱
40401,症状,脐尿管残余
40402,症状,鼓膜发红，耳后红肿
40403,症状,热结节
40404,症状,咽部有散在灰白...
40405,症状,猩红热样皮疹
40406,症状,脸色发黑
40407,症状,痢疾样大便
40408,症状,巨舌
40409,症状,角形甲弧影
40410,症状,运动腹痛
40411,症状,前臂短缩
40412,症状,静脉血氧饱和度...
40413,症状,睾丸疼痛
40414,症状,心源性晕厥
40415,症状,退离休综合症
40416,症状,脐部有一半球形肿块
40417,症状,产后脱发
40418,症状,反复舔吮口唇
40419,症状,有排卵性功血
40420,症状,牙痛
40421,症状,足跟的后上方疼...
40422,症状,持续发烧
40423,症状,低蛋白血症
40424,症状,结石
40425,症状,过度换气引起晕厥
40426,症状,血离脉络
40427,症状,肩胛骨酸痛
40428,症状,下腹部包块
40429,症状,心率增快
40430,症状,眼前异常闪光，...
40431,症状,发音改变
40432,症状,性欲减退
40433,症状,剧烈运动后头晕
40434,症状,器质性神经损害
40435,症状,呼吸暂停样现象
40436,症状,排痰无力
40437,症状,胃粘膜损伤
40438,症状,锁骨上的搏动性肿块
40439,症状,经期小腹坠痛
40440,症状,气压伤
40441,症状,趾(指)环状缩窄带
40442,症状,疼痛弧征
40443,症状,原发灶不明的转移灶
40444,症状,眉下垂或位置低
40445,症状,疲劳
40446,症状,隋海燕
40447,症状,胫骨结节处的酸...
40448,症状,眼屎多
40449,症状,镜面舌
40450,症状,血热
40451,症状,自我定向障碍
40452,症状,面部血管纤维瘤
40453,症状,肾前性肾功能不全
40454,症状,表演型人格障碍
40455,症状,肺动脉杂音
40456,症状,尿瘘
40457,症状,肝转移
40458,症状,颅内高压
40459,症状,功能性震颤
40460,症状,排尿异物感
40461,症状,腕管综合征
40462,症状,伴高血压
40463,症状,视觉识别障碍性眩晕
40464,症状,复合性溃疡
40465,症状,鼻咽异物
40466,症状,上唇肥厚
40467,症状,五心烦热
40468,症状,虹膜根部离断
40469,症状,脉数
40470,症状,阵发性肠绞痛
40471,症状,迷恋足部或鞋袜
40472,症状,心肺栓塞
40473,症状,齿痕舌
40474,症状,月经量少
40475,症状,低钾血症
40476,症状,脊髓病变
40477,症状,入睡障碍性失眠
40478,症状,胎动过频
40479,症状,股骨近侧端变宽
40480,症状,前额针刺样痛或烧灼感
40481,症状,躯体性疾病所致...
40482,症状,锁骨上及前斜角...
40483,症状,先天性少白头
40484,症状,频繁呕吐及便秘
40485,症状,脑实质出血
40486,症状,蚊虫刺咬炎症
40487,症状,舌体深裂
40488,症状,炎性细胞浸润
40489,症状,分泌性腹泻
40490,症状,玻璃体内可见球形囊体
40491,症状,情感淡漠
40492,症状,脸上长斑
40493,症状,尿频
40494,症状,肝虚
40495,症状,胸痛伴呼吸困难
40496,症状,乳房肥大
40497,症状,乳白色尿
40498,症状,小腿酸痛
40499,症状,大便粘腻
40500,症状,眼睑脓肿
40501,症状,闫维
40502,症状,肢体栓塞
40503,症状,感觉过敏
40504,症状,骨髓象左移现象
40505,症状,绝经后白带增多
40506,症状,脑白质稀疏
40507,症状,胆汁潴留
40508,症状,脑器质性精神障碍
40509,症状,手指歪斜
40510,症状,甲下出血
40511,症状,喉肌无力
40512,症状,肩胛带和上肢疼痛
40513,症状,背脊痛
40514,症状,镜子征
40515,症状,上臂短于前臂，...
40516,症状,大量皮肤脱屑
40517,症状,打软腿
40518,症状,脑桥小脑角综合征
40519,症状,浮脉
40520,症状,脓毒性血栓
40521,症状,交叉腿
40522,症状,雄激素过少
40523,症状,情志内伤
40524,症状,淋巴结退化
40525,症状,心排血量减少
40526,症状,胆囊积水
40527,症状,病理性赌博
40528,症状,血痂
40529,症状,睑结膜泪阜区灰...
40530,症状,颤抖
40531,症状,指甲呈现青紫色
40532,症状,赫晓
40533,症状,咳嗽痰多
40534,症状,眼皮跳
40535,症状,失水
40536,症状,肌纤维大小不等
40537,症状,心绞痛
40538,症状,持续低烧
40539,症状,颅面骨畸形
40540,症状,大阴唇或肛门大...
40541,症状,脐血
40542,症状,眶上裂综合征
40543,症状,耳垂里有硬疙瘩
40544,症状,潜在中毒
40545,症状,脉络膜凹陷
40546,症状,肠道吸收水分增加
40547,症状,口酸
40548,症状,鼻翼扇动
40549,症状,窒息
40550,症状,烧伤后脉搏增速
40551,症状,新生儿打嗝
40552,症状,腋下淋巴肿大
40553,症状,啰音
40554,症状,肠鸣音亢进
40555,症状,骶髂部剧烈疼痛
40556,症状,咳出带臭味的干痂
40557,症状,乳头瘙痒
40558,症状,腹肌肌肉抽搐
40559,症状,读小字和辨色困难
40560,症状,吞咽干食物时胸...
40561,症状,鼻分泌物增多
40562,症状,肺泡破裂
40563,症状,运动性失语
40564,症状,小儿曳足而行
40565,症状,阴茎样尿道
40566,症状,指甲呈现黑色
40567,症状,心瓣膜病变
40568,症状,考试焦虑
40569,症状,排尿过程中发生晕厥
40570,症状,抗Jo-1抗体阳性
40571,症状,筋膜疼痛
40572,症状,致死性上呼吸道出血
40573,症状,乳晕发黑
40574,症状,鼻臭症
40575,症状,发热伴尿频、尿...
40576,症状,婴儿含吮时乳头...
40577,症状,营养障碍
40578,症状,口腔溃疡
40579,症状,触觉失调
40580,症状,头盆不称
40581,症状,尿流呈波动状
40582,症状,药疹
40583,症状,肩节后脱位
40584,症状,睾丸萎缩
40585,症状,色素斑
40586,症状,神经失用
40587,症状,风寒湿痹
40588,症状,指甲呈半圆形
40589,症状,晕厥
40590,症状,拇指仅存软组织...
40591,症状,放射性疼痛
40592,症状,脑膜增厚
40593,症状,肾小球硬化
40594,症状,醉汉步态
40595,症状,深侧鼻塞
40596,症状,心肾阳虚
40597,症状,内向性思维
40598,症状,不良建筑综合征
40599,症状,排卵期头晕
40600,症状,膝后疼痛
40601,症状,泪腺汗腺及涎腺...
40602,症状,弱脉
40603,症状,逆行性细菌感染
40604,症状,身体变形障碍
40605,症状,鼻衄
40606,症状,斜视性弱视
40607,症状,腹壁静脉怒张
40608,症状,口唇皲裂
40609,症状,四肢发冷
40610,症状,收缩早期喀喇音
40611,症状,肠淤滞
40612,症状,四肢电击感
40613,症状,禚炬
40614,症状,XA-现象
40615,症状,对听、视、触觉...
40616,症状,龟头潮红
40617,症状,产道裂伤
40618,症状,牙龈肿胀
40619,症状,孕妇腿抽筋
40620,症状,血管迷走性晕厥
40621,症状,XYW
40622,症状,乳汁郁结
40623,症状,肌肉疼痛
40624,症状,右上腹持续性剧...
40625,症状,颅内头痛
40626,症状,自主神经反射
40627,症状,自发性骨折
40628,症状,帅冬怡
40629,症状,南康立
40630,症状,脉氧合不足
40631,症状,血管性痴呆
40632,症状,脉沉缓或沉细
40633,症状,头枕部慢性疼痛
40634,症状,血糖升高
40635,症状,尿道流出分泌物
40636,症状,弥漫性下腰痛
40637,症状,鼻孔外露
40638,症状,大写症
40639,症状,淋巴阻塞
40640,症状,坏疽
40641,症状,大便色深
40642,症状,龟头珍珠疹
40643,症状,烦躁不安
40644,症状,肾上腺危象
40645,症状,梳头或洗头时头...
40646,症状,脑脓肿
40647,症状,普秃
40648,症状,健忘性失语
40649,症状,内毒素血症
40650,症状,入睡幻觉
40651,症状,尾骶部疼痛
40652,症状,食指和中指僵硬痛麻
40653,症状,大脑发育障碍
40654,症状,胼胝体发育不良
40655,症状,光过敏
40656,症状,立毛反射亢进
40657,症状,呈红色条索，游...
40658,症状,限局性巩膜膨隆肿物
40659,症状,弱视眼的拥挤现象
40660,症状,心脏畸形
40661,症状,乳房胀痛
40662,症状,结缔组织性外痔
40663,症状,咯血伴黄疸
40664,症状,钩蚴性皮炎
40665,症状,小便恐惧
40666,症状,面部一侧出汗另...
40667,症状,龟头异味
40668,症状,小支气管平滑肌挛缩
40669,症状,酒精中毒性幻觉症
40670,症状,肝肾阳虚
40671,症状,胆囊结石
40672,症状,耳后淋巴结肿大
40673,症状,胸窝疼痛
40674,症状,桡骨茎突部局限性疼痛
40675,症状,乳糜胸
40676,症状,呼吸音粗糙
40677,症状,内斜V征
40678,症状,足背部肿胀
40679,症状,毓卓
40680,症状,妊娠期间甲亢
40681,症状,顽固性高血压
40682,症状,类戒断反应
40683,症状,颅内压增高
40684,症状,指甲夹伤
40685,症状,目赤
40686,症状,肠麻痹
40687,症状,结肠憩室
40688,症状,构音不清
40689,症状,恶露
40690,症状,扁脸
40691,症状,尿中有较多尿卟啉
40692,症状,食管蠕动功能减弱
40693,症状,食管重复
40694,症状,颈肩疲劳和软组织疼痛
40695,症状,大腿刺痛
40696,症状,糖激素依赖
40697,症状,腹部有局部或广...
40698,症状,骨骼表面向外突出
40699,症状,小腿溃疡
40700,症状,出生后“四凹征”
40701,症状,脾胃不和
40702,症状,阴囊上有白色小疙瘩
40703,症状,疤痕奇痒
40704,症状,嘴唇干裂
40705,症状,味觉异常
40706,症状,化学性皮肤灼伤
40707,症状,产后血晕
40708,症状,腹腔出血
40709,症状,额叶癫痫的前额...
40710,症状,掌跖发红
40711,症状,手、足部厚壁水疱
40712,症状,气道陷闭
40713,症状,碱性磷酸酶增高
40714,症状,先兆子宫破裂
40715,症状,颈软不能抬头
40716,症状,肌肉砸伤
40717,症状,瞳孔变形
40718,症状,囊肿
40719,症状,下腹剧痛并渐向...
40720,症状,血清睾酮浓度低下
40721,症状,犬吠样咳嗽
40722,症状,指甲干瘪
40723,症状,胃黏膜充血水肿
40724,症状,食欲异常
40725,症状,两侧颊部及颞部凹入
40726,症状,串珠肋
40727,症状,睡后手指出现麻...
40728,症状,小儿湿疹
40729,症状,食管恶性病变
40730,症状,弥漫性脐周疼痛
40731,症状,肢端发绀
40732,症状,上肢周围性瘫痪
40733,症状,诉讼狂
40734,症状,磨牙后垫红肿
40735,症状,性受虐癖
40736,症状,食道病变
40737,症状,耳内流脓
40738,症状,有机磷中毒
40739,症状,腹部逐渐胀大
40740,症状,慢性腰痛伴下肢麻痛
40741,症状,累及整个腹腔的腹膜炎
40742,症状,颌下腺疼痛、压痛
40743,症状,克汀病面容
40744,症状,结膜变浅或变苍白
40745,症状,肝糖异生增加
40746,症状,产前征兆
40747,症状,心源性呼吸困难
40748,症状,肝细胞内脂肪堆积过多
40749,症状,腕关节结节样的突起
40750,症状,腰骶部酸痛
40751,症状,持物不稳
40752,症状,肘关节不能屈曲
40753,症状,鼻窦压痛
40754,症状,腕关节囊状的突起
40755,症状,肢体短缩畸形
40756,症状,腭部穿孔
40757,症状,耳轮发育不全
40758,症状,口腔唇系带粗大
40759,症状,鲜红色乳头状赘...
40760,症状,静脉曲张性外痔
40761,症状,发热伴出血
40762,症状,肠壁水肿增厚
40763,症状,腹膜炎
40764,症状,精神活性物质所...
40765,症状,男性小腹痛
40766,症状,升主动脉根部环状缩窄
40767,症状,骨质磨损有骨赘增生
40768,症状,躁狂与昏睡交替
40769,症状,多梦
40770,症状,腹部不适
40771,症状,眼球不同轴
40772,症状,妊娠毒血症
40773,症状,进食困难
40774,症状,晕动症
40775,症状,完全流产
40776,症状,活动后气促
40777,症状,扁平型骨盆
40778,症状,面部长癣
40779,症状,排便困难
40780,症状,阵发性夜间呼吸困难
40781,症状,消化道憩室
40782,症状,先天性X因子缺乏
40783,症状,胳膊疼痛
40784,症状,细菌感染
40785,症状,肺泡炎症
40786,症状,月经周期改变
40787,症状,毒品依赖
40788,症状,膈肌缺损
40789,症状,内分泌功能亢进
40790,症状,无法引出moro反应
40791,症状,子宫下垂
40792,症状,胸膜摩擦音
40793,症状,刷牙时恶心
40794,症状,眼皮下垂
40795,症状,面部斑点
40796,症状,纵隔浊音界扩大
40797,症状,硬下疳
40798,症状,晕眩
40799,症状,心理年龄小于生理年龄
40800,症状,股二头肌损伤
40801,症状,糖尿病足部病变
40802,症状,胫骨粗隆肿胀
40803,症状,肩胛骨突出
40804,症状,神经束损伤断裂
40805,症状,桥脑出血
40806,症状,热痰口臭
40807,症状,溃疡穿孔或出血
40808,症状,外周血管减少
40809,症状,血液呈现浓缩
40810,症状,食物返流至鼻腔
40811,症状,腹泻与便秘交替
40812,症状,骨内损害
40813,症状,嗳腐
40814,症状,反复感冒
40815,症状,舌头出血
40816,症状,脑实质深部出血
40817,症状,额叶癫痫的“击...
40818,症状,门体侧支循环
40819,症状,前臂及手部肌群...
40820,症状,蛋氨酸吸收不良综合征
40821,症状,肾上腺增生
40822,症状,血压偏低
40823,症状,疣状增殖
40824,症状,外踝前下方肿胀和疼痛
40825,症状,频繁遗精
40826,症状,黏膜稍苍白
40827,症状,肛门剧痛
40828,症状,输尿管囊肿
40829,症状,营养师
40830,症状,婴儿脊柱侧凸
40831,症状,无月经来潮
40832,症状,瞳孔异常
40833,症状,腿脚浮肿
40834,症状,基底节出血
40835,症状,心脑血管意外
40836,症状,对光反射迟钝
40837,症状,面部皮肤有结节状增生
40838,症状,咯血伴发热
40839,症状,增殖腺肥大
40840,症状,下肢皮肤营养性改变
40841,症状,前庭性共济失调
40842,症状,尿滴白
40843,症状,四肢畸形
40844,症状,距骨坏死
40845,症状,浑身忽冷忽热
40846,症状,偏身肌张力障碍
40847,症状,牙龈肿痛
40848,症状,青少年白发
40849,症状,反射性呕吐
40850,症状,腰部的不稳交锁现象
40851,症状,难治性贫血
40852,症状,踝关节疼痛
40853,症状,右心功能不全
40854,症状,持续性剧烈的肩痛
40855,症状,青春危险期
40856,症状,头痛
40857,症状,髓性纤维化
40858,症状,肝叶萎缩
40859,症状,膝盖撞伤
40860,症状,射精疼
40861,症状,视盘倾斜
40862,症状,男型骨盆
40863,症状,咬嘴唇或舌
40864,症状,腕关节扭挫伤
40865,症状,胸壁塌陷
40866,症状,思维中断
40867,症状,大便黑色粘稠
40868,症状,胸锁乳突肌肿大
40869,症状,指甲特大有纵纹...
40870,症状,血胸
40871,症状,尿道瓣
40872,症状,眼睑部有明显的...
40873,症状,褐青斑
40874,症状,上腔静脉回流受阻
40875,症状,烧伤创面淡黄色...
40876,症状,风丘疹
40877,症状,肘关节伸直位内...
40878,症状,耳顶线以下至发...
40879,症状,类人猿型骨盆
40880,症状,维生素D缺乏
40881,症状,嗳气
40882,症状,乳房硬化
40883,症状,耳前庭功能受损
40884,症状,内脏性肥胖
40885,症状,手足脱皮
40886,症状,声带萎缩
40887,症状,湿罗音
40888,症状,异常子宫出血
40889,症状,呈肾上腺素能依赖性
40890,症状,吸气时出现连枷胸
40891,症状,休克
40892,症状,卵泡黄素化
40893,症状,反胃
40894,症状,跖部纤维痛
40895,症状,回经
40896,症状,喉结痛
40897,症状,手脚发麻
40898,症状,肌无力危象
40899,症状,创伤性宫腔粘连
40900,症状,上行性皮肤麻木
40901,症状,自恋
40902,症状,耳屎多
40903,症状,锥虫性“下疳”
40904,症状,上额窦囊肿
40905,症状,阴毛脱落
40906,症状,胃窦狭窄
40907,症状,乳头肌断裂
40908,症状,闭经-乳溢-不...
40909,症状,瘤体坚硬
40910,症状,下腹局部疼痛
40911,症状,足背及胫后动脉...
40912,症状,弯腰时腰痛
40913,症状,风湿性血管炎
40914,症状,少儿脊柱侧凸
40915,症状,腹部皮肤梅干样皱纹
40916,症状,内脏梗阻
40917,症状,迫害妄想
40918,症状,寂静腹
40919,症状,乙肝e抗原（H...
40920,症状,鼻裂
40921,症状,酸烧伤
40922,症状,咽喉及口内刺痒
40923,症状,婴儿需要较大量...
40924,症状,胫骨干骨不连
40925,症状,产后头痛
40926,症状,氮负平衡
40927,症状,掌趾皮肤黄色角化物
40928,症状,牙齿神经痛
40929,症状,频吐白沫
40930,症状,分裂型人格障碍
40931,症状,酮尿
40932,症状,非依赖性物质所...
40933,症状,意识障碍
40934,症状,儿童胸廓变形
40935,症状,食欲缺乏
40936,症状,口唇麻木
40937,症状,移行病变
40938,症状,闫肇良
40939,症状,进行性痴呆
40940,症状,以头昏为主的眩晕
40941,症状,出血倾向
40942,症状,顽固性呃逆
40943,症状,心血管造影见双球征
40944,症状,继发性视神经萎缩
40945,症状,胆囊收缩功能不良
40946,症状,直肠肛门内胀痛不适
40947,症状,颈部可前屈，怕仰伸
40948,症状,前列腺缩小变硬
40949,症状,剧烈眩晕，站立不稳
40950,症状,腰骶部皮肤多毛...
40951,症状,腭舌咽呼吸肌呈...
40952,症状,凝血因子功能的障碍
40953,症状,视力下降
40954,症状,声调似小孩
40955,症状,骨刺形成
40956,症状,药物中毒
40957,症状,汞毒性震颤
40958,症状,眼白过白
40959,症状,蛔虫性肠梗阻
40960,症状,肩背部沉重感
40961,症状,子宫内膜脱落
40962,症状,语音震颤增强
40963,症状,阴囊坠胀痛
40964,症状,微循环障碍
40965,症状,完全性遗忘症
40966,症状,颧面部塌陷
40967,症状,心脏停搏
40968,症状,肠鸣音消失
40969,症状,中指不明原因痛
40970,症状,手套或短袜子式...
40971,症状,角膜上皮糜烂
40972,症状,胎粪污染
40973,症状,咯血伴有皮肤粘膜出血
40974,症状,结节性硬化
40975,症状,继发性闭经
40976,症状,喉结增大
40977,症状,阴部溃疡
40978,症状,四肢苔藓样变
40979,症状,骨髓抑制
40980,症状,脂肪浸润
40981,症状,臀中肌损伤
40982,症状,胚胎发育供血不足
40983,症状,桡骨头发育不良
40984,症状,中心性钙化
40985,症状,腕下垂
40986,症状,睑裂狭小
40987,症状,虹膜蓝色
40988,症状,“淡漠型”甲亢
40989,症状,胎心率异常
40990,症状,勃起时间短
40991,症状,多尿
40992,症状,小儿遗尿
40993,症状,闫丽
40994,症状,腹痛伴恶心、呕吐
40995,症状,肝被膜紧张
40996,症状,顺行性遗忘
40997,症状,乳头状肿物
40998,症状,上半身代偿性多汗症
40999,症状,脾肾阳虚
41000,症状,震水音
41001,症状,面部白斑
41002,症状,心脏扩大
41003,症状,中心暗点或弓形暗点
41004,症状,梦幻觉
41005,症状,无菌性赘生物
41006,症状,用药过程中出现...
41007,症状,先天性腹壁发育不全
41008,症状,青少年膝痛
41009,症状,睡行症
41010,症状,木僵
41011,症状,酩酊感
41012,症状,不典型增生
41013,症状,莦锵新
41014,症状,产褥期躁狂状态
41015,症状,肝郁气滞
41016,症状,椎间隙变化
41017,症状,青年白内障
41018,症状,足底凸起
41019,症状,产褥期幻觉妄想状态
41020,症状,脉搏快而弱
41021,症状,颈性头痛
41022,症状,口有溴味及咸味
41023,症状,酒精中毒性偏执状态
41024,症状,判断力和定向力障碍
41025,症状,经期肿胀
41026,症状,糖耐量降低
41027,症状,手部急性化脓性感染
41028,症状,精囊缩小
41029,症状,髂骨角增大
41030,症状,甲状软骨下可触...
41031,症状,大便习惯改变
41032,症状,气息异常
41033,症状,粘液腺体肥大
41034,症状,胃重复畸形
41035,症状,猝死
41036,症状,输尿管间脊肥大
41037,症状,指甲厚脆且多裂纹
41038,症状,吸气困难
41039,症状,病理性近视
41040,症状,清晨或上午头痛
41041,症状,腿前内侧出现感觉异常
41042,症状,新生儿心力衰竭
41043,症状,指甲细长
41044,症状,醒后不解乏
41045,症状,夸大狂
41046,症状,烂眼边
41047,症状,露出骨头的骨折
41048,症状,软腭浅表溃疡
41049,症状,戒断反应
41050,症状,浅静脉有一发红...
41051,症状,反应迟钝
41052,症状,眶静脉回流障碍
41053,症状,丛伊可
41054,症状,酒精性心肌
41055,症状,子宫硬如板状
41056,症状,腹痛伴便血
41057,症状,畏光
41058,症状,股神经损害
41059,症状,气短
41060,症状,牙龈上发生黑线
41061,症状,蔷薇疹样皮疹
41062,症状,婴儿痉挛症
41063,症状,肾小球基底膜蛾噬现象
41064,症状,一过性全面性遗忘
41065,症状,小儿腿抽筋
41066,症状,鼻甲萎缩
41067,症状,输卵管肿块
41068,症状,腓肠肌拉伤
41069,症状,小儿尿色发蓝
41070,症状,胎盘母体面上有...
41071,症状,胃肠扩张与脱肛
41072,症状,胎儿肾盂分离
41073,症状,顽固性口腔溃疡
41074,症状,夜尿增多
41075,症状,匙状指（趾）
41076,症状,控制不住的联想
41077,症状,阻塞性黄疸
41078,症状,耳鸣
41079,症状,食管梗阻
41080,症状,病理性发笑和哭喊
41081,症状,瘀斑性环
41082,症状,手指撞伤
41083,症状,胸腰椎损伤
41084,症状,嗅觉丧失
41085,症状,肾浓缩功能障碍
41086,症状,凝视征
41087,症状,腰背部有皮毛窦
41088,症状,意志丧失性格
41089,症状,舌痛
41090,症状,乳晕深部可扪及肿块
41091,症状,舌裂
41092,症状,噎痛感
41093,症状,饥饿时上腹痛
41094,症状,鼻黏膜溃疡
41095,症状,胚胎发育慢
41096,症状,指、趾甲显现苍...
41097,症状,咬痛
41098,症状,瞳孔中能见到白色反光
41099,症状,第3腰椎横突的...
41100,症状,肌肉挫伤
41101,症状,跖纹
41102,症状,恶病性痤疮
41103,症状,化脓结痂
41104,症状,身体的低垂部位水肿
41105,症状,口角生疮
41106,症状,胎膜早破
41107,症状,血睾酮降低
41108,症状,挤压伤
41109,症状,结肠血管发育不良
41110,症状,产后腹痛
41111,症状,一侧腰腹突发“...
41112,症状,阴茎短
41113,症状,口苦
41114,症状,舌体大且表面有沟纹
41115,症状,绿视
41116,症状,尿失禁
41117,症状,儿童尿床
41118,症状,心脏僵硬
41119,症状,肺泡灌洗液可见...
41120,症状,血小板聚集增强
41121,症状,缺乏自控能力
41122,症状,胆囊触痛征
41123,症状,脑疝危象
41124,症状,耳聋
41125,症状,中指半月甲呈粉红色
41126,症状,药物依赖
41127,症状,拇指征
41128,症状,尿中组织胺排泄增加
41129,症状,气急
41130,症状,神经肌肉症状
41131,症状,餐后血糖高
41132,症状,腿外侧质软半球形包块
41133,症状,不能伸展拇指
41134,症状,恶病质面容
41135,症状,婴儿肋骨外翻
41136,症状,囊性肿块
41137,症状,外耳道疼痛
41138,症状,肌肉的失用性萎缩
41139,症状,脂肪泻
41140,症状,倒地笑
41141,症状,阵发性狂笑
41142,症状,肛乳头肥大
41143,症状,稽留热
41144,症状,肛门或肛管窄小
41145,症状,病理性赘述
41146,症状,肝功能异常
41147,症状,颅骨连续性中断
41148,症状,钩骨附近的压痛
41149,症状,冠状动脉栓塞
41150,症状,脐周腹壁缺损
41151,症状,脑痉挛
41152,症状,两手颤抖
41153,症状,妊高征
41154,症状,前臂外侧和手指...
41155,症状,头昏眼花
41156,症状,剧痒
41157,症状,畏热
41158,症状,听不懂别人及自...
41159,症状,胰岛细胞破坏
41160,症状,病理性神经损伤
41161,症状,肢体或躯干姿势异常
41162,症状,噩梦
41163,症状,阴道裂伤
41164,症状,身体下部短于上部
41165,症状,硬斑
41166,症状,对生活丧失兴趣
41167,症状,不全流产
41168,症状,小儿双下肢蜷曲
41169,症状,肾上腺中毒
41170,症状,前列腺快感
41171,症状,嗜盐
41172,症状,脚冻伤
41173,症状,阴毛早发育
41174,症状,肛门疼痛
41175,症状,两肺满布粟粒状阴影
41176,症状,扳机指的弹响
41177,症状,八字脚步态
41178,症状,痛阈降低
41179,症状,新生儿两眼上翻凝视
41180,症状,分离性身份障碍
41181,症状,男性不育
41182,症状,肛门湿疹瘙痒
41183,症状,长骨粗大
41184,症状,口痛
41185,症状,妊娠时出现的多毛
41186,症状,肝大
41187,症状,尿钠排出量极低
41188,症状,愚型样睑裂歪曲
41189,症状,带状疱疹样外观
41190,症状,扁桃体小或缺如
41191,症状,绝经年龄过迟
41192,症状,颅底畸形
41193,症状,神经痛
41194,症状,两眼上视障碍
41195,症状,真性菌尿
41196,症状,细胞感染增大
41197,症状,胸痛伴冷汗
41198,症状,尿道分泌粘液或...
41199,症状,肾间质水肿
41200,症状,脉压小
41201,症状,眼晶体前房棕色光反射
41202,症状,硬脊膜膨出
41203,症状,鼻旁窦发育不良
41204,症状,乳头肥大
41205,症状,女性腰痛
41206,症状,打嗝
41207,症状,维生素D中毒
41208,症状,无名指不明原因疼痛
41209,症状,面颊明显内陷
41210,症状,湿气重
41211,症状,胃容纳性减弱
41212,症状,胸水
41213,症状,抬肩以助呼吸
41214,症状,输尿管疼痛
41215,症状,过强反向性鼻炎
41216,症状,病理性听觉适应
41217,症状,腿脚抽筋
41218,症状,流鼻涕
41219,症状,骨皮质变薄
41220,症状,头颈部活动受限
41221,症状,胸膜转移
41222,症状,雾视
41223,症状,肩周区弥散的钝...
41224,症状,子宫性闭经
41225,症状,腰酸背痛
41226,症状,唇干裂
41227,症状,肛管息肉
41228,症状,泌尿道阻塞
41229,症状,四肢麻木
41230,症状,酒精过敏
41231,症状,坏死性筋膜炎
41232,症状,粉碎性骨折
41233,症状,外阴瘙痒
41234,症状,胸腔积液
41235,症状,卵泡囊肿
41236,症状,假结核结节
41237,症状,肾上腺皮质功能亢进
41238,症状,子宫附件肿块
41239,症状,面肌强直
41240,症状,头昏脑胀四肢无力
41241,症状,咽喉干燥及灼热感
41242,症状,低钙血症
41243,症状,鼻前庭囊肿
41244,症状,阴茎疼痛
41245,症状,颧骨额骨下陷
41246,症状,碰撞后皮肤容易青紫
41247,症状,足趾皮肤发黑
41248,症状,腰大肌阴影消失
41249,症状,老人行动迟缓
41250,症状,胸壁浸润
41251,症状,免疫性肾炎
41252,症状,面部脱皮
41253,症状,急性呼吸窘迫综合征
41254,症状,胸腹壁浅在条索...
41255,症状,肝内管梗阻
41256,症状,静脉回流障碍
41257,症状,突发、无痛的局部水肿
41258,症状,大角膜
41259,症状,胸廓异常
41260,症状,虹膜发炎
41261,症状,手臂肌肉萎缩
41262,症状,耳廓腹侧面局限性囊肿
41263,症状,踝阵挛
41264,症状,骨转移
41265,症状,外伤性遗忘症
41266,症状,肾损害
41267,症状,饮酒性面红
41268,症状,肺动静脉瘘
41269,症状,新生儿期癫痫持续状态
41270,症状,鼻翼两侧脱皮
41271,症状,心悸伴高血压
41272,症状,免疫功能障碍
41273,症状,脊椎僵直
41274,症状,结肠梗阻
41275,症状,腰痛卧床加重
41276,症状,行为及情绪异常
41277,症状,接触性出血
41278,症状,感觉倒错
41279,症状,心力贮备减少
41280,症状,神志淡漠
41281,症状,小支气管粘膜水肿
41282,症状,小腿下部色素沉...
41283,症状,脓尿
41284,症状,中毒性巨结肠
41285,症状,乳头发炎
41286,症状,呼吸异常
41287,症状,喉咙溃疡
41288,症状,促脉
41289,症状,尺动脉或桡动脉...
41290,症状,血液粘度增高
41291,症状,员如玲
41292,症状,新生儿便秘
41293,症状,舌炎
41294,症状,鼻粘膜溃疡
41295,症状,气管移位
41296,症状,凝血障碍
41297,症状,鼻毛变白
41298,症状,女性性早熟
41299,症状,挖鼻孔
41300,症状,大便呈青黑色
41301,症状,蜕膜反应
41302,症状,少尿
41303,症状,脊柱弯曲
41304,症状,急性面容
41305,症状,视网膜水肿
41306,症状,鼻前庭部发痒
41307,症状,手震颤
41308,症状,背部有隐约麻痛不适
41309,症状,阿司匹林过敏
41310,症状,睾丸静脉曲张
41311,症状,视野缺损
41312,症状,肝阴虚
41313,症状,发作性眩晕
41314,症状,上腹部包块
41315,症状,疥疮
41316,症状,下肢水肿
41317,症状,不良睡眠卫生
41318,症状,血道播散
41319,症状,脉率增快
41320,症状,生殖泌尿道危象
41321,症状,小腿水肿
41322,症状,腠理不固
41323,症状,兔唇
41324,症状,梦游症
41325,症状,肢体远端出现腕垂踝垂
41326,症状,寒冷刺激下皮损...
41327,症状,继发性失眠
41328,症状,股三角区压痛
41329,症状,脑干梗塞
41330,症状,脚趾皮肤黄泡后紫黑
41331,症状,结膜异物
41332,症状,肾性尿崩
41333,症状,心脏左室舒张功能减退
41334,症状,肥胖性水肿
41335,症状,发音障碍
41336,症状,小肠损伤
41337,症状,输尿管痉挛
41338,症状,肝静脉病变
41339,症状,肛内轻微隐痛坠...
41340,症状,手内肌萎缩
41341,症状,抗-HCVAg阳性
41342,症状,脚上血泡
41343,症状,喉鸣声
41344,症状,运动时膝前疼痛加剧
41345,症状,走动性自动症
41346,症状,血栓后综合征
41347,症状,坐骨神经痛
41348,症状,长脉
41349,症状,粪便嵌塞
41350,症状,昼盲
41351,症状,甲状腺结节
41352,症状,输乳管阻塞
41353,症状,体位性震颤
41354,症状,鼻唇沟加深
41355,症状,脐轮红肿
41356,症状,膀胱残余尿量增多
41357,症状,妊娠性黄褐斑
41358,症状,手肌肉萎缩
41359,症状,会阴痒
41360,症状,生理性厌食
41361,症状,睾丸胀痛
41362,症状,行走后小腿肌肉痉挛
41363,症状,异源性ACTH
41364,症状,继发性高血压
41365,症状,异食癖
41366,症状,低血压
41367,症状,吞气
41368,症状,肝肾阴虚
41369,症状,牙疼
41370,症状,器质性木僵
41371,症状,构音不良-手笨...
41372,症状,同向偏盲
41373,症状,死产
41374,症状,身痛
41375,症状,传导性腹痛
41376,症状,股动脉枪击音
41377,症状,糖尿病酮症酸中毒
41378,症状,便稀时经阴道排出
41379,症状,变应性鼻炎
41380,症状,精液发黄
41381,症状,纵隔增宽
41382,症状,神经元移行异常
41383,症状,腹部压痛
41384,症状,咽喉部干燥刺痒
41385,症状,指（趾）麻木
41386,症状,身体摇晃征
41387,症状,一氧化碳中毒
41388,症状,脓胸
41389,症状,食指不明原因疼痛
41390,症状,头晕
41391,症状,X-现象
41392,症状,耳痒
41393,症状,横结肠移位
41394,症状,孤独症
41395,症状,手术后破伤风
41396,症状,肾小管坏死
41397,症状,脑疝
41398,症状,口吐白沫
41399,症状,伸舌偏斜
41400,症状,脸红
41401,症状,表皮全层坏死及...
41402,症状,耳源性破伤风
41403,症状,结肠膨胀
41404,症状,肩背部肌肉痛
41405,症状,运动性忽略症
41406,症状,拇食指捏物功能障碍
41407,症状,心脏主动脉瓣返流
41408,症状,无晶状体眼
41409,症状,气虚体质
41410,症状,精液少
41411,症状,眼压升高
41412,症状,视野向心性缩小
41413,症状,排便时间过长
41414,症状,右心室流出道
41415,症状,异常体位所致的窒息
41416,症状,颈椎退化
41417,症状,面部浮肿
41418,症状,牙脱位
41419,症状,喉管阻塞
41420,症状,乳腺小叶增生
41421,症状,胆囊增大
41422,症状,体循环淤血
41423,症状,口酸伴有口苦烧心
41424,症状,精神运动性活动变坏
41425,症状,舌头溃疡
41426,症状,胸腰驼背
41427,症状,口角肌肉的抽搐
41428,症状,咳声嘶哑
41429,症状,大腿疼痛
41430,症状,产后无乳汁分泌
41431,症状,腕银叉状畸形
41432,症状,足底和足背浮肿
41433,症状,情绪性多汗症
41434,症状,尿中持续性排钠
41435,症状,脾大
41436,症状,男性乳房大
41437,症状,耳后红斑
41438,症状,小儿哭闹不安
41439,症状,尿酸代谢亢进
41440,症状,意识朦胧状态
41441,症状,乙肝表面抗原（...
41442,症状,颈部囊性病变
41443,症状,肠鸣
41444,症状,新生儿低血磷
41445,症状,缺氧缺血性神经损伤
41446,症状,粪便硬结如羊粪状
41447,症状,经期出血
41448,症状,社交恐惧
41449,症状,饮水呛咳
41450,症状,子宫颈变大
41451,症状,舌咬伤
41452,症状,糖代谢紊乱
41453,症状,良性反应性改变
41454,症状,Q-T间期延长
41455,症状,背部长痘
41456,症状,言语增多
41457,症状,栓状齿
41458,症状,妊娠痒疹
41459,症状,上腹部疼痛
41460,症状,低血糖性昏迷
41461,症状,鼻中隔或鼻腔内...
41462,症状,中骨盆狭窄
41463,症状,婴儿黑头粉刺
41464,症状,手指甲周围起皮
41465,症状,缺智齿
41466,症状,心跳加快
41467,症状,新生儿低体温
41468,症状,尿流中断
41469,症状,肌肉肥大
41470,症状,背部痉挛
41471,症状,颌骨错位
41472,症状,颈椎增生
41473,症状,三尖瓣下移
41474,症状,产后月经不再来潮
41475,症状,冬雪峰
41476,症状,肾寒
41477,症状,狂笑
41478,症状,膈下感染
41479,症状,胫前指压性水肿
41480,症状,偏瘫
41481,症状,鼻腔中后部出血
41482,症状,新生儿嗜睡
41483,症状,鼻中隔穿孔
41484,症状,恐惧
41485,症状,妊娠期间小便不通
41486,症状,排卵期腹胀
41487,症状,紧张性头晕
41488,症状,小脑性共济失调
41489,症状,色素异常
41490,症状,头皮屑多
41491,症状,低镁血症
41492,症状,肝气犯脾
41493,症状,赫丽杰
41494,症状,臀部可触及上移...
41495,症状,运动气喘
41496,症状,下肢放射痛
41497,症状,胫骨疼痛
41498,症状,听力缺陷
41499,症状,疤痕体质
41500,症状,剧烈神经根性痛
41501,症状,反射弧中断
41502,症状,中心静脉压偏低
41503,症状,去质状态
41504,症状,阿罗瞳孔
41505,症状,甲状腺过氧化物...
41506,症状,睾丸一大一小
41507,症状,逼尿肌不稳定
41508,症状,子痫症状
41509,症状,粘膜充血
41510,症状,违拗症
41511,症状,口唇和甲床略带青紫
41512,症状,膝关节不能完全伸直
41513,症状,膝内翻
41514,症状,心尖搏动弥散
41515,症状,肛门病变
41516,症状,口淡无味
41517,症状,指(趾)甲脆软萎缩
41518,症状,发绀
41519,症状,创伤性湿肺
41520,症状,反复鼻出血
41521,症状,裂腭
41522,症状,腰膝酸软
41523,症状,眼结膜水肿及角膜溃疡
41524,症状,腹直肌触及边界...
41525,症状,睾丸微小
41526,症状,颌骨呈“扇形”...
41527,症状,小儿疳积
41528,症状,星迹步态
41529,症状,对侧肢体偏瘫
41530,症状,尿隐血
41531,症状,圆形或卵圆形丘...
41532,症状,肾间质纤维化
41533,症状,臀部酸痛
41534,症状,小指单一褶纹
41535,症状,胆囊运动障碍
41536,症状,覃初丹
41537,症状,膝关节间隙弹响和疼痛
41538,症状,紧张性木僵
41539,症状,过早衰老
41540,症状,阴囊水肿
41541,症状,精液稀
41542,症状,无法数清每分钟...
41543,症状,食管下段静脉曲张
41544,症状,上颚疼
41545,症状,重症肌无力
41546,症状,牙釉质腐蚀
41547,症状,肺动脉狭窄
41548,症状,化学性支气管炎
41549,症状,大疱（含脓性液体）
41550,症状,拇指内收畸形
41551,症状,外伤性出血
41552,症状,脑细胞脱水
41553,症状,胃扭转梗阻症状
41554,症状,口鼻周围发绀
41555,症状,手指发绀或坏死
41556,症状,中心暗点以及屈...
41557,症状,子宫移位
41558,症状,叹息样呼吸
41559,症状,外阴压痛
41560,症状,低位腰痛
41561,症状,“多音律”心音
41562,症状,囟门跳动
41563,症状,腹股沟痒
41564,症状,呼吸速率减慢且规则
41565,症状,巨痣症
41566,症状,舌肌麻痹
41567,症状,难治性溃疡
41568,症状,前列腺肥大
41569,症状,淋巴结疼痛
41570,症状,头大畸形
41571,症状,臀沟内似夹着异...
41572,症状,心音遥远
41573,症状,臀部放射痛
41574,症状,阴虚体质
41575,症状,发作性咳嗽
41576,症状,十二指肠狭窄
41577,症状,肺部疼痛
41578,症状,月经时多时少且...
41579,症状,思维奔逸
41580,症状,巨大颅骨缺损
41581,症状,胸壁血管充盈
41582,症状,韧带骨化
41583,症状,卵圆孔闭合不全
41584,症状,阴道不规则出血
41585,症状,革脉
41586,症状,结肠粪性穿孔
41587,症状,励银智
41588,症状,神经纤维过度生长
41589,症状,湿疹
41590,症状,鳞状细胞癌
41591,症状,妊娠晚期或临产...
41592,症状,蓖麻子便中常见...
41593,症状,粘膜增生性炎症
41594,症状,代树芳
41595,症状,耳内闭塞感
41596,症状,耳朵长痘
41597,症状,肾结石
41598,症状,小儿便秘
41599,症状,手与手指胀满感
41600,症状,心房对心室收缩...
41601,症状,大腿外侧痛
41602,症状,杵状指（趾）
41603,症状,指甲营养障碍
41604,症状,大腿毛细血管明显
41605,症状,血液粘滞度增高
41606,症状,大便干燥
41607,症状,尿道的条索状肿块
41608,症状,闫鹏辉
41609,症状,扭转动作
41610,症状,动眼神经麻痹
41611,症状,尿频伴尿急和尿痛
41612,症状,运动后尿血
41613,症状,耳内疼痛
41614,症状,息肉样损害
41615,症状,眼睛刺痛
41616,症状,口唇渗液
41617,症状,黑蒙
41618,症状,重听
41619,症状,呼吸反射调节受损
41620,症状,模糊不定，情绪性面痛
41621,症状,肠易激综合征
41622,症状,眼眶内持续性、...
41623,症状,耳廓擦伤
41624,症状,声门水肿
41625,症状,鼓膜瘢痕化
41626,症状,间歇性跛行
41627,症状,伸臂握手疼痛
41628,症状,器质性弱视
41629,症状,脑膜炎
41630,症状,老年男性乳房无...
41631,症状,运动耐力降低
41632,症状,老人髋部疼痛
41633,症状,毒性表现
41634,症状,动作样壁
41635,症状,甲状腺功能低下
41636,症状,眼白发黄
41637,症状,口唇疱疹
41638,症状,肋间肩胛带疼痛
41639,症状,脾胃虚弱
41640,症状,头皮撕脱伤
41641,症状,认知功能损害
41642,症状,脐带血循环障碍
41643,症状,豆纹动脉闭塞
41644,症状,胃酸缺乏
41645,症状,呼吸气为腐臭味
41646,症状,豆瑞
41647,症状,撤退性出血
41648,症状,鼻甲肥大
41649,症状,指甲嵌入肉
41650,症状,四肢长骨和肌肉...
41651,症状,间歇性失忆
41652,症状,进食过硬的食物...
41653,症状,毒蕈碱样症状
41654,症状,透明隔腔增宽
41655,症状,儿童偏食
41656,症状,弥漫性鼓音
41657,症状,碱烧伤
41658,症状,血栓外痔
41659,症状,脾功能亢进
41660,症状,异常鱼鳞癣
41661,症状,面部麻木
41662,症状,肝脏轻度脂肪变性
41663,症状,韧带断裂
41664,症状,攻击行为
41665,症状,耳后乳突水肿
41666,症状,心包内出血
41667,症状,鼻溢液
41668,症状,手小形方
41669,症状,豆瑞克
41670,症状,阴茎损伤
41671,症状,指甲呈扇形
41672,症状,耳前淋巴结肿大
41673,症状,鼻根部水肿
41674,症状,心动过速
41675,症状,腊肠趾
41676,症状,二羧基氨基酸尿
41677,症状,囊肿壁薄且内含...
41678,症状,玻璃体有血迹
41679,症状,痰有恶臭味
41680,症状,产后胸部下垂
41681,症状,骨裂
41682,症状,说话带鼻音
41683,症状,心境高涨
41684,症状,脑脊液鼻漏
41685,症状,蹒跚步态
41686,症状,无瘙痒，无肝胆...
41687,症状,轻度烧伤
41688,症状,两臂不能上举而成垂肩
41689,症状,肛旁脓肿
41690,症状,产褥期恶露
41691,症状,面部肌肉痉挛
41692,症状,豆菊香
41693,症状,不能眨眼
41694,症状,女性体毛多
41695,症状,肠粘膜有坏死溃疡
41696,症状,β-氨基酸尿
41697,症状,腹部“气串样”肿块
41698,症状,睡觉时心跳加快
41699,症状,不能向尺侧屈腕...
41700,症状,上腹及腰背部有...
41701,症状,头皮触痛
41702,症状,眼发胀、发干
41703,症状,咽部慢性充血
41704,症状,中枢神经抑制药...
41705,症状,难入睡或易惊醒
41706,症状,门体侧支循环的形成
41707,症状,新生儿蛋白尿
41708,症状,颈髓完全性损伤
41709,症状,猩红热面容
41710,症状,风湿性多发性肌痛症
41711,症状,胸腺缺如
41712,症状,腓肠肌痉挛性疼痛
41713,症状,精神依赖性
41714,症状,上肢外展上举困难
41715,症状,营养代谢缺乏
41716,症状,肾小球旁器增生
41717,症状,胰腺外分泌功能不良
41718,症状,慌张步态
41719,症状,脑功能不全
41720,症状,牵涉性头痛
41721,症状,肾异位伴随输尿管异位
41722,症状,心悸伴消瘦、腹泻
41723,症状,角膜瘘
41724,症状,鼻端弥漫性潮红
41725,症状,指甲上起小细粒
41726,症状,溶血性黄疸
41727,症状,消瘦严重者呈”...
41728,症状,粪便中查见虫卵...
41729,症状,心肌耗氧量增加
41730,症状,骨核出现迟，发育小
41731,症状,骨髓造血细胞再生障碍
41732,症状,卧床不起
41733,症状,棘突压痛
41734,症状,紫癜
41735,症状,深昏迷
41736,症状,胸片示肺内孤立结节
41737,症状,涂锐
41738,症状,胃痛
41739,症状,心肌坏死广泛
41740,症状,肌肉出血
41741,症状,脂肪瘤
41742,症状,脑占位性病变
41743,症状,上睑下垂
41744,症状,突眼症
41745,症状,静脉血流滞缓
41746,症状,分离性恍惚状态...
41747,症状,蝶鞍变形
41748,症状,苑玉梅
41749,症状,脐带血流
41750,症状,青春期肥胖
41751,症状,肝病容
41752,症状,凝视麻痹
41753,症状,尿急
41754,症状,低分子蛋白尿
41755,症状,新生儿青紫
41756,症状,脊髓马尾受累
41757,症状,良性假肥大型肌...
41758,症状,闫红梅
41759,症状,过度通气
41760,症状,盆腔下垂感
41761,症状,脊柱前突变直局部叩痛
41762,症状,食物下咽时颈部...
41763,症状,主动脉弓右位
41764,症状,口、眼、生殖器损害
41765,症状,乳腺囊性增生
41766,症状,舌乳头消失
41767,症状,阴道粘连
41768,症状,肝昏迷
41769,症状,痴呆
41770,症状,低血糖症
41771,症状,讲话频率小，不...
41772,症状,心脏压塞征象
41773,症状,膝前疼痛
41774,症状,呼吸气为酒味
41775,症状,不协调性兴奋
41776,症状,心包缩窄
41777,症状,手指冻肿
41778,症状,晶状体皱缩
41779,症状,肛门反射减弱或消失
41780,症状,慢性湿疹样变
41781,症状,失用步态
41782,症状,气机不畅
41783,症状,口腔起泡
41784,症状,脊髓前角病变
41785,症状,肾小管重吸收障碍
41786,症状,小儿爱咬指甲
41787,症状,特禀体质
41788,症状,右下腹痛伴呕吐
41789,症状,医生
41790,症状,前列腺钙化
41791,症状,一过性红斑狼疮样
41792,症状,狭窄骨盆
41793,症状,注视快速运动的...
41794,症状,肾阴阳两虚
41795,症状,轩存旺
41796,症状,病态欣快感
41797,症状,饱食后胸痛
41798,症状,扁桃体肥大
41799,症状,副耳
41800,症状,垂腕
41801,症状,畏寒
41802,症状,腮腺肿胀
41803,症状,突发性右上腹绞痛
41804,症状,眼压突然迅速升高
41805,症状,大转子叩痛
41806,症状,肥大结节纤维组织增生
41807,症状,耳漏
41808,症状,尿血
41809,症状,低血容量休克
41810,症状,岳晗
41811,症状,软骨发育不良与...
41812,症状,下肢红斑结节
41813,症状,耳闷
41814,症状,肠麻痹软瘫
41815,症状,侵蚀性水疱
41816,症状,长段升主动脉发育不全
41817,症状,面下部头痛
41818,症状,胫骨假关节形成
41819,症状,小指半月甲呈粉红色
41820,症状,实脉
41821,症状,电击样剧痛
41822,症状,鼓膜充血
41823,症状,指甲倒刺
41824,症状,侧肋骨痛
41825,症状,心前区隆起
41826,症状,泌尿生殖窦
41827,症状,儿童离别焦虑
41828,症状,下巴关节疼
41829,症状,婴儿睡觉出汗
41830,症状,衰老加快
41831,症状,重度精神发育迟滞
41832,症状,继发性痛经
41833,症状,颈肩痛
41834,症状,舌苔厚腻
41835,症状,膀胱结石
41836,症状,青春前期闭经
41837,症状,肾盂扩张
41838,症状,前房中肿胀的晶...
41839,症状,静脉逗
41840,症状,晕轮效应
41841,症状,面肌萎缩
41842,症状,腹壁外侧包块...
41843,症状,舌骨区有肿胀压痛
41844,症状,胎儿不完全臀先露
41845,症状,直肠与肛门狭窄
41846,症状,急性溶血性尿毒综合征
41847,症状,体肺循环栓塞
41848,症状,胸锁乳突肌附着处压痛
41849,症状,视网膜动脉阻塞
41850,症状,核分裂象增多
41851,症状,腹部“柔韧感”体征
41852,症状,呼气时两颊鼓起和缩唇
41853,症状,颈部不稳感
41854,症状,肚脐痒
41855,症状,智能减退
41856,症状,种宗雷
41857,症状,放屁频频
41858,症状,虚胖
41859,症状,附睾结石
41860,症状,脾阳虚
41861,症状,感觉过度
41862,症状,睑黄瘤
41863,症状,腰部钝痛
41864,症状,肢体不自主震颤
41865,症状,癫痫的失神发作
41866,症状,线状骨折
41867,症状,胸式呼吸
41868,症状,啤酒肚
41869,症状,烧心
41870,症状,颈背部肌肉痉挛
41871,症状,鼻干
41872,症状,大腿内侧痛
41873,症状,行走呈大步态
41874,症状,椎节后缘有骨刺形成
41875,症状,QRS波宽大畸形
41876,症状,丧偶后适应性障碍
41877,症状,月经量多
41878,症状,胃肠道胀气
41879,症状,腹部肿块
41880,症状,尿道口有红斑和水肿
41881,症状,“老练”外貌
41882,症状,腋毛毛干上有微小结节
41883,症状,久不消退的红色皮肤疤
41884,症状,眼裂歪斜
41885,症状,闭孔神经损害
41886,症状,呼吸不规则
41887,症状,末梢神经炎
41888,症状,情绪低落
41889,症状,口角向外的放射性皱纹
41890,症状,保持睡眠障碍性失眠
41891,症状,肌腱断裂
41892,症状,微血管心绞痛
41893,症状,腭部有黑色焦痂
41894,症状,眼神异常
41895,症状,女性性器官反应缺乏
41896,症状,先天性弓形体
41897,症状,视神经萎缩
41898,症状,髌后捻发音
41899,症状,齿轮样强直
41900,症状,臀部疼痛
41901,症状,迎风流泪
41902,症状,Irl
41903,症状,心室肥大
41904,症状,嗜红细胞综合征
41905,症状,虚汗
41906,症状,脐带绕颈
41907,症状,一侧性下腹剧烈疼痛
41908,症状,网络综合症
41909,症状,局部肢体抽动
41910,症状,耳垂长痘
41911,症状,核心抗体（抗H...
41912,症状,烦渴多饮
41913,症状,弥漫性头痛
41914,症状,颈部僵硬
41915,症状,胀痛
41916,症状,手腕骨折
41917,症状,湿脚气
41918,症状,肾区钝痛
41919,症状,转肽酶偏高
41920,症状,儿童偏头痛
41921,症状,晶状体膨胀增大
41922,症状,先天性骨发育不良
41923,症状,盆腔沉重感
41924,症状,脏器变小
41925,症状,角膜知觉减少
41926,症状,肛区为皮肤覆盖
41927,症状,脊髓半切综合征
41928,症状,局限性肌张力障碍
41929,症状,弛张热
41930,症状,癫痫性人格改变
41931,症状,性交疼痛
41932,症状,溃疡
41933,症状,烧伤创面粪臭味分泌物
41934,症状,子宫前位
41935,症状,腹肌严重发育不良
41936,症状,自发性球内出血
41937,症状,腰脊椎疼痛
41938,症状,胁部肿胀
41939,症状,腘窝囊肿
41940,症状,手掌及足趾皮肤...
41941,症状,口中有金属甜味
41942,症状,食指指甲凹陷
41943,症状,院博
41944,症状,食管闭锁
41945,症状,肩部牵涉痛
41946,症状,臂丛神经受累
41947,症状,上睑黄白色小点
41948,症状,不自主运动
41949,症状,扁平足
41950,症状,肢体忽冷忽热，...
41951,症状,膀胱痉挛
41952,症状,非凹陷黏液水肿
41953,症状,顽固性失眠
41954,症状,下腹部钝痛和酸胀感
41955,症状,电击样痛或刺痛的头痛
41956,症状,色觉异常
41957,症状,多发性针尖样瘀点
41958,症状,呼吸气为尿臭味
41959,症状,尿内出现蛋白及管型
41960,症状,上腹弥漫性压痛
41961,症状,亢丽芳
41962,症状,低热
41963,症状,肝区摩擦音
41964,症状,伤口愈合发痒
41965,症状,霉菌感染
41966,症状,色素沉着与色素减退
41967,症状,横膈低平
41968,症状,气管处可听到异...
41969,症状,上肢及面部血管...
41970,症状,组胺性面红
41971,症状,尿道内口呈漏斗样改变
41972,症状,极重度精神发育迟滞
41973,症状,粘液便
41974,症状,腹腔感染
41975,症状,食物过敏
41976,症状,下肢久立时出现...
41977,症状,颈内动脉创伤性血栓
41978,症状,心音低钝
41979,症状,重力休克
41980,症状,手掌硬性水肿
41981,症状,锁合畸形
41982,症状,脊髓压迫
41983,症状,指甲翘起
41984,症状,胎位不正
41985,症状,颈心综合症
41986,症状,肾盏结石
41987,症状,大便色浅
41988,症状,停经
41989,症状,月经不调
41990,症状,血压下降
41991,症状,吐白沫痰
41992,症状,WUJ
41993,症状,酒糟鼻
41994,症状,中上腹持续性疼痛
41995,症状,四肢屈侧出现橘...
41996,症状,对铋盐过敏
41997,症状,骨产道异常
41998,症状,短缩舌
41999,症状,女性第二性征消失
42000,症状,偏头痛
42001,症状,肠粘连
42002,症状,免疫力降低
42003,症状,思维紊乱
42004,症状,四肢远端麻木、...
42005,症状,纵行骨折
42006,症状,额区感觉减退
42007,症状,胃肠道出血
42008,症状,孕妇肚子痒
42009,症状,牙齿萌出异常
42010,症状,长头畸形
42011,症状,帆状胎盘
42012,症状,倾倒综合征
42013,症状,长骨肿胀疼痛
42014,症状,心率过缓
42015,症状,下肢神经性疼痛
42016,症状,呆滞
42017,症状,牙齿黑斑
42018,症状,足畸形
42019,症状,腹泻
42020,症状,植物血凝素的淋...
42021,症状,乳头破碎
42022,症状,脾胃湿热
42023,症状,儿童大便失禁
42024,症状,脂肪痢
42025,症状,异性蛋白反应
42026,症状,幽门瘢痕性狭窄
42027,症状,耳廓放射性痛
42028,症状,岳亚庆
42029,症状,一侧阴囊内逐渐...
42030,症状,饭后心悸
42031,症状,睡眠麻痹
42032,症状,咽部肌肉运动障碍
42033,症状,心室纤颤
42034,症状,巨肠症
42035,症状,齿龈增生
42036,症状,缺血性挛缩
42037,症状,静脉石
42038,症状,足不能跖屈和内翻
42039,症状,纤毛结构缺陷
42040,症状,肝脏病变弥漫
42041,症状,化脓性腮腺炎
42042,症状,牙齿发黄
42043,症状,深黄色或带绿色...
42044,症状,意识改变状态
42045,症状,贪食行为
42046,症状,膝内翻膝外翻或髋内翻
42047,症状,投掷动作(颤搐)
42048,症状,情景性晕厥
42049,症状,角膜上点状暗灰色混浊
42050,症状,肾小球有病理形态改变
42051,症状,产后口渴
42052,症状,粉红色泡沫痰
42053,症状,儿童期过度生长
42054,症状,齿龈肿胀
42055,症状,唾液分泌增多
42056,症状,前囟张力增高
42057,症状,髌后疼痛
42058,症状,阴囊瘙痒
42059,症状,腰臀部广泛性疼...
42060,症状,癫痫伴发的神经症
42061,症状,子宫颈有举痛
42062,症状,心内分流为右向左
42063,症状,钙化灶
42064,症状,垂直性忽略症
42065,症状,岳国斌
42066,症状,尿道结石
42067,症状,面部水肿
42068,症状,上半身热刺激性多汗
42069,症状,肩关节活动受限
42070,症状,溶骨性损害
42071,症状,黏液性水肿
42072,症状,被迫体位
42073,症状,局限性肾坏死
42074,症状,Y-现象和菱形现象
42075,症状,气阴两虚
42076,症状,肝气不足
42077,症状,新生儿绿牙或棕褐色牙
42078,症状,缺碘
42079,症状,缩瞳、眼睑下垂...
42080,症状,鼻粘膜出血
42081,症状,造血功能障碍
42082,症状,蜂窝组织炎
42083,症状,醛固酮分泌增多
42084,症状,肠闭锁
42085,症状,唇皱褶增多畸形
42086,症状,快感缺乏
42087,症状,持续性咳嗽
42088,症状,睫状充血
42089,症状,肢端接连出现苍...
42090,症状,Todd瘫痪（...
42091,症状,上腹部肿块及腹胀
42092,症状,扁桃体充血
42093,症状,锥体束病损
42094,症状,门静脉血流郁滞
42095,症状,昏迷
42096,症状,低血钾
42097,症状,下腹胀痛
42098,症状,低磷血症
42099,症状,产后大便失禁
42100,症状,黏膜白斑
42101,症状,生化妊娠
42102,症状,阔韧带内形成血肿
42103,症状,念珠菌感染
42104,症状,肺血增多
42105,症状,淋巴增生
42106,症状,不典型胸痛
42107,症状,浅眠
42108,症状,稀便
42109,症状,胎盘前置
42110,症状,耳后长包
42111,症状,颅内钙化
42112,症状,青春期后无精液
42113,症状,热痱
42114,症状,思维不连贯
42115,症状,眼底点状或火焰状出血
42116,症状,上颈髓区病变
42117,症状,运动损伤
42118,症状,阵挛-强直型
42119,症状,婴儿出牙延迟
42120,症状,食物误入气道
42121,症状,吐血痰
42122,症状,波动性听力减退
42123,症状,胃酸减少
42124,症状,信息成瘾
42125,症状,精液量多
42126,症状,尿流缓慢
42127,症状,临产后俯屈不良
42128,症状,心脏增大
42129,症状,肝外胆管结石
42130,症状,睡觉时突然抽搐一下
42131,症状,巨输尿管症
42132,症状,足痛
42133,症状,痴呆面容
42134,症状,绿色盲
42135,症状,肌腱扭伤
42136,症状,行走时发生腓肠肌麻木
42137,症状,中枢性耳聋
42138,症状,牙槽突型
42139,症状,急性腹痛
42140,症状,前列腺分泌物含...
42141,症状,脓包
42142,症状,灰白色结节
42143,症状,骶髂关节疼痛
42144,症状,骨软化症
42145,症状,肺部小结节
42146,症状,畏光及流泪
42147,症状,涩脉
42148,症状,足跟痛
42149,症状,遗传性肥胖
42150,症状,蛛网膜腔内囊肿
42151,症状,奔马律心音
42152,症状,死骨
42153,症状,口齿不清
42154,症状,组织液渗出
42155,症状,听力下降
42156,症状,不可克制的饮酒冲动
42157,症状,凹甲
42158,症状,甲状腺肿大
42159,症状,体内水钠潴留
42160,症状,紫绀和血缺氧
42161,症状,黏液便
42162,症状,眼部胀痛
42163,症状,右背部痛
42164,症状,小支气管痉挛
42165,症状,肾脏受累
42166,症状,先天性无虹膜
42167,症状,儿茶酚胺分泌过量
42168,症状,大小便潴留
42169,症状,视物变小
42170,症状,年轻人的眼袋
42171,症状,去首高血压
42172,症状,女阴会阴出现红...
42173,症状,失盐
42174,症状,落枕
42175,症状,原发性痛经
42176,症状,口鼻血性分泌物
42177,症状,女性乳房表浅质...
42178,症状,淀粉样变性
42179,症状,肺动脉瓣区可听...
42180,症状,胫前和足部坚硬...
42181,症状,压力和体位性多汗
42182,症状,溃疡分泌物恶臭
42183,症状,胸膜钙化
42184,症状,牵引性头痛
42185,症状,胰腺功能不足
42186,症状,腹壁广泛性钙质沉着
42187,症状,耳硬化症
42188,症状,右胸痛
42189,症状,打鼾
42190,症状,下唇微痒增大如...
42191,症状,鸟嘴样尖鼻
42192,症状,息子龙
42193,症状,夜盲
42194,症状,胀坠感
42195,症状,瘤块压迫
42196,症状,腿痛
42197,症状,肾结晶
42198,症状,孕妇腹部硬块
42199,症状,排尿时外阴灼热...
42200,症状,趾短小
42201,症状,创伤
42202,症状,潮红潮热
42203,症状,喉咙冒黏液
42204,症状,大三阳
42205,症状,痰中带血丝
42206,症状,以偷窥为快感源...
42207,症状,灼痛
42208,症状,咳嗽反射
42209,症状,青枝骨折
42210,症状,血丝痰
42211,症状,纤维膜包裹
42212,症状,频发房性早搏
42213,症状,颈部潮红
42214,症状,指甲有红色或黑色斑点
42215,症状,小儿面部皮疹
42216,症状,三尖瓣狭窄
42217,症状,进食样自动症
42218,症状,尿泡沫
42219,症状,精神萎靡
42220,症状,冠状动脉供血不足
42221,症状,上肢突然出现肿胀酸痛
42222,症状,阴道黏膜膨胀
42223,症状,恶寒
42224,症状,腹部中线处肿块
42225,症状,溶血
42226,症状,髌前空虚感
42227,症状,螺旋形骨折
42228,症状,喉头发紧
42229,症状,头胀痛
42230,症状,男子性功能障碍
42231,症状,肝缩小
42232,症状,血尿伴排尿不畅
42233,症状,睾丸受浸润
42234,症状,脊髓的浸润
42235,症状,老年性眩晕
42236,症状,肝肿大
42237,症状,听骨畸形
42238,症状,肝细胞索支架塌陷
42239,症状,回声阴影
42240,症状,声音变低
42241,症状,便血且血与粪便混合
42242,症状,下腹疼痛
42243,症状,心悸伴心率异常
42244,症状,足跟蓝黑色或黑色斑点
42245,症状,咽部和喉部危象
42246,症状,血缺氧
42247,症状,阴道入口粘膜撕裂
42248,症状,晒伤
42249,症状,假孕
42250,症状,出汗异常
42251,症状,喉痒咳嗽
42252,症状,外踝呈现凹陷
42253,症状,颈椎变形
42254,症状,肌张力减低
42255,症状,眼白发红
42256,症状,耳郭突出
42257,症状,右侧束支传导阻滞
42258,症状,髋内翻
42259,症状,卵圆窝未闭
42260,症状,软产道裂伤
42261,症状,手酸
42262,症状,均小型狭窄
42263,症状,阴道粘连甚至闭锁
42264,症状,手指小关节痛肿
42265,症状,凉结节
42266,症状,心律失常
42267,症状,局部淋巴结肿大
42268,症状,妊娠期的生理变化
42269,症状,脐窝内有樱红色...
42270,症状,维生素E缺乏
42271,症状,逼尿肌无反射
42272,症状,婴儿脸色发黄
42273,症状,低热消疲
42274,症状,菜花耳
42275,症状,咽喉部充血
42276,症状,现实解体
42277,症状,胃部隐痛
42278,症状,摸空症
42279,症状,痉挛性斜颈
42280,症状,肛腺分泌减少
42281,症状,胸闷憋气
42282,症状,无胡须腋毛和阴毛
42283,症状,指甲与肉分离
42284,症状,镇静、麻醉剂所致昏迷
42285,症状,失音
42286,症状,肝功能不全
42287,症状,气体弥散障碍
42288,症状,脓肿
42289,症状,足部坏疽
42290,症状,眼睑肿胀且呈淡绿色
42291,症状,叹气后舒服
42292,症状,对多脂饮食不能耐受
42293,症状,睫毛掉落
42294,症状,生命体征改变
42295,症状,腕关节向尺侧偏...
42296,症状,静脉血栓
42297,症状,尿道口出现结节...
42298,症状,乳糜尿
42299,症状,肾上腺皮质良性...
42300,症状,尿胆原增加
42301,症状,舞蹈样步态
42302,症状,排尿前后膀胱区痛
42303,症状,永久性秃发
42304,症状,骨赘大量增生
42305,症状,眼睑震颤
42306,症状,搏动性头痛
42307,症状,食量增加
42308,症状,刷牙出血
42309,症状,肝功能衰竭
42310,症状,肾性骨质软化
42311,症状,肌肉发育不良
42312,症状,神经性耳聋
42313,症状,肛门瘙痒
42314,症状,手臂肌肉拉伤
42315,症状,产后肥胖
42316,症状,喜凉怕热
42317,症状,子宫有局限性轻压痛
42318,症状,浅昏迷
42319,症状,胚胎停止发育
42320,症状,脉压差低
42321,症状,头或颈部发胀及跳动感
42322,症状,直肠脱垂
42323,症状,扁桃体上有白点
42324,症状,组织坏死
42325,症状,胃肠道症状
42326,症状,产后便血
42327,症状,心肌顿抑
42328,症状,尿等待
42329,症状,阴道脓性分泌物
42330,症状,肌肉萎缩
42331,症状,口角下垂
42332,症状,蹼状瘢痕
42333,症状,鼻部结核
42334,症状,慈彦华
42335,症状,肠痉挛
42336,症状,粘膜疹
42337,症状,乳晕痒
42338,症状,尿蛋白
42339,症状,排出结石
42340,症状,肌束震颤
42341,症状,感觉性共济失调
42342,症状,晕车
42343,症状,淋巴结结核
42344,症状,尿流变细或中断
42345,症状,宝宝缺乏安全感
42346,症状,肛门夜间奇痒
42347,症状,鼻煽
42348,症状,舌头震颤
42349,症状,穿透性皮肤变性
42350,症状,濡脉
42351,症状,思维破裂
42352,症状,死精子过多
42353,症状,指甲变软或发生变形
42354,症状,牙齿呈棕黑色
42355,症状,胸段或腰段脊髓伤
42356,症状,附睾肿大发硬
42357,症状,心音及脉搏消失
42358,症状,压迫瘘口试验
42359,症状,颈短
42360,症状,大便失禁
42361,症状,烧伤创面甜腥气...
42362,症状,闫敏
42363,症状,右腹痛
42364,症状,推髌抗阻痛
42365,症状,指甲有黄色细点
42366,症状,肺内病变
42367,症状,心窝部隐痛
42368,症状,盲肠阿米巴肉芽肿
42369,症状,心脏“偷停”感
42370,症状,晶状体移位
42371,症状,牙齿数目过剩
42372,症状,气道高反应性
42373,症状,妊娠期高血压
42374,症状,口齿含糊
42375,症状,室颤阈值降低
42376,症状,体内湿热
42377,症状,脊髓缺血
42378,症状,脊髓内空洞形成
42379,症状,前臂细小
42380,症状,眼睑外翻
42381,症状,主动脉弓迂曲
42382,症状,代谢性碱中毒
42383,症状,痰呈粘液脓性
42384,症状,脉搏加速
42385,症状,阑尾感染
42386,症状,假声现象
42387,症状,纵沟短
42388,症状,咬伤愈合的伤口...
42389,症状,乳房和生殖器萎缩
42390,症状,肝细胞脂肪性变
42391,症状,电机械分离现象
42392,症状,痉挛性便秘
42393,症状,两眼干涩
42394,症状,情感依赖
42395,症状,先天性虹膜缺乏
42396,症状,脓疱性痤疮
42397,症状,前列腺增生
42398,症状,哮鸣音
42399,症状,鼻酸
42400,症状,子宫穿孔
42401,症状,乏力
42402,症状,面色潮红
42403,症状,呼吸中可有烂苹果味
42404,症状,鼻子颜色苍白
42405,症状,牙列拥挤
42406,症状,远端胃窦产生异位节律
42407,症状,低血磷
42408,症状,耳道流血
42409,症状,革兰阴性杆菌感染
42410,症状,声音嘶哑
42411,症状,非感染性发热
42412,症状,手抽筋
42413,症状,鼻端肥大
42414,症状,葡萄膜炎
42415,症状,颌突畸形
42416,症状,小儿前囟凹陷
42417,症状,HBV与HCV...
42418,症状,掌跖多汗
42419,症状,骨膜炎
42420,症状,中度昏迷
42421,症状,尿道口疼
42422,症状,气管隆突以上的损伤
42423,症状,第三心音奔马律
42424,症状,不明原因发热
42425,症状,子宫高度低于妊娠周数
42426,症状,鼻中隔向一侧或...
42427,症状,腹痛，发热及黄疸
42428,症状,肝脾肿大
42429,症状,掌纹atd角大...
42430,症状,伸膝障碍
42431,症状,髋关节发育不良
42432,症状,苦笑面容
42433,症状,髋关节脱位
42434,症状,血脑屏障通透性高
42435,症状,右上腹痛
42436,症状,深痱
42437,症状,网球肘
42438,症状,无羞惭感
42439,症状,血疱
42440,症状,眼睑浮肿
42441,症状,口咸
42442,症状,腕关节内积血及...
42443,症状,脑实质的浸润
42444,症状,眶周青紫
42445,症状,先天性无阴道
42446,症状,生理性萎缩
42447,症状,血虚
42448,症状,肌肉硬结
42449,症状,肝内形成嗜酸性肉芽肿
42450,症状,胎儿酒精影响
42451,症状,大咯血
42452,症状,吐弄舌
42453,症状,目垢增多
42454,症状,阴部皮肤潮红
42455,症状,进食异常
42456,症状,舌咽神经痛或其...
42457,症状,放屁过臭
42458,症状,肺间质纤维化
42459,症状,失血过多后贫血
42460,症状,体位性眩晕
42461,症状,呛奶
42462,症状,甲胎蛋白增高
42463,症状,产后发热
42464,症状,心理伤害
42465,症状,岳淑芹
42466,症状,位置觉、震动觉减退
42467,症状,先天性乳糖不耐受
42468,症状,胸膈间烧灼嘈杂感
42469,症状,假性前房积脓
42470,症状,日光照射引起皮肤过敏
42471,症状,泪腺囊肿
42472,症状,反酸
42473,症状,病毒性腹泻
42474,症状,辗转体位
42475,症状,冻疮
42476,症状,膝关节积液
42477,症状,低颅压综合征
42478,症状,跨阈步态
42479,症状,扁平骨盆
42480,症状,肛门畸形
42481,症状,阴道排出碎块组织
42482,症状,肺纹理增粗
42483,症状,指甲-骨四联征
42484,症状,子宫后位
42485,症状,出冷汗
42486,症状,肺门阴影增多
42487,症状,胃内压增加
42488,症状,第1跖趾关节疼...
42489,症状,喜讲秽语
42490,症状,舞蹈样手足徐动
42491,症状,呼吸抑制
42492,症状,味觉减退
42493,症状,脊髓梗死
42494,症状,虚寒体质
42495,症状,粘性渗出性薄膜
42496,症状,手足麻木
42497,症状,丘疹
42498,症状,格子样变性
42499,症状,拳状手畸形
42500,症状,语言发育迟缓
42501,症状,大便呈褐色
42502,症状,出生后即有持续青紫
42503,症状,胆总管结石
42504,症状,慢性肾损害
42505,症状,泪腺脱垂
42506,症状,肝星状细胞增生
42507,症状,餐后发作性腹痛
42508,症状,唇水疱
42509,症状,腋部肿块
42510,症状,食管反流症状
42511,症状,慢性房颤
42512,症状,发热伴寒战
42513,症状,膈膨升
42514,症状,认知功能障碍
42515,症状,冲动型人格障碍
42516,症状,占思乔
42517,症状,肝衰竭
42518,症状,出血利坏死
42519,症状,急性宫颈炎
42520,症状,摸索反射
42521,症状,血脂异常
42522,症状,韧带拉伤
42523,症状,小血管纤维性坏死
42524,症状,手足皲裂
42525,症状,舌苔发黑
42526,症状,血小板减少性紫癜
42527,症状,气道和食管之间的瘘管
42528,症状,肌肉假肥大
42529,症状,乳腺发育不良
42530,症状,肾外梗阻
42531,症状,阴茎和阴囊水肿
42532,症状,舌两侧边缘毛状白斑
42533,症状,局部游走性红斑
42534,症状,唇圆或椭圆形红斑
42535,症状,手指末端持续对...
42536,症状,特征性趾端大片状脱皮
42537,症状,心理性性功能障碍
42538,症状,表皮发生钙化
42539,症状,酒后四肢酸痛
42540,症状,瞳孔不对称
42541,症状,中毒严重
42542,症状,甲状旁腺功能亢进
42543,症状,局灶症状
42544,症状,慢性贫血
42545,症状,脾胃虚寒
42546,症状,精子大头畸形
42547,症状,佟靓
42548,症状,感染性发热
42549,症状,眼球斑点
42550,症状,肌肉酸痛
42551,症状,运动功能障碍
42552,症状,臀肌萎缩
42553,症状,黑色素沉淀
42554,症状,小指感觉消失
42555,症状,牙齿咬合无力
42556,症状,溃疡外观呈菜花样
42557,症状,冠状动脉窃血现象
42558,症状,婴儿臀部红
42559,症状,脉压增宽
42560,症状,鼻孔闭锁
42561,症状,餐后综合征
42562,症状,猝倒
42563,症状,体重增加
42564,症状,产妇颈背酸痛
42565,症状,功能性头痛
42566,症状,蚁走感
42567,症状,腰椎椎管狭窄
42568,症状,心脏结构异常
42569,症状,口唇发黄
42570,症状,孕妇小腿浮肿
42571,症状,角膜后胚胎环
42572,症状,眨眼不止
42573,症状,肺内圆形实质性...
42574,症状,早搏
42575,症状,眼面痛
42576,症状,指间关节不能屈曲
42577,症状,耳廓变大
42578,症状,小儿干咳
42579,症状,肺门增宽
42580,症状,过敏性血管水肿
42581,症状,门静脉积气
42582,症状,中度或轻度头痛
42583,症状,视网膜脱离
42584,症状,苟飞
42585,症状,新生儿中性粒细胞增多
42586,症状,前臂旋后功能受限
42587,症状,脐窝湿润有臭味
42588,症状,胸骨后烧灼样痛
42589,症状,无名指指甲凹陷
42590,症状,髋外侧可见皮下瘀血斑
42591,症状,卵巢缺如或发育不全
42592,症状,阵发性子宫收缩
42593,症状,色情行为
42594,症状,胸廓狭窄而扁
42595,症状,侵蚀性骨破坏
42596,症状,浅棕色斑点
42597,症状,呼吸功能衰竭
42598,症状,骶尾部窦道形成
42599,症状,拇指三节
42600,症状,脊髓性肌萎缩
42601,症状,“咳嗽水”上瘾
42602,症状,粪便中发现白色节片
42603,症状,囊性坏死
42604,症状,粒细胞增多
42605,症状,阑尾脓肿
42606,症状,脖子扭痛
42607,症状,胃内翻腾或搅拌感
42608,症状,精神变态
42609,症状,脾虚
42610,症状,颈静脉充盈
42611,症状,尿中有特殊鼠臭味
42612,症状,鼻塞排出脓性或...
42613,症状,痰鸣音
42614,症状,口唇潮红
42615,症状,脚气
42616,症状,肺纹理增多
42617,症状,眼睑闭合不全
42618,症状,胃肠动力差
42619,症状,口唇周围麻木感刺痛
42620,症状,齿龈出血
42621,症状,食管壁增厚
42622,症状,风寒咳嗽
42623,症状,病理性钙化
42624,症状,动脉导管未闭
42625,症状,过渡区R波递增不良
42626,症状,口腔念珠菌感染
42627,症状,肾脓肿
42628,症状,泻药性便秘
42629,症状,下肢或周身软瘫
42630,症状,头发枯黄稀疏
42631,症状,闫锋
42632,症状,咀嚼肌肥大
42633,症状,心脏毒性作用
42634,症状,丘脑下部损害
42635,症状,下半身无汗或少汗
42636,症状,浅筋膜炎
42637,症状,液气胸
42638,症状,儿童反复骨折
42639,症状,肌肉痉挛性疼痛
42640,症状,肝积水
42641,症状,月经前水肿
42642,症状,急性呼吸困难
42643,症状,内容难以听清的...
42644,症状,玫瑰疹
42645,症状,眼肌瘫痪
42646,症状,精子质量差
42647,症状,戒断性痫性发作
42648,症状,血骨髓或痰涂片...
42649,症状,经常口渴
42650,症状,“三怕”(水声...
42651,症状,咽喉干燥充血
42652,症状,指甲失去光泽和...
42653,症状,恶病质
42654,症状,咽部有异物感
42655,症状,过度换气综合征
42656,症状,栓塞性肾炎
42657,症状,幻想失去时间和...
42658,症状,嗓音粗
42659,症状,夜惊
42660,症状,突发的右侧心衰
42661,症状,发作性嗜睡和食欲亢进
42662,症状,肘外侧夜间痛
42663,症状,小胃综合征
42664,症状,结膜出血
42665,症状,二尖瓣脱垂
42666,症状,月经期长痘
42667,症状,胸腔出口综合征
42668,症状,肾区叩击痛
42669,症状,腰大肌痉挛
42670,症状,伸舌样痴呆
42671,症状,眼肌麻痹
42672,症状,蛛网膜粘连
42673,症状,膝腱反射消失
42674,症状,小腿乏力
42675,症状,伤寒面容
42676,症状,一过性的流感样症状
42677,症状,下背部酸痛
42678,症状,心脏穿透性损伤
42679,症状,“三偏”症
42680,症状,生理盲点扩大
42681,症状,足外翻
42682,症状,斑丘疹
42683,症状,颈动脉硬化
42684,症状,肾上腺转移
42685,症状,胃丢失蛋白
42686,症状,寰枢关节不稳定
42687,症状,胃酸过多
42688,症状,衣雪源
42689,症状,儿童行动迟缓
42690,症状,粪便黑色并带有血液
42691,症状,黑色鼻涕
42692,症状,肾阳虚
42693,症状,对女性物品的非...
42694,症状,交替脉
42695,症状,收缩期杂音
42696,症状,头皮不规则裂口
42697,症状,瓣膜增厚
42698,症状,排粪时肛门灼痛
42699,症状,肩胛带肌肉萎缩
42700,症状,产后手指痛
42701,症状,尿胆红素阴性
42702,症状,眼痛
42703,症状,脑神经麻痹
42704,症状,婴儿睡觉前哭闹
42705,症状,颈部疼痛
42706,症状,肾性糖尿
42707,症状,溃疡外观呈虫蚀样
42708,症状,女性不孕
42709,症状,胃纳减退
42710,症状,发热伴眼睛充血
42711,症状,上腹壁的中央线缺损
42712,症状,脊髓受压
42713,症状,悬雍垂松弛细长
42714,症状,鼓腮和吹口哨漏气
42715,症状,脐带脱落后伤口...
42716,症状,超雌
42717,症状,糖类皮质激素分泌过多
42718,症状,骨骼停止发育
42719,症状,偏侧空间忽略症
42720,症状,绝经
42721,症状,骨髓象改变
42722,症状,尿液氨水味
42723,症状,过荣华
42724,症状,肾小球滤过率下降
42725,症状,眼底无红光反射
42726,症状,口腔幻触
42727,症状,食管蠕动差扩张...
42728,症状,女性小腹疼痛
42729,症状,与脉搏相一致的...
42730,症状,脓包型痘痘
42731,症状,脓性分泌物
42732,症状,无嗅脑
42733,症状,面肌抽搐
42734,症状,声带肥厚
42735,症状,隔膜孔道狭小
42736,症状,血性恶露
42737,症状,血小板增多
42738,症状,感觉分离
42739,症状,唇角脱屑
42740,症状,染色体畸形
42741,症状,侧腹壁或后腰部有压痛
42742,症状,骨蒸潮热
42743,症状,腹部皮肤出现白...
42744,症状,血肿形成
42745,症状,低位小肠梗阻
42746,症状,脊柱和四肢畸形
42747,症状,输精管变粗
42748,症状,细胞外液减少
42749,症状,四肢近端肌肉和...
42750,症状,出汗减少
42751,症状,产后小腹坠痛
42752,症状,肢体局部的皮肤...
42753,症状,斑秃
42754,症状,瘫痪
42755,症状,胃镜下表现出广...
42756,症状,意识丧失
42757,症状,前列腺痛
42758,症状,头部及眼后部疼...
42759,症状,第5指短小弯曲
42760,症状,逐渐加重的右侧...
42761,症状,腿外侧质软、半...
42762,症状,被害妄想
42763,症状,病理性偷窃
42764,症状,眼底黄斑部的樱...
42765,症状,回盲部结核
42766,症状,类风湿关节炎
42767,症状,动脉盗血
42768,症状,尿闭
42769,症状,不偏向一侧，无...
42770,症状,燥狂相
42771,症状,汗闭现象
42772,症状,耳后疼痛
42773,症状,分离性遗忘
42774,症状,小腿外侧及足背...
42775,症状,临产后阵痛剧烈
42776,症状,胃火口臭
42777,症状,过劳
42778,症状,嘴唇肿
42779,症状,术后疼痛
42780,症状,小腿以下缺血
42781,症状,唾液腺肿大
42782,症状,胸口痛
42783,症状,鼻翼边缘缺损
42784,症状,迁移性脓肿
42785,症状,传导性耳鸣
42786,症状,舌咽神经损伤
42787,症状,烧伤创面暗灰或...
42788,症状,小儿夜惊咬指
42789,症状,会阴瘘管或窦道形成
42790,症状,实火
42791,症状,足趾发凉怕冷，...
42792,症状,胃壁肌层缺损
42793,症状,肾小管萎陷
42794,症状,粪便排出过程异常
42795,症状,鼻唇沟变浅
42796,症状,肺部出血
42797,症状,蛋白尿
42798,症状,临产后胎头衔接较晚
42799,症状,睾丸发育不全
42800,症状,HGX
42801,症状,非对称性关节痛
42802,症状,胎心率改变
42803,症状,情绪性癌症
42804,症状,溢乳
42805,症状,食管腔狭窄
42806,症状,声门以上的损伤
42807,症状,脊髓丘脑束受压
42808,症状,巨脚
42809,症状,指骨节肥大
42810,症状,黏液囊肿
42811,症状,缩窄性心包炎
42812,症状,乳突炎
42813,症状,肝内淤胆
42814,症状,脚趾甲内长
42815,症状,腱反射异常
42816,症状,食管出血
42817,症状,胃纳差症状
42818,症状,胃慢性出血
42819,症状,尿道黏膜外翻
42820,症状,颈椎间盘退变
42821,症状,产后乳房萎缩
42822,症状,低补体血症
42823,症状,胃脘饱胀
42824,症状,唾液粘稠
42825,症状,吞咽发呛
42826,症状,腰背酸痛
42827,症状,新陈代谢低下
42828,症状,足和足趾不能背屈
42829,症状,胱氨酸储积症
42830,症状,紧张性手抖
42831,症状,烧伤后口渴
42832,症状,头部撞伤
42833,症状,睑结膜沙粒外观
42834,症状,半乳糖血症
42835,症状,系统性血管炎
42836,症状,肾衰竭
42837,症状,数脉
42838,症状,脑细胞出现营养...
42839,症状,含铁血黄素沉着症
42840,症状,进行性肝缩小
42841,症状,脑干出血
42842,症状,排便不尽感
42843,症状,脑积水
42844,症状,耳冻伤
42845,症状,知觉消失
42846,症状,睾丸增大和变硬
42847,症状,鳞屑样痂皮
42848,症状,脑室出血
42849,症状,伤口感染
42850,症状,继发性不孕
42851,症状,睡觉时小腿抽筋
42852,症状,颈髓脱髓鞘性病变
42853,症状,喘息
42854,症状,网状青斑和坏疽
42855,症状,颌下腺导管口有...
42856,症状,穿凿样改变颅骨破坏
42857,症状,眼嘴的细小皱纹
42858,症状,光反射消失
42859,症状,胃肠道淤血
42860,症状,牙齿结构异常
42861,症状,南慧
42862,症状,思维控制异常
42863,症状,纵隔病变
42864,症状,腹部型肥胖
42865,症状,纵膈淋巴结肿大
42866,症状,听觉疲劳
42867,症状,输尿管狭窄
42868,症状,肢端缺血
42869,症状,舞蹈病样动作
42870,症状,老年妇女乳房增大
42871,症状,舌运动受限
42872,症状,铁锈色痰
42873,症状,无脉症
42874,症状,对声音敏感
42875,症状,发作时精神障碍
42876,症状,慢性静脉功能不全
42877,症状,下腹痛
42878,症状,头痛为搏动性
42879,症状,心源性胸痛
42880,症状,小肠细菌过度生长
42881,症状,胸膜肥厚
42882,症状,多饮
42883,症状,维生素缺乏
42884,症状,女性腰骶生理性...
42885,症状,血栓脱落
42886,症状,息肉
42887,症状,工作倦怠
42888,症状,耳廓癣
42889,症状,跌倒发作
42890,症状,手势性自动症
42891,症状,肠管出血
42892,症状,血管壁变薄
42893,症状,眼球运动偏斜扭转
42894,症状,肾包膜过度膨胀
42895,症状,肌张力降低
42896,症状,主动脉瓣上膈膜型狭窄
42897,症状,拒食
42898,症状,前庭神经受损
42899,症状,斑疹
42900,症状,无痛性尿血
42901,症状,食管痉挛
42902,症状,尿路结石
42903,症状,直肠狭窄
42904,症状,感觉障碍
42905,症状,腓骨肌对称萎缩...
42906,症状,餐后血糖过低
42907,症状,睡眠节律紊乱
42908,症状,舌体肥大
42909,症状,下肢中枢性瘫痪
42910,症状,经期延长
42911,症状,醉酒
42912,症状,性窒息
42913,症状,室颤
42914,症状,盘状红斑
42915,症状,上肢及肩向下牵...
42916,症状,迷走神经张力增高
42917,症状,脐周阵发性绞痛
42918,症状,呼气时胸口痛
42919,症状,小三阳
42920,症状,间歇性寒颤
42921,症状,溶酶体酶缺陷
42922,症状,胆囊积脓
42923,症状,岳素荣
42924,症状,上唇变薄
42925,症状,点状痤疮
42926,症状,泌乳障碍
42927,症状,阴道分泌物增多
42928,症状,心脏震颤
42929,症状,舌苔薄白
42930,症状,胸大肌外侧缘处...
42931,症状,中心静脉压偏高
42932,症状,乳头溢液
42933,症状,情绪起伏大
42934,症状,淀粉样蛋白沉积
42935,症状,龟头红点
42936,症状,右腿酸痛
42937,症状,肺过度充气
42938,症状,静脉萎陷
42939,症状,肢体内翻
42940,症状,前臂旋转痛
42941,症状,病理性醉酒
42942,症状,黏膜出现出血点
42943,症状,去大脑强直
42944,症状,血管杂音
42945,症状,下肢麻木
42946,症状,一过性肉眼血尿
42947,症状,泪腺肿大
42948,症状,唇厚舌大
42949,症状,臀产式
42950,症状,轻压指甲，指头...
42951,症状,阴囊肿胀
42952,症状,尿中雌激素增高
42953,症状,龟头溃疡
42954,症状,难治性腹水
42955,症状,嗜酸性粒细胞增多
42956,症状,右下腹痛
42957,症状,眼球会聚功能麻...
42958,症状,手凉
42959,症状,痤疮样皮疹
42960,症状,口角歪斜，无法说话
42961,症状,病理性纵火
42962,症状,上腹不适
42963,症状,足部肿胀压痛
42964,症状,眼部感染
42965,症状,反复发作性头痛
42966,症状,代偿性腰椎前凸
42967,症状,无痛性口腔溃疡
42968,症状,肩带肌、上肢和...
42969,症状,心悸伴乏力、面色苍白
42970,症状,下体异味
42971,症状,下肢肌肉瘫痪
42972,症状,新生儿皮肤褶皱
42973,症状,额叶癫痫的运动...
42974,症状,下肢感应痛或放...
42975,症状,鼻子长痘
42976,症状,缄默症
42977,症状,交感神经高度紧张
42978,症状,踝部及足背水肿
42979,症状,肠狭窄
42980,症状,肺积水
42981,症状,肾区压痛和叩痛
42982,症状,胸口闪电疼痛
42983,症状,低血糖惊厥
42984,症状,肝淤血
42985,症状,肝静脉回流障碍
42986,症状,呈马蜂螫型游走性水肿
42987,症状,子宫小
42988,症状,下垂肩
42989,症状,癫痫的复杂部分性发作
42990,症状,菌尿
42991,症状,肌肉坏死
42992,症状,急性胃痛
42993,症状,心理年龄大于生理年龄
42994,症状,婴儿说话晚
42995,症状,尿液呈黑色
42996,症状,吞咽时发生晕厥
42997,症状,小腿或前臂间隙综合征
42998,症状,小儿脸上有白斑
42999,症状,踝膝关节积液
43000,症状,咯血伴呛咳
43001,症状,气上沖心
43002,症状,碘伏过敏
43003,症状,硬化
43004,症状,垂体性闭经
43005,症状,肺部化脓性感染
43006,症状,足踝部光滑圆形的包块
43007,症状,室性早搏
43008,症状,表情迟钝
43009,症状,外周围血淋巴细...
43010,症状,尿偏碱
43011,症状,鼠疫样皮损
43012,症状,肺中叶纤维灶
43013,症状,肝郁脾虚
43014,症状,骶骨处持续性疼痛
43015,症状,上肺纤维化明显
43016,症状,肢体远侧常有麻痛
43017,症状,脑缺血灶
43018,症状,呼吸性酸中毒
43019,症状,萎缩性痤疮
43020,症状,牙齿裂纹
43021,症状,面具脸
43022,症状,弥漫性血管角化
43023,症状,肩痛
43024,症状,肛门区红肿及痛性硬块
43025,症状,疼痛性股青肿
43026,症状,视野缩小
43027,症状,肺受累
43028,症状,反复肺炎
43029,症状,细胞酶活性异常
43030,症状,角膜灼伤刮伤
43031,症状,输尿管梗阻
43032,症状,牙齿萌出疼痛
43033,症状,短头畸形
43034,症状,块状痰
43035,症状,腹壁反射减弱或消失
43036,症状,骨痒
43037,症状,排气多
43038,症状,气管间隙形成肿块
43039,症状,肺内空洞
43040,症状,肺动脉瓣狭窄杂音
43041,症状,中暑高热
43042,症状,频繁性惊醒
43043,症状,牙齿形态异常
43044,症状,不能屈膝
43045,症状,肌肉撞伤
43046,症状,脉搏细速
43047,症状,外阴皮肤肿胀
43048,症状,肩臂外侧的感觉...
43049,症状,舌无力且不能随...
43050,症状,癌症晚期胃肠道症状
43051,症状,定向力障碍
43052,症状,小儿尿血
43053,症状,心跳过速
43054,症状,垂体危象
43055,症状,胆囊体积缩小
43056,症状,抗精子抗体阳性
43057,症状,脑血管痉挛
43058,症状,虹膜异色
43059,症状,心包炎
43060,症状,腰椎骶化
43061,症状,眼睑松弛和上唇增厚
43062,症状,手足多汗
43063,症状,反复出血
43064,症状,外寒内热
43065,症状,重度黄疸
43066,症状,肾皮质坏死
43067,症状,肛门会阴区潮湿不洁
43068,症状,尿液有白色沉淀物
43069,症状,代林彦
43070,症状,心室扑动
43071,症状,软腭有疤痕
43072,症状,肠囊性积气
43073,症状,食管对称性膨大
43074,症状,神经疼痛
43075,症状,阵发性或强直性惊厥
43076,症状,软骨内骨化
43077,症状,梗噎
43078,症状,小儿声带损伤
43079,症状,放射后的臂丛神...
43080,症状,二氧化碳潴留
43081,症状,牙关紧闭
43082,症状,网状青斑
43083,症状,口唇干燥
43084,症状,纤毛清除功能障碍
43085,症状,扭转痉挛
43086,症状,子宫粘连
43087,症状,继发性癫痫
43088,症状,呛咳
43089,症状,过早丧失咀嚼功能
43090,症状,瘀斑
43091,症状,驼背
43092,症状,癌性发热
43093,症状,延髓性麻痹
43094,症状,郅书芬
43095,症状,食管气管瘘
43096,症状,记忆力消失
43097,症状,婴儿褐色或暗绿...
43098,症状,异型网织细胞
43099,症状,第一心音亢进
43100,症状,胆囊的超敏反应
43101,症状,手腕在大拇指侧的疼痛
43102,症状,鼻梁低
43103,症状,奇脉
43104,症状,涂明
43105,症状,类风湿结节
43106,症状,集合管或乳头弥...
43107,症状,舌质红绛
43108,症状,岳亮
43109,症状,震颤性肌强直，...
43110,症状,颅外头痛
43111,症状,额头长痘
43112,症状,舌根部脓肿
43113,症状,阴道溃疡
43114,症状,肾脏缩小
43115,症状,疱疹
43116,症状,脑室受压移位
43117,症状,间歇热
43118,症状,脐周围褪色
43119,症状,晶状体铁质沉着
43120,症状,便秘
43121,症状,阴道持续少量流血
43122,症状,肠外结核
43123,症状,抗利尿激素(A...
43124,症状,指甲宽而短(宽...
43125,症状,脂溶性维生素缺乏
43126,症状,肢端易发生不易...
43127,症状,乳糜泻
43128,症状,碘甲亢
43129,症状,面部皮肤过敏
43130,症状,小儿剧烈咳嗽
43131,症状,牢脉
43132,症状,眼球穿孔
43133,症状,排气障碍
43134,症状,乳腺癌的远处转移
43135,症状,前房下方有红色血平面
43136,症状,呻吟
43137,症状,幽门肿块
43138,症状,脏腑功能失调
43139,症状,骨膜反应
43140,症状,尿糖
43141,症状,腰大肌脓肿
43142,症状,血瘀体质
43143,症状,免疫缺陷
43144,症状,肾脏破裂
43145,症状,心脏复苏
43146,症状,颈部淋巴结肿大
43147,症状,肛门松弛
43148,症状,肘关节脱位
43149,症状,子宫痉挛性狭窄环
43150,症状,多囊卵巢
43151,症状,晶状体囊壁破裂
43152,症状,角结膜干燥症
43153,症状,生长过快
43154,症状,丹毒
43155,症状,踝关节肿胀
43156,症状,胯骨痛
43157,症状,心脏失代偿
43158,症状,腹水
43159,症状,眼球内积脓而失明
43160,症状,衰弱
43161,症状,男性性早熟
43162,症状,纳差
43163,症状,乳糖耐受不良
43164,症状,上半身消瘦，下...
43165,症状,前臂有旋前畸形
43166,症状,手指不能屈伸
43167,症状,下肢负重障碍
43168,症状,寒战
43169,症状,脑白质变性
43170,症状,胃嵌顿
43171,症状,鼻干燥
43172,症状,口腔痛
43173,症状,髓质海绵肾
43174,症状,眉毛变白
43175,症状,手术创伤
43176,症状,十二指肠有切迹或狭窄
43177,症状,无胆汁粪便
43178,症状,粪便中见到褐红...
43179,症状,眼花
43180,症状,点头征
43181,症状,虹膜缺损
43182,症状,兰彪
43183,症状,手握物无力
43184,症状,写字或拿小物品困难
43185,症状,肌红蛋白偏高
43186,症状,偏盲偏身感觉障碍
43187,症状,括约肌功能障碍
43188,症状,脓肿破入胸腔
43189,症状,手无力不自觉的...
43190,症状,球后溃疡
43191,症状,肌肉挛缩
43192,症状,乳溢一高泌乳素血症
43193,症状,牙齿臭
43194,症状,精神障碍
43195,症状,呼吸窘迫综合症
43196,症状,口腔黏膜溃疡
43197,症状,胆心综合征
43198,症状,视神经的原发性萎缩
43199,症状,粘膜乳突状生长
43200,症状,腰部僵直感
43201,症状,肌肉纤维震颤
43202,症状,口唇常无力而不能鼓气
43203,症状,眼球内斜
43204,症状,背胀
43205,症状,嘴角降肌发育不良
43206,症状,器质性早泄
43207,症状,腘动脉搏动减弱或消失
43208,症状,尿液混浊
43209,症状,肝肾综合征
43210,症状,手背部皮肤发红肿胀
43211,症状,里急后重
43212,症状,牙龈深红或暗红色
43213,症状,肾病综合征
43214,症状,尿不尽
43215,症状,腹膜后纤维化
43216,症状,足跟步行
43217,症状,胃粘膜充血
43218,症状,鼻咽腔狭窄
43219,症状,C
43220,症状,霰粒肿
43221,症状,四肢血压脉搏不对称
43222,症状,手足长水泡
43223,症状,同向性偏盲
43224,症状,粪样呕吐物
43225,症状,前斜角肌肥厚痉挛
43226,症状,来鑫
43227,症状,颈部怕前屈，怕仰伸
43228,症状,呼吸音减弱
43229,症状,颅神经麻痹
43230,症状,滤泡增大
43231,症状,气腹征
43232,症状,小阴唇及前庭也...
43233,症状,血性恶露持续时间延长
43234,症状,骨及软组织肥大
43235,症状,沮丧
43236,症状,手脚发热
43237,症状,机械性压迫
43238,症状,小儿夜啼
43239,症状,近视弧
43240,症状,情感倒错
43241,症状,桡骨茎突剧痛
43242,症状,痉挛性截瘫期
43243,症状,脊柱裂
43244,症状,医师
43245,症状,病理性Q波
43246,症状,脐周皮肤青紫色斑
43247,症状,掌颏反射
43248,症状,人格改变
43249,症状,神经性头痛
43250,症状,晶状体青光眼斑
43251,症状,腹部伤口流出粪便样物
43252,症状,血沉增快
43253,症状,肝功检查胆红素...
43254,症状,早孕反应重
43255,症状,状颅皮
43256,症状,尿钙增多
43257,症状,阑尾组织纤维化
43258,症状,饭后困倦
43259,症状,对光反应消失
43260,症状,慢性头痛
43261,症状,下肢振动觉和位...
43262,症状,胆红素钙结石
43263,症状,肾乳头及肾盂出血
43264,症状,下肢弥漫性水肿
43265,症状,黑痣
43266,症状,痛风结节
43267,症状,胆道闭锁
43268,症状,运动性闭经
43269,症状,膝盖扭伤
43270,症状,侧支循环发育不充
43271,症状,月经骤停
43272,症状,下肢的感觉，肌...
43273,症状,发烧
43274,症状,间歇性头晕
43275,症状,口唇出血
43276,症状,肠蠕动减少
43277,症状,瞳孔大小不等
43278,症状,膝盖砸伤肿痛
43279,症状,心包积液体征
43280,症状,尿酸结晶
43281,症状,无活动性结核病灶
43282,症状,阴道内出现粪质...
43283,症状,闫未娟
43284,症状,疥疮结节
43285,症状,消化道内毛石或...
43286,症状,鸡眼
43287,症状,额叶癫痫的扣带回发作
43288,症状,牙冠呈半透明乳光色
43289,症状,喉结下方有肿块
43290,症状,疤痕萎缩凹陷
43291,症状,新生儿脓漏眼
43292,症状,性发育慢
43293,症状,肩关节痛
43294,症状,老化松弛性眼袋
43295,症状,脓鼻涕增多且不易擤尽
43296,症状,臀肌挛缩
43297,症状,脆性X综合征
43298,症状,睑缘呈横“S”形下垂
43299,症状,腹泻为水样带黏...
43300,症状,耳道异物
43301,症状,右腿麻木
43302,症状,吞咽困难
43303,症状,胎痣
43304,症状,目痛
43305,症状,子宫呈葫芦状
43306,症状,盆腔坠痛
43307,症状,败血症
43308,症状,心口灼热痛
43309,症状,捻发音
43310,症状,产后便秘
43311,症状,泪腺发炎
43312,症状,吐酸
43313,症状,脱水热
43314,症状,惊恐发作
43315,症状,视力视野改变
43316,症状,口腔黏膜呈现青紫色
43317,症状,声门运动障碍
43318,症状,静脉侧支循环建立
43319,症状,股沟及大腿内侧...
43320,症状,惧站立，喜依托
43321,症状,朴玉顺
43322,症状,眶周瘀斑
43323,症状,胸闷气短
43324,症状,输卵管肿大
43325,症状,肌阵挛
43326,症状,缓脉
43327,症状,交替性暴食厌食
43328,症状,运动性疲劳
43329,症状,运动失调
43330,症状,卵巢萎缩
43331,症状,新生儿眼屎多
43332,症状,骨髓浆细胞增多
43333,症状,中指指甲凹陷
43334,症状,恋尸型性变态
43335,症状,食管体平滑肌部...
43336,症状,淋巴道转移
43337,症状,三叉神经一二支...
43338,症状,无运动或感觉障...
43339,症状,注意障碍
43340,症状,浑身发冷
43341,症状,婴幼儿抽风
43342,症状,运动性兴奋或抑制
43343,症状,精血不足
43344,症状,儿童骨缺损
43345,症状,足趾伸屈时足部疼痛
43346,症状,乳房红肿热痛
43347,症状,脓血性白带
43348,症状,韧带扭伤
43349,症状,肺纹理减少
43350,症状,胸部有过度回响
43351,症状,腕部肿胀压痛
43352,症状,鼻外部膨胀隆起
43353,症状,喉部痉挛
43354,症状,出脚汗
43355,症状,痢疾
43356,症状,节段性分离性感觉障碍
43357,症状,肛门外翻
43358,症状,剑突压痛
43359,症状,真皮侵袭性生长
43360,症状,烫伤
43361,症状,耳垂小
43362,症状,筛窦泪囊瘘
43363,症状,尿常规异常
43364,症状,脐周脓性分泌物较多
43365,症状,阑尾缺血充血
43366,症状,血浆白蛋白降低
43367,症状,膝及小腿部有广...
43368,症状,牙齿遇冷热痛
43369,症状,粘膜萎缩
43370,症状,小儿维生素D缺乏
43371,症状,所淑芳
43372,症状,舌头上有长时间...
43373,症状,阴道口局部红肿热痛
43374,症状,牙齿小且无光泽
43375,症状,婴儿头皮结血痂
43376,症状,骨髓损害
43377,症状,睡觉后全身大汗淋漓
43378,症状,疤痕形成
43379,症状,心电图异常
43380,症状,面部多毛
43381,症状,阴道血性分泌物
43382,症状,产后极端行为
43383,症状,反复呕血
43384,症状,无宫缩间歇
43385,症状,假菊形团结构
43386,症状,健忘
43387,症状,鼻端形态不佳
43388,症状,急性非化脓性一...
43389,症状,阴道持续流血不停
43390,症状,呈开口状态而不能闭合
43391,症状,看东西有小黑点
43392,症状,嗅觉倒错
43393,症状,唇腭裂
43394,症状,腹腔积液
43395,症状,脊髓性间歇破行
43396,症状,指(趾)骨梗死
43397,症状,代开明
43398,症状,弥漫性脂肪变性
43399,症状,胃肠道排空表现
43400,症状,牙龈长脓包
43401,症状,头皮松垂
43402,症状,肩周酸痛不适
43403,症状,脸部疼痛
43404,症状,非怀孕的下腹增大
43405,症状,肛管狭窄
43406,症状,新生儿母乳喂养...
43407,症状,眼疲劳
43408,症状,抱癖
43409,症状,玻璃体经瞳孔向...
43410,症状,结肠内形成坚硬的粪石
43411,症状,心音异常
43412,症状,脱发
43413,症状,三角肌疼痛
43414,症状,脊突叩痛
43415,症状,三峰热型
43416,症状,前房色素沉积
43417,症状,四肢对称性软瘫
43418,症状,乳痛症
43419,症状,胸大肌痛
43420,症状,偏盲
43421,症状,睁眼昏迷
43422,症状,骨龄延迟
43423,症状,外阴肿胀
43424,症状,食管瘘
43425,症状,头跳痛
43426,症状,小腹冷痛
43427,症状,悬雍垂下垂
43428,症状,鼻端出火
43429,症状,憩室出血
43430,症状,咽部异物感
43431,症状,虚火上炎
43432,症状,脐湿
43433,症状,髓样癌变
43434,症状,儿童恐怖症
43435,症状,岔气
43436,症状,端坐呼吸
43437,症状,前庭反射消失
43438,症状,无故发笑
43439,症状,呼吸急促
43440,症状,难免早产
43441,症状,感觉性共济失调步态
43442,症状,正常免疫球蛋白减少
43443,症状,胸壁疼痛
43444,症状,血清钠增高
43445,症状,排尿困难及尿潴留
43446,症状,脑灰质移位
43447,症状,萌牙延迟
43448,症状,冠状动脉痉挛
43449,症状,肝功能受损
43450,症状,营养不良性水肿
43451,症状,幽门肌肥大
43452,症状,神经性呕吐
43453,症状,渗出性胸水
43454,症状,血清中高水平的...
43455,症状,拇趾与二趾趾间距大
43456,症状,远视屈光度数增加
43457,症状,心前区隐痛
43458,症状,眼胀
43459,症状,生殖器外伤
43460,症状,回肠重复畸形
43461,症状,胆汁淤滞
43462,症状,尿色酱红或呈酱油色
43463,症状,肾小球体积增大
43464,症状,病理性脱发
43465,症状,侧卧时位于下侧...
43466,症状,眼角膜反射消失
43467,症状,角质层过度增厚
43468,症状,胸椎侧弯
43469,症状,脑穿通畸形
43470,症状,褐色尿
43471,症状,下腔静脉血栓形成
43472,症状,腋窝有异味
43473,症状,精子活力低
43474,症状,酒精性震颤
43475,症状,胎儿宫内发育迟缓
43476,症状,阴雨天颈肩背部酸痛
43477,症状,血清铜氧化酶吸...
43478,症状,经期推迟
43479,症状,门诊高血压
43480,症状,骨间肌和鱼际肌萎缩
43481,症状,脐疮
43482,症状,急性病容
43483,症状,瘀血性痛经
43484,症状,牙缝增宽
43485,症状,阴盛阳虚
43486,症状,发作性傻笑
43487,症状,新生儿气促
43488,症状,小腿和踝关节周...
43489,症状,青红肤色
43490,症状,枕部疼痛
43491,症状,指尖边缘指甲有凹陷
43492,症状,腋毛和阴毛脱落
43493,症状,幽门狭窄
43494,症状,急腹症
43495,症状,精子异常
43496,症状,骨盆痛
43497,症状,环甲肌失去收缩...
43498,症状,耳根部疼痛
43499,症状,颌骨囊肿
43500,症状,闫会星
43501,症状,乳房早发育
43502,症状,目光呆滞
43503,症状,大便干结呈算盘珠状
43504,症状,脚后跟裂
43505,症状,蜕膜残留
43506,症状,肠梗死
43507,症状,颌骨膨隆
43508,症状,口腔黏膜白斑
43509,症状,青春期功血
43510,症状,无尿
43511,症状,胆道梗阻
43512,症状,气血凝滞
43513,症状,肥达反应阳性
43514,症状,眼球偏斜
43515,症状,心火
43516,症状,过敏性皮炎
43517,症状,XV-现象
43518,症状,臀部闪电疼痛
43519,症状,骨脆
43520,症状,图形定向障碍
43521,症状,上肢呈迟缓性麻痹
43522,症状,吸气时胸口痛
43523,症状,儿童髋部疼痛
43524,症状,晶状体脱位或半脱位
43525,症状,Korsako...
43526,症状,血清酶学改变
43527,症状,胰源性腹痛
43528,症状,肺不张
43529,症状,消瘦
43530,症状,头胀
43531,症状,出血性梗死
43532,症状,异位钙化
43533,症状,脊髓出血
43534,症状,乳头内陷
43535,症状,垂体切除术后昏迷
43536,症状,指鼻不准
43537,症状,突发性绞痛
43538,症状,杯状耳
43539,症状,面部半球形蓝黑色结节
43540,症状,肥胖纹
43541,症状,斜视
43542,症状,胎盘早剥
43543,症状,小儿的异嗜症状
43544,症状,抗内膜抗体阳性
43545,症状,背心冷
43546,症状,乳腺组织肥厚
43547,症状,胆管梗阻
43548,症状,虚脱
43549,症状,肠壁坏死
43550,症状,肝区血管杂音
43551,症状,营养不良
43552,症状,心脏刺痛
43553,症状,多形红斑样皮疹
43554,症状,手皮肤发紫
43555,症状,胸前区疼痛
43556,症状,骨髓巨核细胞成熟障碍
43557,症状,先兆早产
43558,症状,指(趾)甲点状凹陷
43559,症状,妊娠纹
43560,症状,颅脑损伤后头痛
43561,症状,足底溃疡
43562,症状,小书写症
43563,症状,脑发育缓慢
43564,症状,伴皮膜粘膜出血
43565,症状,食欲较差
43566,症状,心内膜弹力纤维增生
43567,症状,静脉曲张性溃疡
43568,症状,膀胱结核
43569,症状,紧箍咒一样头紧
43570,症状,打喷嚏时胸口疼
43571,症状,锥体外系损害
43572,症状,孕妇小腿痒
43573,症状,继发性便秘
43574,症状,心脏性猝死
43575,症状,胎儿窘迫
43576,症状,肝纤维化
43577,症状,鼻塞及反射性头痛
43578,症状,妊娠期血糖高
43579,症状,肢体震颤
43580,症状,胸腰段及腰椎前凸消失
43581,症状,肢体的非凹性水肿
43582,症状,舌型骨折
43583,症状,指或趾甲下裂片状出血
43584,症状,脾栓塞
43585,症状,肠蠕动减慢
43586,症状,骨质疏松
43587,症状,腱反射消失
43588,症状,食欲下降
43589,症状,不能持续睁眼
43590,症状,鼻屎多
43591,症状,青春期甲亢
43592,症状,椎间盘退行性变
43593,症状,头晕耳鸣
43594,症状,耳痛
43595,症状,数目较多的咖啡牛奶斑
43596,症状,下颌前突
43597,症状,颅内占位性病变
43598,症状,外阴幼稚
43599,症状,胸闷
43600,症状,小头
43601,症状,输卵管粘连
43602,症状,面容呈灰色
43603,症状,肝结节
43604,症状,额部白斑
43605,症状,胸腹部畸形
43606,症状,前胸压迫性疼痛
43607,症状,肥胖并痛性结节...
43608,症状,闫芹
43609,症状,血性耳分泌物
43610,症状,酒后便血
43611,症状,慢性咳嗽
43612,症状,额横纹增深
43613,症状,腹肌紧张
43614,症状,心源性呼吸窘迫
43615,症状,阴道持续中量流血
43616,症状,肩背痛
43617,症状,闫新慈
43618,症状,恋兽型性变态
43619,症状,神经束内神经纤维损伤
43620,症状,主动脉环扩张
43621,症状,烂桃样血痰
43622,症状,眦部缺损或眦缺损
43623,症状,肘部扭伤
43624,症状,踝关节屈曲挛缩畸形
43625,症状,鼻孔干疼
43626,症状,黑便
43627,症状,尿失禁与遗尿
43628,症状,沥青烧伤
43629,症状,失血过多
43630,症状,指甲很短
43631,症状,会阴部撕裂感
43632,症状,肺部啰音
43633,症状,老年人高粘血症
43634,症状,食物在胃的通过障碍
43635,症状,肢体过度肥大
43636,症状,一时性便秘
43637,症状,扁桃体上有灰色膜
43638,症状,保密
43639,症状,紫绀
43640,症状,第２肋软骨痛
43641,症状,膝关节疼痛
43642,症状,纵隔纤维化
43643,症状,氧分压低
43644,症状,角膜异物
43645,症状,无动性缄默
43646,症状,疝区的疼痛或坠胀感
43647,症状,肌肉跳动
43648,症状,腰痛伴尿频、尿...
43649,症状,膨胀性萎缩纹
43650,症状,肌性肌无力
43651,症状,肺纤维化
43652,症状,尿外渗
43653,症状,痰检或可找到丝状蚴
43654,症状,鼻唇沟发红皲裂
43655,症状,小儿青盲
43656,症状,兰甜甜
43657,症状,心肌梗死
43658,症状,鼻端缺损
43659,症状,尿道瘘
43660,症状,手机依赖症
43661,症状,月经发黑
43662,症状,一咳嗽胸口就疼
43663,症状,薄建国
43664,症状,摩擦型性变态
43665,症状,咽炎、舌炎、龈炎
43666,症状,颈椎痛
43667,症状,腱反射亢进
43668,症状,恶食凉物
43669,症状,导水管周围受损
43670,症状,增殖体肥大
43671,症状,急性贫血
43672,症状,耳垂过大
43673,症状,结肠性便秘
43674,症状,乳房内光滑质韧...
43675,症状,婴儿睡觉摇头
43676,症状,胸腰椎压缩性骨折
43677,症状,黑尿
43678,症状,外阴溃疡
43679,症状,病理性REM睡眠
43680,症状,下腹部压痛
43681,症状,轻瘫
43682,症状,动脉呈多处伸长扭曲状
43683,症状,肝部疼痛
43684,症状,镇静药中毒
43685,症状,脸部汗毛明显
43686,症状,足的放射性疼痛
43687,症状,脸裂
43688,症状,体毛脱落
43689,症状,撞击征
43690,症状,角膜烧伤
43691,症状,痉挛性截瘫步态
43692,症状,小腿肿胀疼痛
43693,症状,胎儿心动过缓
43694,症状,感染诱发昏迷
43695,症状,尿液中有稠厚胶样物
43696,症状,睡眠障碍
43697,症状,骨髓水肿
43698,症状,结肠袋半月襞消失
43699,症状,产后恶露不净有臭味
43700,症状,癫痫的全身强直...
43701,症状,乳头皲裂
43702,症状,旋转性眩晕
43703,症状,腰背部窦道
43704,症状,非血性腹水
43705,症状,脾湿
43706,症状,抽动障碍
43707,症状,喉头增大
43708,症状,阴道出血
43709,症状,顽固性疼痛
43710,症状,眼球突出
43711,症状,剧烈疼痛
43712,症状,上肢水肿
43713,症状,太阳穴胀痛
43714,症状,肺部可闻及干湿...
43715,症状,肛周皮肤潮红
43716,症状,久病亏损
43717,症状,厌食
43718,症状,下肢肿胀和乏力
43719,症状,儿童期消化性溃疡
43720,症状,便血
43721,症状,眶周水肿
43722,症状,会阴溃疡
43723,症状,烫伤水泡破了
43724,症状,肾上腺皮质激素不足
43725,症状,肾动脉硬化
43726,症状,无用感
43727,症状,指甲类似云母
43728,症状,恋毛巾被癖
43729,症状,睾丸触痛
43730,症状,甲周炎
43731,症状,肠绒毛萎缩
43732,症状,肾病性浮肿面容
43733,症状,变应性咳嗽
43734,症状,乳头溢出血性或...
43735,症状,肠穿孔
43736,症状,局部静脉压痛
43737,症状,进食呕吐
43738,症状,氨基酸尿症
43739,症状,瘀血积聚
43740,症状,尿道流血
43741,症状,肾区压痛
43742,症状,流感样症状
43743,症状,手脚冰凉
43744,症状,烧伤后尿量减少
43745,症状,神经根刺激
43746,症状,肩部劳损
43747,症状,脓痰
43748,症状,妊娠反应
43749,症状,癫痫性头痛
43750,症状,脚趾痛风
43751,症状,咖啡斑
43752,症状,外阴痛
43753,症状,脚后跟长骨刺
43754,症状,鼻内痛
43755,症状,悬垂型心脏
43756,症状,肢骨纹状肥大
43757,症状,眼球上翻并固定
43758,症状,血管炎
43759,症状,呼吸道阻塞
43760,症状,苯丙氨酸代谢障碍
43761,症状,背部酸痛
43762,症状,忘性大
43763,症状,腹部可触及巨大...
43764,症状,巨口
43765,症状,肢体僵硬感
43766,症状,蹲踞现象
43767,症状,颈部扭伤
43768,症状,癫痫的植物神经性发作
43769,症状,外周静脉充勇
43770,症状,眼眶缩小
43771,症状,肾动脉狭窄
43772,症状,晚霞样或夕照样眼底
43773,症状,延髓出血
43774,症状,晨起前额疼，午后减轻
43775,症状,儿童联想和情感障碍
43776,症状,痛性阴茎勃起
43777,症状,呕血
43778,症状,淋巴结穿刺有草...
43779,症状,面、头、颈、肩...
43780,症状,颅内出血
43781,症状,老年人小腿浮肿
43782,症状,咳嗽伴哮鸣音
43783,症状,瘀血
43784,症状,流行性肌痛
43785,症状,面神经瘫痪
43786,症状,三角头畸形
43787,症状,初生婴儿即出现...
43788,症状,无名指半月甲呈粉红色
43789,症状,睑结膜硬而扁平的乳头
43790,症状,败血症的征象
43791,症状,面部畸形
43792,症状,紧张性疲劳
43793,症状,经期便血
43794,症状,子宫增大明显（...
43795,症状,人格解体
43796,症状,腓肠肌撕裂
43797,症状,口腔粘膜上白色...
43798,症状,阴茎硬结
43799,症状,表皮角化
43800,症状,手唇震颤
43801,症状,结痂
43802,症状,婴儿步行晚
43803,症状,手掌呈黑色
43804,症状,男性小便刺痛
43805,症状,心血管堵塞
43806,症状,眶底爆折
43807,症状,角膜干燥斑
43808,症状,遗传性果糖不耐受
43809,症状,颈部有擦伤痕迹或肿胀
43810,症状,糖类皮质激素分泌过少
43811,症状,感染性肉芽肿
43812,症状,牙齿颈部黄斑
43813,症状,肛门短时间阵发性钝痛
43814,症状,断续的肌收缩
43815,症状,胃灼热
43816,症状,上肢半屈状
43817,症状,盆腔包块
43818,症状,颌骨关节痛
43819,症状,肛门有黑色肿块脱出
43820,症状,恶性胸水
43821,症状,日常生活能力减...
43822,症状,胆囊壁厚
43823,症状,处女膜无孔
43824,症状,低钠血症
43825,症状,乳酸蓄积过多
43826,症状,肢体疼痛
43827,症状,外阴呈幼稚型无阴毛
43828,症状,粪便带绿色
43829,症状,呼气音延长
43830,症状,肺实变
43831,症状,耳壳的干性坏死
43832,症状,腰肌痉挛
43833,症状,肾钙化
43834,症状,肾火旺
43835,症状,尿道下裂
43836,症状,弥漫性系膜硬化
43837,症状,剧烈运动或强体...
43838,症状,情绪性胃痛
43839,症状,尿黑酸
43840,症状,沟裂增宽
43841,症状,颌骨发育过度
43842,症状,心悸
43843,症状,鼻孔朝天或鼻孔前倾
43844,症状,蛙形腹
43845,症状,心胃的奇怪感觉
43846,症状,痰湿体质
43847,症状,钩回发作
43848,症状,爆发性水泻
43849,症状,口腔出血
43850,症状,生长激素分泌过多
43851,症状,搏动性肿块
43852,症状,寰枢脱位
43853,症状,雀斑
43854,症状,男性小腹坠痛
43855,症状,血小板减少
43856,症状,三叉神经分布区麻木感
43857,症状,下肢短缩
43858,症状,突然出现剧烈的腰痛
43859,症状,溃疡龛影
43860,症状,大小便失禁
43861,症状,输精管疼痛
43862,症状,多根肋骨骨折
43863,症状,眼前冒紫烟
43864,症状,构音障碍
43865,症状,尿磷
43866,症状,睡眠-觉醒时间...
43867,症状,气胸
43868,症状,黏膜损害
43869,症状,耳内发胀
43870,症状,婴儿湿疹结痂
43871,症状,痛性溃疡和渗出...
43872,症状,进行性肉芽性溃疡坏死
43873,症状,惊厥
43874,症状,脑膜刺激症状
43875,症状,上唇疖肿
43876,症状,颧红盗汗
43877,症状,胎盘大
43878,症状,脑死亡
43879,症状,觉醒状态丧失
43880,症状,痔出血
43881,症状,腕背侧或掌侧的...
43882,症状,多汗且臭味较浓
43883,症状,纤维结构不良
43884,症状,斜头畸形
43885,症状,颈静脉怒张
43886,症状,肢端硬化
43887,症状,尿道口粘连
43888,症状,面部闪电疼痛
43889,症状,胆囊壁纤维化
43890,症状,手指麻痛
43891,症状,手指甲有白色斑点
43892,症状,肘管综合征
43893,症状,面容憔悴早老
43894,症状,腋窝多汗
43895,症状,胃内有异物
43896,症状,Asperge...
43897,症状,耳朵位置低
43898,症状,听觉障碍
43899,症状,局部静脉硬索状
43900,症状,正弦胎心率
43901,症状,纵隔囊肿
43902,症状,神志模糊
43903,症状,附睾囊肿
43904,症状,泪液、唾液及汗...
43905,症状,牙齿异常
43906,症状,鞍鼻
43907,症状,拔牙后出血不止
43908,症状,电生理异常
43909,症状,腰痛
43910,症状,绝经年龄过早
43911,症状,骨囊肿
43912,症状,基因融合
43913,症状,直肠危象
43914,症状,痛性红舌
43915,症状,耳廓红肿
43916,症状,卵巢积液
43917,症状,婴儿睡觉惊跳
43918,症状,肾源性水肿
43919,症状,青春期胸部发育缓慢
43920,症状,定位体征
43921,症状,手指香肠型
43922,症状,尿无力
43923,症状,肺下叶周围呈节...
43924,症状,血性渗液
43925,症状,头痛头晕
43926,症状,瘀血斑
43927,症状,血管硬化
43928,症状,瓣膜小叶增厚
43929,症状,角膜溃疡
43930,症状,淋巴管淤积
43931,症状,口腔黏膜纤维化
43932,症状,妊娠时伴有腹痛...
43933,症状,手足肿胀
43934,症状,阴道转移
43935,症状,手表皮深处的水疱
43936,症状,便秘伴腹部包块
43937,症状,颈椎肥大
43938,症状,呼吸道狭窄
43939,症状,指(趾)甲横断
43940,症状,主动脉钙化
43941,症状,尿后滴沥
43942,症状,髌骨骨裂
43943,症状,颅骨增生
43944,症状,颌小
43945,症状,癌细胞逆行播散
43946,症状,灾难反应
43947,症状,吮乳困难
43948,症状,胆汁返流
43949,症状,无胡须
43950,症状,气滞血瘀
43951,症状,腕骨发育不全变...
43952,症状,年轻女性心悸胸闷
43953,症状,血清免疫球蛋白可升高
43954,症状,酪氨酸血症
43955,症状,肿瘤性脱发
43956,症状,散脉
43957,症状,呼吸浅慢
43958,症状,精子稀少
43959,症状,结小
43960,症状,脑白质萎缩
43961,症状,儿童精神运动发育异常
43962,症状,躁狂
43963,症状,露阴癖
43964,症状,反拗危象
43965,症状,情绪性进食
43966,症状,腰骶疼痛
43967,症状,心包转移
43968,症状,下颌后缩
43969,症状,咽痛
43970,症状,肺淤血
43971,症状,外阴损伤
43972,症状,上腹囊性肿块
43973,症状,髋外侧酸胀
43974,症状,膈穹窿变为扁平
43975,症状,肌肉完全断裂
43976,症状,甲状旁腺机能减退
43977,症状,腺体结节
43978,症状,急性胃扩张
43979,症状,汗毛过多
43980,症状,上眼睑增厚松弛
43981,症状,喉弥漫性黏膜肥...
43982,症状,胃阴虚
43983,症状,肝内钙化
43984,症状,反复不愈的感染
43985,症状,毫无情感反应
43986,症状,剧痛
43987,症状,肺气压伤
43988,症状,肩部或肩胛区持...
43989,症状,胎盘植入
43990,症状,喉咙痒
43991,症状,胸廓塌陷畸形
43992,症状,打呼噜
43993,症状,增生性瘢痕
43994,症状,南朝霞
43995,症状,额部肿块
43996,症状,趾蹼间隙麻木
43997,症状,阴蒂肥大
43998,症状,眼角长斑
43999,症状,髌骨缺失或发育不良
44000,症状,雄激素过多
44001,症状,气机失调
44002,症状,发热伴淋巴结肿...
44003,症状,中心暗点扩大
44004,症状,生理性肥胖
44005,症状,术后发热
44006,症状,阴囊起疙瘩
44007,症状,心动过缓
44008,症状,腮腺无痛性肿块
44009,症状,仝超
44010,症状,足跟后凸
44011,症状,咳嗽
44012,症状,学习困难
44013,症状,胃肠淋巴回流受阻
44014,症状,嗅觉过敏
44015,症状,面色青灰
44016,症状,复杂性尿路感染
44017,症状,甲状腺扪及光滑...
44018,症状,颧骨斑
44019,症状,眉弓囊肿
44020,症状,肛门出血
44021,症状,鼻子红血丝
44022,症状,脊髓内胶质增生
44023,症状,听力减退
44024,症状,骨质破坏
44025,症状,认知神经功能丧失
44026,症状,肝质地硬
44027,症状,蜂窝肺
44028,症状,腱索断裂
44029,症状,消化道穿孔
44030,症状,小儿嘴角溃疡
44031,症状,冲动毁物
44032,症状,口吃
44033,症状,智力减低
44034,症状,泛恶欲吐
44035,症状,动脉造影异常
44036,症状,体象障碍
44037,症状,盆腔脊膜膨出
44038,症状,慢性溃疡
44039,症状,技术狂躁症
44040,症状,咳泡沫黏液痰
44041,症状,眼睛红肿
44042,症状,反复生殖器溃疡
44043,症状,太阳穴痛
44044,症状,会阴部牵引痛
44045,症状,头皮撕裂伤
44046,症状,腰背刺痛
44047,症状,臀沟展平和下垂
44048,症状,乳房疼痛
44049,症状,痴笑
44050,症状,纤维性钙化结节
44051,症状,产后小便频数或...
44052,症状,十二指肠高度扩张
44053,症状,静脉曲张
44054,症状,胆碱能危象
44055,症状,持续的肌肉收缩
44056,症状,类彦超
44057,症状,异位妊娠
44058,症状,神经衰弱综合症
44059,症状,炎性外痔
44060,症状,子宫出血
44061,症状,腹腔种植
44062,症状,流鼻血
44063,症状,恶性贫血
44064,症状,病理性黄疸
44065,症状,复听
44066,症状,肛门直肠畸形
44067,症状,侧脑室增宽
44068,症状,一侧乳头萎缩，...
44069,症状,呼吸性碱中毒
44070,症状,闭经
44071,症状,儿童恐怖障碍
44072,症状,子宫直肠窝积液
44073,症状,粉红色泡沫样痰
44074,症状,骨缝分开
44075,症状,尿赤
44076,症状,口粘腻
44077,症状,疥疮恐惧
44078,症状,库欣综合征
44079,症状,角膜混浊
44080,症状,三联征
44081,症状,脓液为巧克力色...
44082,症状,发热伴有皮疹
44083,症状,踝部凹陷性水肿
44084,症状,口腔黏膜脱落
44085,症状,两性畸形
44086,症状,膀胱纤维化
44087,症状,搭肩试验阳性
44088,症状,炎性肉芽肿
44089,症状,咳铁锈色痰
44090,症状,椎体结核
44091,症状,椎间盘脱出
44092,症状,湿疣
44093,症状,卵巢性闭经
44094,症状,痉挛性偏瘫步态
44095,症状,运动不足综合征
44096,症状,情绪性高血压
44097,症状,颈性眩晕
44098,症状,腹肌强直
44099,症状,痉挛性的肌张力增高
44100,症状,氮质血症
44101,症状,维生素K缺乏
44102,症状,冬春季的慢性咳...
44103,症状,爪甲和甲床表现...
44104,症状,鼻出血
44105,症状,脑叶出血
44106,症状,长头巨脑
44107,症状,浆液脓性分泌物
44108,症状,右边脸颊长痘
44109,症状,肌肉紧张性疼痛
44110,症状,经前期膝痛
44111,症状,鼻翼发红
44112,症状,手指扭伤
44113,症状,指(趾)肿胀
44114,症状,心尖部第1心音亢进
44115,症状,结肠黑变
44116,症状,种植播散
44117,症状,小儿臀部瘙痒
44118,症状,咽喉炎
44119,症状,心肌冬眠现象
44120,症状,血管堵塞
44121,症状,前囟饱满
44122,症状,男性型肥胖
44123,症状,肛裂三联征
44124,症状,起点
44125,症状,眼睛发红
44126,症状,假性近视
44127,症状,肝被膜血肿破裂
44128,症状,痘疤
44129,症状,剧痒的疣状结节
44130,症状,睡眠猝死
44131,症状,偏执性妄想
44132,症状,血性胸水
44133,症状,认识能力缺失
44134,症状,多发性结节
44135,症状,脓血便
44136,症状,脊柱的成角畸形
44137,症状,震荡性神经受累
44138,症状,持续高烧
44139,症状,肺部或支气管周...
44140,症状,精子凝集
44141,症状,肠系膜囊肿
44142,症状,吞咽时胸痛
44143,症状,食管腔梗阻
44144,症状,纸样胎儿
44145,症状,局部灼热
44146,症状,期外收缩
44147,症状,蛔虫感染
44148,症状,妊娠蛋白尿
44149,症状,转氨酶增高
44150,症状,失声
44151,症状,歪斜指
44152,症状,夜间肩痛
44153,症状,指趾端干性坏死
44154,症状,鼻粘膜干燥发痒
44155,症状,枕大神经痛
44156,症状,脱皮
44157,症状,上唇附近，鼻旁...
44158,症状,咽颊部烧伤
44159,症状,唇干舌燥
44160,症状,微脉
44161,症状,乙肝表面抗体（...
44162,症状,多疑
44163,症状,尿道痒感
44164,症状,颊部脂肪消失呈...
44165,症状,胆红素升高
44166,症状,乳汁分泌减少
44167,症状,下腹部反跳痛
44168,症状,乳腺肥大
44169,症状,肋骨融合
44170,症状,肌体张力异常
44171,症状,肛门坠胀
44172,症状,粪便量多
44173,症状,手脚痒
44174,症状,慢性肾衰竭
44175,症状,婴儿热痱
44176,症状,异常粗大的舞蹈样动作
44177,症状,情绪性哮喘
44178,症状,右心衰竭
44179,症状,仪平
44180,症状,中性粒细胞增高
44181,症状,脉搏脱漏
44182,症状,菱形-现象
44183,症状,流泪
44184,症状,肩膀酸疼
44185,症状,经期前乳房痛
44186,症状,子宫破裂征象
44187,症状,耀光感
44188,症状,心脑供血不足
44189,症状,脊柱破坏
44190,症状,腹股沟处或闭孔处肿胀
44191,症状,指甲床发绀
44192,症状,废用性弱视
44193,症状,表情淡漠
44194,症状,孤立肾
44195,症状,阵发性鼻塞
44196,症状,早晨上下眼睑粘连
44197,症状,甲状腺机能亢进
44198,症状,弥漫性腹部骨化
44199,症状,肛裂
44200,症状,小肠内的低pH
44201,症状,商鲁翔
44202,症状,踝及足麻木和有灼痛感
44203,症状,血管壁及周围有...
44204,症状,胎位异常
44205,症状,大腿长红疙瘩
44206,症状,遗传性出血性毛...
44207,症状,脚趾发麻
44208,症状,腹痛伴黄疸
44209,症状,移动性浊音
44210,症状,品行障碍
44211,症状,胸骨后异物阻塞...
44212,症状,心包填塞
44213,症状,阴囊潮湿有异味
44214,症状,头皮结痂
44215,症状,先天性铜代谢障碍
44216,症状,晚发月经
44217,症状,孕妇上火
44218,症状,妊娠期胸痛
44219,症状,联合瓣膜脱垂
44220,症状,肾功能衰竭
44221,症状,指（趾）甲颜色改变
44222,症状,细网状到斑片状...
44223,症状,鼻甲肿胀
44224,症状,上半身肥胖型
44225,症状,胃肠道功能不好
44226,症状,气血不足
44227,症状,睑结膜的巨大乳头
44228,症状,生理性黄疸
44229,症状,食欲不振
44230,症状,脑水肿
44231,症状,髋关节痛
44232,症状,喉部有痰
44233,症状,阴茎瘙痒
44234,症状,下垂乳房
44235,症状,“鸡盲”或“雀盲”
44236,症状,不能露齿及突唇
44237,症状,脊柱退变
44238,症状,产力异常
44239,症状,肢体障碍
44240,症状,新生儿呕血和便血
44241,症状,气喘
44242,症状,小脑-视网膜综合征
44243,症状,胃窦动力低下
44244,症状,持续性发热
44245,症状,持续性疼痛
44246,症状,脑干病变
44247,症状,门齿间距增宽
44248,症状,弥漫性出血
44249,症状,胎儿单臂先露
44250,症状,化妆品的毛发损害
44251,症状,毒血症
44252,症状,面容失认
44253,症状,翻身困难
44254,症状,耳蜗性耳聋
44255,症状,老人剧烈咳嗽
44256,症状,心脏骤停
44257,症状,乳房肿块
44258,症状,卵巢性多毛
44259,症状,咳出黄色痰液
44260,症状,头发分叉
44261,症状,咬合关系错乱
44262,症状,舌乳头增生
44263,症状,生理性震颤
44264,症状,喉部刺痛
44265,症状,癫痫持续发作
44266,症状,前期妊娠反应
44267,症状,肺部感染
44268,症状,胆囊壁毛糙
44269,症状,肺外症状
44270,症状,牙齿发黑
44271,症状,脑膜刺激征
44272,症状,色素性胆结石
44273,症状,丘脑出血
44274,症状,耳道流脓
44275,症状,耻骨上痛
44276,症状,儿童不敢平卧睡觉
44277,症状,脸冻伤
44278,症状,人中圆凸
44279,症状,代偿作用
44280,症状,颈部肿瘤
44281,症状,胆道蛔虫症
44282,症状,乳腺隐痛
44283,症状,精子存活率低
44284,症状,股前内侧及小腿...
44285,症状,月经稀少
44286,症状,“红光满面”
44287,症状,肾缺血
44288,症状,尖头并指
44289,症状,骨硬化
44290,症状,痉挛性咳嗽
44291,症状,角膜反射迟钝
44292,症状,类癌面红
44293,症状,牙体损伤
44294,症状,对称性肌无力
44295,症状,乳腺外上象限腺体增厚
44296,症状,代超
44297,症状,口腔黏膜黄豆大...
44298,症状,川字纹
44299,症状,胃痉挛
44300,症状,甲状腺激素偏高
44301,症状,触诊无肺动脉关闭感
44302,症状,气过水声
44303,症状,巨脾症
44304,症状,腰背痛
44305,症状,嗅觉障碍
44306,症状,发热伴关节肿痛
44307,症状,心肌灰白而松弛
44308,症状,末指短小向内弯...
44309,症状,始于眼部，扩张...
44310,症状,肢体或躯干麻木
44311,症状,重压感、紧箍感...
44312,症状,涂友宝
44313,症状,血管痣
44314,症状,夜间盗汗
44315,症状,忧郁
44316,症状,近迫性心肌梗塞
44317,症状,指、拇、脘的伸...
44318,症状,睑外翻
44319,症状,腕征
44320,症状,晕厥反复发作
44321,症状,四肢湿冷
44322,症状,脑脊液白细胞增加
44323,症状,眼球震颤
44324,症状,弦脉
44325,症状,甲状腺肿
44326,症状,牙齿上白垩色到...
44327,症状,耳孔处长出的肿物
44328,症状,肘痛
44329,症状,排尿疼痛
44330,症状,间歇性血尿
44331,症状,心包破损伤
44332,症状,阴茎表浅性溃疡
44333,症状,膀胱膨隆
44334,症状,腰部酸胀及无力
44335,症状,情感高涨
44336,症状,黑头粉刺
44337,症状,咽部苹果酱样结节
44338,症状,咽鼓管堵塞
44339,症状,老年性震颤
44340,症状,手指淤血
44341,症状,颈动脉窦性晕厥
44342,症状,小指不明原因痛
44343,症状,脊柱病变性骨盆畸形
44344,症状,神经干断裂
44345,症状,囟门闭合晚
44346,症状,咯血伴胸痛
44347,症状,痰饮
44348,症状,髋、膝、肘部呈...
44349,症状,嗜酒性幻觉性精神错乱
44350,症状,肾盏变钝
44351,症状,看东西变远
44352,症状,腹股沟疼痛
44353,症状,咽反射消失
44354,症状,大便不成形
44355,症状,岳嗣凤
44356,症状,面部叩击征
44357,症状,耳围凹陷
44358,症状,竹节脊柱
44359,症状,咽部充血
44360,症状,腭部可见小出血点
44361,症状,腰部缓慢增大的软肿块
44362,症状,孕妇胃痛
44363,症状,超量饮酒后两下...
44364,症状,尾骨压痛及异常活动
44365,症状,孕中期腹痛
44366,症状,视近不能持久
44367,症状,心房内形成混合血
44368,症状,磷烧伤合并中毒
44369,症状,言语自动症
44370,症状,骶尾椎融合
44371,症状,自觉汗臭
44372,症状,象限性偏盲
44373,症状,热痉挛
44374,症状,凝肩
44375,症状,口涩
44376,症状,新生儿震颤
44377,症状,唇上长有小水泡
44378,症状,恶息、多泡味的...
44379,症状,肋间神经痛
44380,症状,肝气犯肺
44381,症状,骨气臌
44382,症状,烧灼性疼痛
44383,症状,腋窝痛
44384,症状,出血性丘疹
44385,症状,臭汗
44386,症状,两条腿不一样长
44387,症状,前额头痛
44388,症状,舌口及咽部烧灼感
44389,症状,酒精成瘾
44390,症状,乳腺刺痛
44391,症状,挛缩性瘢痕
44392,症状,口唇周围有炎性...
44393,症状,大腿内侧瘙痒
44394,症状,驻站医
44395,症状,缴健菲
44396,症状,四肢抽搐
44397,症状,面部皮肤皱纹增多
44398,症状,长期使用糖皮质...
44399,症状,胆囊壁变薄
44400,症状,齿龈铅线
44401,症状,鼻尖或鼻翼出现...
44402,症状,胸部隐痛
44403,症状,自杀行为
44404,症状,精液带血
44405,症状,腰椎不稳
44406,症状,汗腺分泌体味
44407,症状,睡眠呼吸暂停
44408,症状,颞骨隆起
44409,症状,心包压塞
44410,症状,脑血管动静脉畸形
44411,症状,输尿管向心偏移
44412,症状,慢性肾功能不全
44413,症状,手麻
44414,症状,持续性腰痛伴有晨僵
44415,症状,脾气虚
44416,症状,头颅增大
44417,症状,难免流产或不可...
44418,症状,婴幼儿脐部有肿物突出
44419,症状,直腿伸踝试验阳性
44420,症状,埋藏齿
44421,症状,输尿管扩张
44422,症状,腰椎间盘突出
44423,症状,骨端增大
44424,症状,剧烈运动后呕吐
44425,症状,泌尿系感染
44426,症状,消化道狭窄
44427,症状,腰部僵硬及腰前凸消失
44428,症状,吞咽障碍
44429,症状,颅缝过早闭合
44430,症状,恋爱挫折综合征
44431,症状,眼睛上火
44432,症状,眼内有异物感
44433,症状,泌尿道破裂
44434,症状,肥胖前期
44435,症状,声带发炎
44436,症状,巨乳
44437,症状,发作后精神障碍
44438,症状,入球小动脉玻璃样变
44439,症状,子宫呈横椭圆形
44440,症状,肌腱粘连
44441,症状,横纹肌溶解
44442,症状,胃肠功能不良
44443,症状,小腿发胀
44444,症状,雄激素依赖
44445,症状,虚火牙痛
44446,症状,胎儿酒精综合征
44447,症状,前臂和腕部的疼痛
44448,症状,绝经期面红
44449,症状,颈部酸痛
44450,症状,小腿肚抽筋
44451,症状,儿童型肌张力障碍
44452,症状,极速型心率
44453,症状,肺动脉闭锁
44454,症状,肺血流量很多
44455,症状,神经根损伤
44456,症状,Moro反应迟钝
44457,症状,腹腔积血
44458,症状,性腺发育不良
44459,症状,浅表淋巴结进行性肿大
44460,症状,小儿鼻塞
44461,症状,手掌软硬度异常
44462,症状,斜眼抑制
44463,症状,阴茎龟头橡皮肿
44464,症状,髌周指压痛
44465,症状,睡过之后精力没有恢复
44466,症状,脊髓横贯损害
44467,症状,腰椎膨出
44468,症状,截瘫
44469,症状,慢性胃痛
44470,症状,婴儿睡觉打鼾
44471,症状,外伤性低位截瘫
44472,症状,假笑
44473,症状,唾液及汗液减少
44474,症状,婴儿枕秃
44475,症状,经期前后小腹坠痛
44476,症状,手掌呈黄色
44477,症状,指节增粗
44478,症状,桥脑梗塞
44479,症状,种植性结节
44480,症状,瘤细胞浸润
44481,症状,肝脏肿大
44482,症状,收缩期反流性杂音
44483,症状,新陈代谢旺盛
44484,症状,手指甲没有白色月牙
44485,症状,口唇刺痛
44486,症状,唇外翻
44487,症状,额叶癫痫岛盖发作
44488,症状,膀胱功能障碍
44489,症状,瘙痒
44490,症状,凝血功能障碍
44491,症状,头皮下血肿
44492,症状,鼻痒
44493,症状,外展型骨折
44494,症状,局部头痛
44495,症状,手掌和足底角化伴多汗
44496,症状,顽固性肥胖
44497,症状,慢性盆腔疼痛
44498,症状,弥漫性骨膜增厚
44499,症状,闫宇邱
44500,症状,痉笑面容
44501,症状,恶露不净
44502,症状,青光眼斑
44503,症状,牙移位
44504,症状,青春期身体发育缓慢
44505,症状,咳嗽伴胸痛
44506,症状,腰长骨刺
44507,症状,食管黏膜呈管型剥脱
44508,症状,骨髓的发育异常
44509,症状,肉芽肿
44510,症状,乳腺内无痛单发...
44511,症状,帕里诺眼-腺综合征
44512,症状,溃疡外观呈火山口样
44513,症状,额头皱纹突然增加
44514,症状,吸烟胸痛
44515,症状,鼻孔流脓
44516,症状,阴阳气血失衡
44517,症状,脂肪代谢障碍
44518,症状,发育性骨盆异常
44519,症状,睑结膜出现灰白色膜
44520,症状,足穿孔
44521,症状,乳腺退化不全
44522,症状,粥样泻
44523,症状,痛经
44524,症状,消化管蠕动不协调
44525,症状,商建磊
44526,症状,绳攀
44527,症状,骨盆损伤
44528,症状,脐周疼痛
44529,症状,恶臭便
44530,症状,髌下疼痛
44531,症状,精子质量下降
44532,症状,内斜A征
44533,症状,臂痛
44534,症状,痛性脸抽搐
44535,症状,脓疱
44536,症状,蝶形骨折
44537,症状,眼球移位
44538,症状,大腿局部肿胀变形
44539,症状,腮腺区肿大
44540,症状,子宫内膜增生性病变
44541,症状,呼吸衰竭
44542,症状,颈强直
44543,症状,婴幼儿外阴疼痛
44544,症状,虚脉
44545,症状,浅表淋巴结肿大
44546,症状,口腔血泡
44547,症状,真菌感染
44548,症状,脸部肌肉酸痛
44549,症状,泛发性红色斑块
44550,症状,腰部包块
44551,症状,望诊无明显心前区搏动
44552,症状,精索增粗肿胀
44553,症状,阴道闭锁
44554,症状,颅骨骨折
44555,症状,脘痞
44556,症状,腱或腱止点处增...
44557,症状,泪腺不发达
44558,症状,前列腺素合成减少
44559,症状,囊肿样改变
44560,症状,腹股沟区可复性肿块
44561,症状,骨外团块
44562,症状,发作性不自主运动
44563,症状,隐球菌囊膜多糖堆积
44564,症状,排卵期腹痛
44565,症状,丹毒样外观
44566,症状,肠道转运障碍
44567,症状,静脉内持续性血流
44568,症状,角膜炎
44569,症状,视神经乳头苍白
44570,症状,吟诗样语言
44571,症状,滴状角膜
44572,症状,牙根外露
44573,症状,耳道划伤
44574,症状,便秘伴剧烈腹痛
44575,症状,眼充血
44576,症状,甲皱毛细血管袢数减少
44577,症状,肘关节畸形
44578,症状,新生儿反应低下
44579,症状,肝窦扩张
44580,症状,肾小球内“三高”
44581,症状,骶骨囊肿
44582,症状,意识模糊
44583,症状,撕脱骨折
44584,症状,颅内感染
44585,症状,促甲状腺激素偏高
44586,症状,粪便脓血
44587,症状,口干渴难忍
44588,症状,眼睑呈紫红色
44589,症状,淋巴滤泡增生
44590,症状,气滞湿阻
44591,症状,颈部肌肉肿胀变硬
44592,症状,新生儿发绀
44593,症状,溶血性贫血
44594,症状,失眠
44595,症状,发热伴咳嗽、咯...
44596,症状,足底脱皮
44597,症状,肝内胆管结石
44598,症状,分离性漫游症
44599,症状,遗精
44600,症状,部位不定的疼痛
44601,症状,反应性细胞改变
44602,症状,眼眶异物
44603,症状,小腹刺痛
44604,症状,肩胛放射性疼痛
44605,症状,眼底出血和渗出
44606,症状,上肢无力
44607,症状,心力衰竭
44608,症状,立卧心率差数
44609,症状,精囊增大
44610,症状,涂春银
44611,症状,腓肠肌痉挛
44612,症状,耻区肿块
44613,症状,细小黄色瘤状皮疹
44614,症状,阴茎萎缩
44615,症状,出现毒性颗粒
44616,症状,肛内分泌物多
44617,症状,内出血
44618,症状,免疫性溶血
44619,症状,心肌细胞的浊肿
44620,症状,鼻腔不能关闭引...
44621,症状,长时间或剧烈运...
44622,症状,窥淫癖
44623,症状,急性阴道感染
44624,症状,老年大便失禁
44625,症状,晶状体蛋白逸出
44626,症状,小儿睡眠不好
44627,症状,阵挛
44628,症状,肢体麻痛
44629,症状,手的歪扭畸形
44630,症状,音调韵律的异常
44631,症状,面色青紫
44632,症状,夜间磨牙
44633,症状,肝弥漫性病变
44634,症状,手腕肿痛及掌屈...
44635,症状,胸痛伴胸闷、心悸
44636,症状,口角皲裂
44637,症状,持续性胸部疼痛...
44638,症状,髓鞘化延迟
44639,症状,眼前冒金花
44640,症状,营养性皮肤改变
44641,症状,睡眠时睑闭合不全
44642,症状,腰软不能直起
44643,症状,盐类皮质激素分泌过多
44644,症状,抗感染能力下降
44645,症状,肛门括约肌松弛
44646,症状,肌肉神经痛
44647,症状,骨斑点
44648,症状,手冻伤
44649,症状,风团
44650,症状,迟脉
44651,症状,精子不液化
44652,症状,尿液有油
44653,症状,肛门外括约肌断裂
44654,症状,子痫
44655,症状,小儿发热
44656,症状,面部脂肪粒
44657,症状,肝淀粉样变性
44658,症状,酒悖
44659,症状,咳巧克力色痰
44660,症状,颈动脉搏动减弱或消失
44661,症状,指(趾)甲缺失
44662,症状,睾丸下垂
44663,症状,儿童抽动症
44664,症状,食管下括约肌张力下降
44665,症状,失水多于失钠且...
44666,症状,外阴白斑
44667,症状,结肠息肉
44668,症状,口腔粘膜弥漫充血
44669,症状,迁徙性浅静脉血栓形成
44670,症状,喜怒无常
44671,症状,足背动脉搏动消失
44672,症状,颈性高血压
44673,症状,小脑出血
44674,症状,受伤后易产生瘢痕
44675,症状,眼底发现黄斑呈...
44676,症状,头皮血肿
44677,症状,胎儿生长发育迟缓
44678,症状,经期头痛
44679,症状,两下肺纹理增粗
44680,症状,低射血分数
44681,症状,鳞状细胞化生
44682,症状,视网膜Roth斑
44683,症状,气血失和
44684,症状,努嘴伸舌
44685,症状,青紫舌
44686,症状,肺部转移
44687,症状,睑结膜充血露出...
44688,症状,角膜晶状体粘连
44689,症状,药物过敏反应
44690,症状,牙的咀嚼磨损
44691,症状,智力发育迟缓
44692,症状,精液稠
44693,症状,肠道血管畸形
44694,症状,言语中断
44695,症状,呼吸音低
44696,症状,鲜红斑痣
44697,症状,哭泣样尖叫
44698,症状,痔块脱垂
44699,症状,记忆受损
44700,症状,细胞色素C氧化...
44701,症状,眼前黑影
44702,症状,围产期心肌病变
44703,症状,头颈部剧痛
44704,症状,卵巢增大
44705,症状,椎节分裂
44706,症状,股四头肌损伤
44707,症状,先兆子痫
44708,症状,粪柱变形变细
44709,症状,尿比重增高
44710,症状,气血不通
44711,症状,齿龈有蓝线
44712,症状,网状色素沉着斑
44713,症状,颈根部斜方肌及...
44714,症状,胸膜增厚
49612,症状,哮喘
49613,症状,高血压
50486,症状,肺燥
50487,症状,干咳
50488,症状,少痰
50489,症状,肺阴虚劳咳嗽
50492,症状,男子不育
50493,症状,阳痿
50494,症状,早泄
50496,症状,瘀血阻滞之血管瘤
50498,症状,阴虚血热型月经先期
50500,症状,养心安神
50502,症状,痰阻血瘀
50504,症状,脾虚兼湿痰
50505,症状,经行见赤白带下
50509,症状,少阴病阴盛戴阳证
50513,症状,气阴不足
50514,症状,久病体虚
50515,症状,头晕眼花
50516,症状,神疲乏力
50517,症状,再生障碍性贫血症状
50518,症状,肾气亏损
50519,症状,气血两虚
50527,症状,精神疲乏
50534,症状,下肢酸软
50542,症状,咯血吐血
50543,症状,久咳痰喘
50544,症状,阴虚发热
50546,症状,清热化痰
50547,症状,清除口腔发炎
50550,症状,感冒发热
50551,症状,湿火骨痛
50552,症状,关节肿痛
50563,症状,阴疽
50564,症状,气血瘀滞
50566,症状,增液润燥
50567,症状,阳明温病
50568,症状,津亏便秘证
50675,症状,养阴清胃
50677,症状,凉血活血止血
50713,症状,喉头发痒
50722,症状,咽干咳嗽
50723,症状,虚劳咳喘
50724,症状,肠燥便秘
50743,症状,阳痿早泄
50744,症状,小便次数太多
50748,症状,强筋壮骨
50749,症状,补血气
50796,症状,筋骨酸软
50832,症状,胸膈气滞
50833,症状,饮食不消
50836,症状,补肾明目
50851,症状,治疗疟疾病
50860,症状,伤风感冒
50895,症状,肺肾虚弱
50896,症状,咳嗽喘息
50917,症状,排尿困难
50932,症状,高血脂
50935,症状,体热
50936,症状,上火
50937,症状,虚弱
50938,症状,食少
50939,症状,水肿
50944,症状,体质衰弱
50945,症状,虚劳赢瘦
50946,症状,脾胃气虚
51236,症状,胸胁疼痛
51237,症状,泻痢
51241,症状,肝经血虚
51242,症状,崩漏
51243,症状,表虚自汗
51244,症状,头痛眩晕
51245,症状,胁肋疼痛
51246,症状,腹痛泄泻
51366,症状,燥湿清热
51512,症状,阳蹻
51513,症状,任脉
51514,症状,足阳明之会
51515,症状,目赤肿痛
51538,症状,原穴
51543,症状,小便不利
51544,症状,跌打损伤
51716,症状,化食消积
51717,症状,运肝除湿
51742,症状,出疹血热毒盛
51743,症状,黑陷不起
51770,症状,部分眼部感染
51880,症状,免疫力低下
51974,症状,瘀血阴滞
51975,症状,经闭
51976,症状,症瘕
51977,症状,虫积
51989,症状,肺痨
52068,症状,风热上攻
52069,症状,肺胃热盛所致的乳蛾
52070,症状,喉痹
52071,症状,口糜
52072,症状,咽喉肿痛
52073,症状,喉核肿大
52074,症状,牙龈肿痛或出血
52075,症状,口腔炎
52076,症状,牙龈炎见上述证候者及轻度烫伤（表皮未破）者
52368,症状,别络
52369,症状,夹督脉
52370,症状,冲脉之会
52373,症状,溺水窒息
52374,症状,癫狂
52405,症状,软坚散结
52459,症状,原发性帕金林病
52460,症状,脑炎后的帕金森综合征
