药物:ID,:LABEL,name
9411,药物,冰硼咽喉散
9412,药物,化瘀固精合剂
9413,药物,小儿解感片
9414,药物,果糖二磷酸钠注射液
9415,药物,盐酸氯丙嗪片
9416,药物,复方铝酸铋片
9417,药物,注射用乙酰谷酰胺
9418,药物,丙硫异烟胺肠溶片
9419,药物,伤科灵喷雾剂
9420,药物,消栓通络片
9421,药物,香菊片
9422,药物,芪枣颗粒
9423,药物,痔疮胶囊
9424,药物,一清片
9425,药物,盐酸氨溴索胶囊
9426,药物,仁青常觉
9427,药物,丹益片
9428,药物,盐酸赛洛唑啉鼻用喷雾剂
9429,药物,洛芬待因缓释片
9430,药物,鹿瓜多肽注射液
9431,药物,曲伏前列素滴眼液
9432,药物,牛黄解毒片
9433,药物,阿托品异丙嗪注射液
9434,药物,金胃泰胶囊
9435,药物,通滞苏润江胶囊
9436,药物,烂积丸
9437,药物,妇科养荣丸
9438,药物,沙棘颗粒
9439,药物,宫血宁胶囊
9440,药物,呋塞米注射液
9441,药物,注射用甲磺酸二氢麦角碱
9442,药物,益康胶囊
9443,药物,三七血伤宁胶囊
9444,药物,荆菊感冒片
9445,药物,复方聚维酮碘搽剂
9446,药物,复方碳酸氢钠片
9447,药物,伊曲康唑颗粒
9448,药物,脑脉泰胶囊
9449,药物,血康口服液
9450,药物,消炎退热颗粒
9451,药物,七参连软膏
9452,药物,癃清胶囊
9453,药物,胆维丁乳
9454,药物,萘普生片
9455,药物,地塞米松片
9456,药物,氟芬那酸丁酯软膏
9457,药物,维磷葡钙片
9458,药物,金荞麦片
9459,药物,双唑泰阴道泡腾片
9460,药物,藻酸双酯钠注射液
9461,药物,烟酸占替诺片
9462,药物,维生素B1丸
9463,药物,当归龙荟片
9464,药物,苯扎贝特片
9465,药物,颈痛胶囊
9466,药物,勒马回胶囊
9467,药物,阿莫西林双氯西林钠胶囊
9468,药物,盐酸胺碘酮胶囊
9469,药物,氟尿嘧啶氯化钠注射液
9470,药物,金花明目丸
9471,药物,塞克硝唑片
9472,药物,甲钴胺注射液
9473,药物,醋酸地塞米松片
9474,药物,锝[99mTc]司它比注射液
9475,药物,吲哚美辛胶囊
9476,药物,胃康灵胶囊
9477,药物,大株红景天胶囊
9478,药物,宫瘤消胶囊
9479,药物,云南红药胶囊
9480,药物,复方川芎吲哚美辛胶囊
9481,药物,前列舒丸
9482,药物,脑血栓片
9483,药物,长春胺缓释胶囊
9484,药物,苦柏止痒洗液
9485,药物,克林霉素磷酸酯溶液
9486,药物,硫唑嘌呤片
9487,药物,伤风停胶囊
9488,药物,醋酸氯己定痔疮栓
9489,药物,肝复康丸
9490,药物,冠心丸
9491,药物,溴吡斯的明片
9492,药物,妇康片
9493,药物,头孢羟氨苄甲氧苄啶胶囊
9494,药物,醋酸曲安奈德乳膏
9495,药物,盐酸阿米替林片
9496,药物,喉疾灵片
9497,药物,乌龙养血胶囊
9498,药物,速效救心丸
9499,药物,顺铂注射液
9500,药物,四物颗粒
9501,药物,注射用帕米膦酸二钠
9502,药物,四维他胶囊
9503,药物,云芝胞内糖肽胶囊
9504,药物,依托红霉素混悬液
9505,药物,益胆片
9506,药物,妇康丸
9507,药物,萘普生栓
9508,药物,断血流胶囊
9509,药物,银黄口服液
9510,药物,景天三七片
9511,药物,去甲斑蝥酸钠注射液
9512,药物,二十五味珊瑚胶囊
9513,药物,盐酸伊曲康唑胶囊
9514,药物,胞磷胆碱钠片
9515,药物,血栓心脉宁胶囊
9516,药物,氢溴酸加兰他敏缓释片
9517,药物,多烯酸乙酯胶丸
9518,药物,茶新那敏片
9519,药物,骨增消片
9520,药物,阿米卡星滴眼液
9521,药物,荡石片
9522,药物,硫酸氢氯吡格雷片
9523,药物,注射用替卡西林钠-克拉维酸钾
9524,药物,仲景胃灵胶囊
9525,药物,百蕊片
9526,药物,爱活胆通
9527,药物,氧氟沙星滴耳液
9528,药物,马来酸依那普利片
9529,药物,酮康唑乳膏
9530,药物,调经养颜片
9531,药物,酒石酸托特罗定片
9532,药物,肝苏胶囊
9533,药物,小儿七星茶颗粒
9534,药物,芎菊上清丸
9535,药物,醋酸氢化可的松滴眼液
9536,药物,注射用氨苄西林钠舒巴坦钠
9537,药物,重组促卵泡素β注射液
9538,药物,125Ala注射液
9539,药物,喉疾灵胶囊
9540,药物,复方吲哚美辛酊
9541,药物,天麻片
9542,药物,注射用氯化钾
9543,药物,复方青黛片
9544,药物,通脉养心丸
9545,药物,脂必妥片
9546,药物,盐酸普罗帕酮片
9547,药物,垂盆草颗粒
9548,药物,芦笋菠萝蛋白酶胶囊
9549,药物,十味诃子丸
9550,药物,加替沙星片
9551,药物,强骨生血口服液
9552,药物,多巴丝肼片
9553,药物,氯霉素胶囊
9554,药物,双氢青蒿素哌喹片
9555,药物,健步壮骨丸
9556,药物,盐酸萘替芬乳膏
9557,药物,珍熊胆丸
9558,药物,四君子颗粒
9559,药物,甲睾酮片
9560,药物,荣发胶囊
9561,药物,氯化钠滴眼液
9562,药物,银杏叶片
9563,药物,颠茄磺苄啶片
9564,药物,诺氟沙星胶囊
9565,药物,依托红霉素颗粒
9566,药物,辛伐他汀片
9567,药物,鱼肝油酸钠注射液
9568,药物,维生素C钠胶囊
9569,药物,复方石韦胶囊
9570,药物,补中益气颗粒
9571,药物,毛冬青胶囊
9572,药物,乐孕宁颗粒
9573,药物,愈风宁心片
9574,药物,盐酸氯丙嗪注射液
9575,药物,樟脑醑
9576,药物,五维赖氨酸口服溶液
9577,药物,氨茶碱片
9578,药物,固肾安胎丸
9579,药物,米诺地尔喷雾剂
9580,药物,氯膦酸二钠注射液
9581,药物,甲磺酸酚妥拉明颗粒
9582,药物,茴拉西坦胶囊
9583,药物,消石利胆胶囊
9584,药物,关节镇痛膏
9585,药物,依诺沙星乳膏
9586,药物,复方胆通片
9587,药物,三七血伤宁散
9588,药物,咽炎片
9589,药物,格列美脲片
9590,药物,替硝唑氯化钠注射液
9591,药物,盐酸环丙沙星凝胶
9592,药物,注射用石杉碱甲
9593,药物,利胆排石胶囊
9594,药物,乳结泰胶囊
9595,药物,红霉素眼膏
9596,药物,镇痫片
9597,药物,前列舒乐软胶囊
9598,药物,治咳枇杷露
9599,药物,拨云复光散
9600,药物,龙胆泻肝口服液
9601,药物,小牛血去蛋白提取物注射液
9602,药物,复方灵芝颗粒
9603,药物,颠茄口腔崩解片
9604,药物,心脑健片
9605,药物,恩替卡韦分散片
9606,药物,胆炎康胶囊
9607,药物,匹多莫德片
9608,药物,当飞利肝宁片
9609,药物,内消瘰疬丸
9610,药物,保妇康栓
9611,药物,柏栀祛湿洗液
9612,药物,骨刺宁片
9613,药物,补肺活血胶囊
9614,药物,甲芪肝纤颗粒
9615,药物,非诺贝特胶囊
9616,药物,递法明片
9617,药物,固肠胶囊
9618,药物,蛇莲胶囊
9619,药物,千金保孕丸
9620,药物,盐酸曲普利啶胶囊
9621,药物,吡贝地尔缓释片
9622,药物,艾迪注射液
9623,药物,乳宁片
9624,药物,胃蛋白酶颗粒
9625,药物,龙牡壮骨颗粒
9626,药物,茴香橘核丸
9627,药物,富马酸替诺福韦二吡呋酯片
9628,药物,烧伤肤康液
9629,药物,化痰平喘片
9630,药物,解郁安神胶囊
9631,药物,氢溴酸樟柳碱注射液
9632,药物,丙酸倍氯米松气雾剂
9633,药物,柏栀祛湿喷雾剂
9634,药物,小儿维生素咀嚼片
9635,药物,风油精
9636,药物,肌苷注射液
9637,药物,参莲胶囊
9638,药物,麦考酚钠肠溶片
9639,药物,吡非尼酮胶囊
9640,药物,胞磷胆碱钠胶囊
9641,药物,酵母
9642,药物,盐酸乙哌立松片
9643,药物,辅酶Q10软胶囊
9644,药物,肌苷片
9645,药物,醋酸甲地孕酮分散片
9646,药物,小儿复方磺胺甲噁唑颗粒
9647,药物,清热解毒颗粒
9648,药物,腰痛片
9649,药物,日晒防治膏
9650,药物,强阳保肾丸
9651,药物,愈风宁心胶囊
9652,药物,盐酸曲唑酮片
9653,药物,颅痛宁颗粒
9654,药物,螺内酯片
9655,药物,聚卡波非钙片
9656,药物,过氧苯甲酰凝胶
9657,药物,阿莫西林克拉维酸钾片
9658,药物,乌军治胆胶囊
9659,药物,健阳片
9660,药物,19AA-Ⅰ
9661,药物,30R
9662,药物,蒿甲醚注射液
9663,药物,盐酸伐昔洛韦片
9664,药物,姜颗粒
9665,药物,胰胆舒胶囊
9666,药物,硫酸沙丁胺醇气雾剂
9667,药物,消瘀康胶囊
9668,药物,姜黄消痤搽剂
9669,药物,苯丁酸氮芥片
9670,药物,苦参碱栓
9671,药物,黄体酮注射液
9672,药物,注射用呋塞米
9673,药物,参茸卫生丸
9674,药物,清热醒脑灵丸
9675,药物,复方羊角片
9676,药物,灵仙跌打片
9677,药物,乳核散结胶囊
9678,药物,右旋布洛芬口服混悬液
9679,药物,黄精赞育胶囊
9680,药物,参芪降糖颗粒
9681,药物,维生素E胶丸
9682,药物,氨甲苯酸注射液
9683,药物,伤湿解痛膏
9684,药物,盐酸硫必利片
9685,药物,多酶片
9686,药物,磷酸川芎嗪氯化钠注射液
9687,药物,三七止血片
9688,药物,脑乐静口服液
9689,药物,硝酸奥昔康唑乳膏
9690,药物,养荣祛斑膏
9691,药物,固元胶囊
9692,药物,利巴韦林滴眼液
9693,药物,金鸡颗粒
9694,药物,善存银片
9695,药物,银翘解毒颗粒
9696,药物,盐酸纳洛酮注射液
9697,药物,氨苄西林胶囊
9698,药物,祛白酊
9699,药物,参龟固本酒
9700,药物,法罗培南钠片
9701,药物,致康胶囊
9702,药物,金甲排石胶囊
9703,药物,婴儿保肺宁
9704,药物,黄芪精
9705,药物,鱼石脂软膏
9706,药物,清脑降压胶囊
9707,药物,磷酸川芎嗪片
9708,药物,吡嘧司特钾片
9709,药物,复方杏香兔耳风颗粒
9710,药物,小儿止泻灵颗粒
9711,药物,痔炎消颗粒
9712,药物,复方蒲芩胶囊
9713,药物,氟胞嘧啶片
9714,药物,藿香祛暑软胶囊
9715,药物,骨筋丸胶囊
9716,药物,珍香胶囊
9717,药物,抗癌平丸
9718,药物,氯雷他定胶囊
9719,药物,化痔片
9720,药物,华法林钠片
9721,药物,通宣理肺丸
9722,药物,利多卡因氯己定气雾剂
9723,药物,消糜栓
9724,药物,青蒿琥酯阿莫地喹片
9725,药物,六味地黄丸
9726,药物,骨刺平片
9727,药物,屏风生脉胶囊
9728,药物,茵栀黄颗粒
9729,药物,鸦胆子油口服乳液
9730,药物,呋喃硫胺片
9731,药物,西瓜霜润喉片
9732,药物,阿托伐他汀钙分散片
9733,药物,丙酸倍氯米松乳膏
9734,药物,注射用头孢呋辛钠
9735,药物,复方氯化钠注射液
9736,药物,妇康宝口服液
9737,药物,小儿双磺甲氧苄啶颗粒
9738,药物,丹参酮胶囊
9739,药物,蒲地蓝消炎口服液
9740,药物,复方磷酸萘酚喹片
9741,药物,甘草锌胶囊
9742,药物,力加寿片
9743,药物,肾上腺色腙片
9744,药物,小儿咳喘灵颗粒
9745,药物,擦癣药水
9746,药物,盐酸可乐定滴丸
9747,药物,香菇菌多糖片
9748,药物,生精片
9749,药物,金药膏
9750,药物,精蛋白锌胰岛素注射液(30R)
9751,药物,盐酸西替利嗪滴剂
9752,药物,脂肪乳注射液[C14-24]
9753,药物,醋甲唑胺片
9754,药物,小儿敷脐止泻散
9755,药物,腰息痛胶囊
9756,药物,七十味珍珠丸
9757,药物,利福定胶囊
9758,药物,牛黄清热胶囊
9759,药物,龙虎人丹
9760,药物,注射用磷霉素钠
9761,药物,注射用高三尖杉酯碱
9762,药物,伤痛酊
9763,药物,复方克霉唑乳膏
9764,药物,伊曲康唑注射液
9765,药物,甘草酸二铵肠溶胶囊
9766,药物,注射用顺铂
9767,药物,人胎盘片
9768,药物,景天祛斑胶囊
9769,药物,云南花粉片
9770,药物,诺氟沙星滴眼液
9771,药物,腰腿痛丸
9772,药物,伏立康唑胶囊
9773,药物,平消片
9774,药物,乌龙散
9775,药物,独一味颗粒
9776,药物,小儿止泻安颗粒
9777,药物,左甲状腺素钠片
9778,药物,乳酸依沙吖啶溶液
9779,药物,消癌平口服液
9780,药物,盐酸特比萘芬阴道泡腾片
9781,药物,甲磺酸倍他司汀片
9782,药物,附子理中丸
9783,药物,乳癖舒胶囊
9784,药物,己烯雌酚片
9785,药物,小青龙合剂
9786,药物,八味沉香丸
9787,药物,虎驹乙肝胶囊
9788,药物,复方磺胺嘧啶锌凝胶
9789,药物,参三七伤药胶囊
9790,药物,骨刺消痛胶囊
9791,药物,夏枯草膏
9792,药物,血府逐瘀颗粒
9793,药物,肛泰
9794,药物,八宝拨云散
9795,药物,布美他尼注射液
9796,药物,麝香抗栓胶囊
9797,药物,复方硫酸软骨素片
9798,药物,复方二氯醋酸二异丙胺片
9799,药物,复方锌铁钙颗粒
9800,药物,左氧氟沙星滴眼液
9801,药物,苍苓止泻口服液
9802,药物,人凝血酶原复合物
9803,药物,小儿咳喘灵口服液
9804,药物,硫软膏
9805,药物,甲磺酸左氧氟沙星氯化钠注射液
9806,药物,地仲强骨胶囊
9807,药物,乳癖康胶囊
9808,药物,汉防己甲素片
9809,药物,甲磺酸酚妥拉明分散片
9810,药物,葡醛酸钠注射液
9811,药物,吉他霉素片
9812,药物,眼氨肽滴眼液
9813,药物,乌洛托品溶液
9814,药物,胞磷胆碱钠葡萄糖注射液
9815,药物,潞党参膏滋
9816,药物,调经祛斑片
9817,药物,妇科调经颗粒
9818,药物,风湿骨痛丸
9819,药物,双花草珊瑚含片
9820,药物,二十五味马宝丸
9821,药物,盐酸多西环素片
9822,药物,甲硝唑芬布芬胶囊
9823,药物,盐酸左布诺洛尔滴眼液
9824,药物,健胃消食片
9825,药物,清胃黄连丸
9826,药物,人用狂犬病疫苗(Vero细胞)
9827,药物,藤黄健骨胶囊
9828,药物,醋酸去氨加压素片
9829,药物,降浊健美颗粒
9830,药物,鼻舒适片
9831,药物,保和丸
9832,药物,连蒲双清片
9833,药物,硼酸软膏
9834,药物,胆宁片
9835,药物,兰索拉唑肠溶胶囊
9836,药物,转化糖电解质注射液
9837,药物,布林佐胺滴眼液
9838,药物,活力源片
9839,药物,小儿双解止泻颗粒
9840,药物,盐酸洛美沙星片
9841,药物,复方双金痔疮膏
9842,药物,尼可刹米注射液
9843,药物,注射用肌氨肽苷
9844,药物,重组人表皮生长因子滴眼液
9845,药物,羟糖甘滴眼液
9846,药物,琥珀消石颗粒
9847,药物,疤痕止痒软化膏
9848,药物,保胎灵胶囊
9849,药物,金花消痤丸
9850,药物,盐酸多奈哌齐分散片
9851,药物,硼酸氧化锌冰片软膏
9852,药物,注射用糜蛋白酶
9853,药物,盐酸丙卡特罗片
9854,药物,氧氟沙星眼膏
9855,药物,小儿消积止咳口服液
9856,药物,依帕司他胶囊
9857,药物,伏立康唑片
9858,药物,氨碘肽滴眼液
9859,药物,益脑宁片
9860,药物,苯磺酸氨氯地平片
9861,药物,排毒养颜胶囊
9862,药物,双参补肾助阳胶囊
9863,药物,丹桃合剂
9864,药物,醋酸氟轻松乳膏
9865,药物,甘露醇注射液
9866,药物,止痛化癥片
9867,药物,醋酸氟轻松冰片乳膏
9868,药物,注射用腺苷钴铵
9869,药物,盐酸林可霉素胶囊
9870,药物,苯丙醇软胶囊
9871,药物,注射用重组人生长激素
9872,药物,盐酸左旋咪唑糖浆
9873,药物,甲磺酸加替沙星分散片
9874,药物,妇康宝颗粒
9875,药物,米索前列醇片
9876,药物,三七伤药片
9877,药物,低分子量肝素钠注射液
9878,药物,精制冠心片
9879,药物,叶酸片
9880,药物,多糖铁复合物胶囊
9881,药物,右旋糖酐羟丙甲纤维素滴眼液
9882,药物,盐酸海索那林片
9883,药物,口服葡萄糖
9884,药物,布美他尼片
9885,药物,冰珍去翳滴眼液
9886,药物,盐酸左氧氟沙星氯化钠注射液
9887,药物,白花蛇舌草注射液
9888,药物,复方斑蝥胶囊
9889,药物,抗宫炎片
9890,药物,除翳明目片
9891,药物,杏香兔耳风胶囊
9892,药物,芪麝丸
9893,药物,血美安胶囊
9894,药物,丁酸氯倍他松乳膏
9895,药物,洛伐他汀胶囊
9896,药物,注射用重组人干扰素α1b
9897,药物,碳酸氢钠注射液
9898,药物,注射用重组人干扰素β-1b
9899,药物,伤科跌打丸
9900,药物,环磷腺苷葡胺葡萄糖注射液
9901,药物,五维甘草那敏胶囊
9902,药物,诺氟沙星片
9903,药物,胃膜素胶囊
9904,药物,辅酶Q10胶囊
9905,药物,五妙水仙膏
9906,药物,伊曲康唑口服液
9907,药物,茶碱缓释片
9908,药物,利鲁唑片
9909,药物,小儿盐酸赖氨酸颗粒
9910,药物,夏枯草口服液
9911,药物,硝酸咪康唑栓
9912,药物,氟尿嘧啶乳膏
9913,药物,积雪苷胶囊
9914,药物,翁沥通颗粒
9915,药物,C14～24
9916,药物,金蝉止痒胶囊
9917,药物,婴儿健脾颗粒
9918,药物,益心巴迪然吉布亚颗粒
9919,药物,参坤养血颗粒
9920,药物,盐酸乐卡地平片
9921,药物,门冬氨酸钙口服溶液
9922,药物,龟甲胶
9923,药物,归圆口服液
9924,药物,肾炎消肿片
9925,药物,牛黄清心丸
9926,药物,维U铝镁双层片
9927,药物,缩宫素鼻喷雾剂
9928,药物,新生化颗粒
9929,药物,磷霉素钙片
9930,药物,肤痒颗粒
9931,药物,痛血康胶囊
9932,药物,头孢特仑新戊酯胶囊
9933,药物,七叶皂苷钠片
9934,药物,板蓝根茶
9935,药物,葛根素注射液
9936,药物,妇科止痒胶囊
9937,药物,西黄胶囊
9938,药物,玉泉颗粒
9939,药物,注射用头孢他啶
9940,药物,甲氨蝶呤注射液
9941,药物,钻山风糖浆
9942,药物,阿替洛尔片
9943,药物,盐酸特比萘芬凝胶
9944,药物,宁心宝胶囊
9945,药物,盐酸羟甲唑啉喷雾剂
9946,药物,复方芦丁片
9947,药物,小柴胡颗粒
9948,药物,门冬氨酸鸟氨酸注射液
9949,药物,氨甲苯酸片
9950,药物,头孢克肟干混悬剂
9951,药物,更昔洛韦滴眼液
9952,药物,六锐胶囊
9953,药物,奥松肚痛泻丸
9954,药物,哈西奈德溶液
9955,药物,夏天无滴眼液
9956,药物,氨酪酸片
9957,药物,甘露聚糖肽口服溶液
9958,药物,美沙拉秦栓剂
9959,药物,巯嘌呤片
9960,药物,琥乙红霉素咀嚼片
9961,药物,奥利司他胶囊
9962,药物,陈香露白露片
9963,药物,盐酸氨基葡萄糖颗粒
9964,药物,八珍颗粒
9965,药物,独一味片
9966,药物,小牛血去蛋白提取物眼用凝胶
9967,药物,复方青橄榄利咽含片
9968,药物,癣灵药水
9969,药物,宁神丸
9970,药物,夏天无胶囊
9971,药物,盐酸克林霉素氯化钠注射液
9972,药物,血复生片
9973,药物,鬼臼毒素酊
9974,药物,烟酸肌醇酯片
9975,药物,八味益肾丸
9976,药物,复方鲜竹沥液
9977,药物,单糖浆
9978,药物,小金片
9979,药物,磺胺甲噁唑片
9980,药物,Ⅰ
9981,药物,注射用复方甘草酸单铵S
9982,药物,硝呋太尔制霉素阴道软胶囊
9983,药物,地诺前列酮栓
9984,药物,血脂平胶囊
9985,药物,千金藤啶碱片
9986,药物,苯噻啶片
9987,药物,血宝胶囊
9988,药物,维肝福泰片
9989,药物,盐酸头孢他美酯干混悬剂
9990,药物,复方青黛胶囊
9991,药物,金骨莲片
9992,药物,金栀咽喉袋泡茶
9993,药物,妇科断红饮胶囊
9994,药物,硫酸软骨素片
9995,药物,羚羊角滴丸
9996,药物,维D2乳酸钙片
9997,药物,左氧氟沙星片
9998,药物,盐酸左氧氟沙星分散片
9999,药物,注射用醋酸卡泊芬净
10000,药物,参皇乳膏
10001,药物,骨刺胶囊
10002,药物,固本回元口服液
10003,药物,复方地西泮片
10004,药物,小金丸
10005,药物,溶栓胶囊
10006,药物,甲磺酸帕珠沙星注射液
10007,药物,硫酸长春碱注射液
10008,药物,大蒜素软胶囊
10009,药物,注射用磺苄西林钠
10010,药物,TPSPA
10011,药物,盐酸二氧丙嗪片
10012,药物,单硝酸异山梨酯胶囊
10013,药物,聚甲酚磺醛凝胶
10014,药物,酮洛芬凝胶
10015,药物,熊胆丸
10016,药物,阿仑膦酸钠肠溶片
10017,药物,别嘌醇片
10018,药物,阿昔洛韦片
10019,药物,生血丸
10020,药物,消旋山莨菪碱滴眼液
10021,药物,肠内营养混悬液(TPF)
10022,药物,金叶滴眼剂
10023,药物,康力欣胶囊
10024,药物,愈裂贴膏
10025,药物,富马酸酮替芬分散片
10026,药物,他克莫司胶囊
10027,药物,七鞭回春乐胶囊
10028,药物,曲安奈德新霉素贴膏
10029,药物,胚宝胶囊
10030,药物,甲磺酸伊马替尼片
10031,药物,十一味参芪胶囊
10032,药物,娃娃宁泡腾片
10033,药物,威灵骨刺膏
10034,药物,复方酮康唑乳膏
10035,药物,楼莲胶囊
10036,药物,消朦片
10037,药物,温胃舒泡腾片
10038,药物,乳酸菌素片
10039,药物,头孢克肟片
10040,药物,埃希
10041,药物,桃红清血丸
10042,药物,小儿清肺止咳片
10043,药物,抗骨质增生丸
10044,药物,江西京通美联一清颗粒
10045,药物,氟康唑分散片
10046,药物,罗红霉素干混悬剂
10047,药物,茶苯海明片
10048,药物,肾石通颗粒
10049,药物,生尔发糖浆
10050,药物,小儿热咳口服液
10051,药物,广誉远定坤丹
10052,药物,烟酸片
10053,药物,人胎盘组织液
10054,药物,藿香正气片
10055,药物,丹鹿通督片
10056,药物,碘化钾片
10057,药物,阿司待因片
10058,药物,肠泰合剂
10059,药物,脂脉康胶囊
10060,药物,胃复春片
10061,药物,注射用盐酸尼莫司汀
10062,药物,八味锡类散
10063,药物,消炎止痢灵片
10064,药物,鼻通丸
10065,药物,醒脾养儿颗粒
10066,药物,阿法骨化醇软胶囊
10067,药物,美雄酮片
10068,药物,小儿喜食片
10069,药物,小儿复方磺胺甲噁唑片
10070,药物,对乙酰氨基酚栓
10071,药物,舒心降脂片
10072,药物,妇科分清丸
10073,药物,pH4
10074,药物,逍遥丸
10075,药物,注射用普罗瑞林
10076,药物,银芩胶囊
10077,药物,三七片
10078,药物,胆石清片
10079,药物,卡马西平胶囊
10080,药物,水飞蓟宾胶囊
10081,药物,枯草杆菌活菌胶囊
10082,药物,盐酸特拉唑嗪胶囊
10083,药物,甘油果糖氯化钠注射液
10084,药物,呋喃唑酮片
10085,药物,北芪片
10086,药物,百合固金片
10087,药物,成人装
10088,药物,鸦胆子油乳注射液
10089,药物,丁硼乳膏
10090,药物,阿司匹林肠溶片
10091,药物,跌打扭伤灵酊
10092,药物,四季抗病毒胶囊
10093,药物,夏枯草颗粒
10094,药物,乙酰麦迪霉素干混悬剂
10095,药物,肾衰宁片
10096,药物,炎宁颗粒
10097,药物,安替可胶囊
10098,药物,渴乐宁胶囊
10099,药物,重组牛碱性成纤维细胞生长因子凝胶
10100,药物,降脂宁颗粒
10101,药物,散结止痛膏
10102,药物,白带丸
10103,药物,盐酸硫必利氯化钠注射液
10104,药物,金蝉止痒颗粒
10105,药物,甲硝唑氯己定软膏
10106,药物,上清丸
10107,药物,盐酸倍他司汀口服液
10108,药物,盐酸异丙肾上腺素注射液
10109,药物,首乌延寿片
10110,药物,肌苷口服溶液
10111,药物,盐酸奥洛他定胶囊
10112,药物,银贝止咳颗粒
10113,药物,通窍耳聋丸
10114,药物,黄芩素铝胶囊
10115,药物,珍珠末
10116,药物,熊胆开明片
10117,药物,马来酸桂哌齐特注射液
10118,药物,参芪十一味颗粒
10119,药物,齐墩果酸胶囊
10120,药物,螺内酯胶囊
10121,药物,前列泰胶囊
10122,药物,橘红痰咳颗粒
10123,药物,福康片
10124,药物,止血宁胶囊
10125,药物,泼尼松龙片
10126,药物,双嘧达莫片
10127,药物,双花百合片
10128,药物,脑血康胶囊
10129,药物,巴氯芬片
10130,药物,异维A酸软胶囊
10131,药物,曲安西龙片
10132,药物,复方田七胃痛胶囊
10133,药物,吡拉西坦胶囊
10134,药物,甲苯磺酸妥舒沙星片
10135,药物,丹郁骨康丸
10136,药物,醋酸曲安奈德益康唑乳膏
10137,药物,利巴韦林泡腾颗粒
10138,药物,苦参软膏
10139,药物,复方丹参滴丸
10140,药物,戊酸雌二醇片/雌二醇环丙孕酮片复合包装
10141,药物,丹曲林钠胶囊
10142,药物,硫酸卡那霉素滴眼液
10143,药物,左乙拉西坦口服溶液
10144,药物,海马巴戟胶囊
10145,药物,参松养心胶囊
10146,药物,氨茶碱氯化钠注射液
10147,药物,天麻丸
10148,药物,洁阴止痒洗液
10149,药物,小败毒膏
10150,药物,羚羊清肺散
10151,药物,盐酸维拉帕米片
10152,药物,阿奇霉素肠溶片
10153,药物,马来酸曲美布汀片
10154,药物,氯化钾缓释片
10155,药物,硝酸布康唑阴道乳膏
10156,药物,整蛋白型肠内营养剂(粉剂)
10157,药物,苯酰甲硝唑干混悬剂
10158,药物,注射用乌司他丁
10159,药物,元胡止痛胶囊
10160,药物,地塞米松磷酸钠滴眼液
10161,药物,樟脑水合氯醛酊
10162,药物,乙氧苯柳胺软膏
10163,药物,葡萄糖注射液
10164,药物,川芎茶调颗粒
10165,药物,塞替派注射液
10166,药物,阿莫西林颗粒
10167,药物,利肝隆颗粒
10168,药物,头孢泊肟酯胶囊
10169,药物,门冬氨酸钾镁口服溶液
10170,药物,芪苈强心胶囊
10171,药物,妇洁舒洗液
10172,药物,吲哚美辛软膏
10173,药物,牛黄抱龙丸
10174,药物,昆明山海棠片
10175,药物,氯诺昔康片
10176,药物,穿心莲软胶囊
10177,药物,维A酸乳膏
10178,药物,盐酸氯环利嗪片
10179,药物,心速宁胶囊
10180,药物,十一味金色丸
10181,药物,肾衰宁胶囊
10182,药物,益气养血口服液
10183,药物,脑安滴丸
10184,药物,八珍片
10185,药物,心脑欣片
10186,药物,成膜型
10187,药物,硫酸阿米卡星注射液
10188,药物,葡萄糖酸锌咀嚼片
10189,药物,苯甲酸苄酯凝胶
10190,药物,养心定悸胶囊
10191,药物,复方氟尿嘧啶口服溶液
10192,药物,赖氨酸磷酸氢钙片
10193,药物,礞石滚痰丸
10194,药物,双环醇片
10195,药物,熊胆粉
10196,药物,奥美拉唑镁肠溶片
10197,药物,清泻丸
10198,药物,尿石通丸
10199,药物,黄体酮胶囊
10200,药物,三黄珍珠膏
10201,药物,鲑鱼降钙素喷鼻剂
10202,药物,葡醛内酯片
10203,药物,地屈孕酮片
10204,药物,金嗓散结胶囊
10205,药物,硫酸特布他林片
10206,药物,瓜霜退热灵胶囊
10207,药物,维血宁颗粒
10208,药物,脾胃舒丸
10209,药物,更年安胶囊
10210,药物,全鹿丸
10211,药物,磷酸氯喹片
10212,药物,升血调元汤
10213,药物,三黄片
10214,药物,静灵口服液
10215,药物,盐酸阿夫唑嗪缓释片
10216,药物,可乐定透皮贴片
10217,药物,乳核内消颗粒
10218,药物,更昔洛韦眼用凝胶
10219,药物,大七厘片
10220,药物,左金丸
10221,药物,多维铁口服溶液
10222,药物,愈风宁心滴丸
10223,药物,复方菠萝蛋白酶肠溶片
10224,药物,奋乃静片
10225,药物,匹伐他汀钙片
10226,药物,盐酸黄酮哌酯片
10227,药物,复方卡力孜然酊
10228,药物,盐酸伐地那非片
10229,药物,双唑泰泡腾片
10230,药物,乙肝清热解毒胶囊
10231,药物,小儿肺热咳喘口服液
10232,药物,祖师麻片
10233,药物,大月晶丸
10234,药物,克拉霉素片
10235,药物,云南白药
10236,药物,氢醌乳膏
10237,药物,调经祛斑胶囊
10238,药物,注射用头孢噻肟钠
10239,药物,去甲斑蝥素片
10240,药物,丁酸氢化可的松乳膏
10241,药物,硫酸镁注射液
10242,药物,金刚片
10243,药物,甲硝唑阴道泡腾片
10244,药物,甲硝唑口腔粘贴片
10245,药物,司帕沙星分散片
10246,药物,地拉罗司分散片
10247,药物,百咳静糖浆
10248,药物,洛莫司汀胶囊
10249,药物,阿那日十四味散
10250,药物,脑血康丸
10251,药物,盐酸纳曲酮片
10252,药物,玉屏风口服液
10253,药物,酒石酸美托洛尔片
10254,药物,二十九味能消散
10255,药物,硫酸庆大霉素注射液
10256,药物,银黄颗粒
10257,药物,清开灵注射液
10258,药物,十三味红花丸
10259,药物,普济痔疮栓
10260,药物,甲紫溶液
10261,药物,肾肝宁胶囊
10262,药物,利巴韦林胶囊
10263,药物,固肾合剂
10264,药物,经带宁胶囊
10265,药物,酞丁安滴眼液
10266,药物,硝呋太尔阴道片
10267,药物,紫草婴儿软膏
10268,药物,健肝灵胶囊
10269,药物,祛瘀散结片
10270,药物,紫龙金片
10271,药物,塞来昔布胶囊
10272,药物,祛风止痒口服液
10273,药物,复方樟脑乳膏
10274,药物,肿节风胶囊
10275,药物,乙酰唑胺片
10276,药物,止痛化癥颗粒
10277,药物,麝珠明目滴眼液
10278,药物,单唾液酸四己糖神经节苷脂钠注射液
10279,药物,联苯苄唑乳膏
10280,药物,沙格列汀片
10281,药物,保胎无忧散
10282,药物,五海瘿瘤丸
10283,药物,醋酸甲萘氢醌片
10284,药物,阿司匹林片
10285,药物,藻酸双酯钠片
10286,药物,肌氨肽苷注射液
10287,药物,消结安口服液
10288,药物,肿节风分散片
10289,药物,双氯芬酸钠滴眼液
10290,药物,右美沙芬缓释混悬液
10291,药物,抗狂犬病血清
10292,药物,醋酸环丙孕酮片
10293,药物,秋水仙碱片
10294,药物,鼻炎宁颗粒
10295,药物,食道平散
10296,药物,烯丙雌醇片
10297,药物,葛根素滴眼液
10298,药物,乌梅丸
10299,药物,盐酸帕罗西汀片
10300,药物,巴曲酶注射液
10301,药物,碳酸钙片
10302,药物,盐酸洛美沙星滴耳液
10303,药物,右旋糖酐铁口服液
10304,药物,暖宫七味丸
10305,药物,解毒凉血合剂
10306,药物,牛痘疫苗致炎兔皮提取物注射液
10307,药物,缩泉胶囊
10308,药物,朱砂安神丸
10309,药物,硫酸锌片
10310,药物,复方利血平片
10311,药物,麝香祛痛搽剂
10312,药物,康莱特注射液
10313,药物,甘油氯化钠注射液
10314,药物,注射用盐酸吡柔比星
10315,药物,黄杨宁片
10316,药物,重组人干扰素α-2b注射液
10317,药物,脂降宁片
10318,药物,枫蓼肠胃康颗粒
10319,药物,活络油
10320,药物,五维他口服溶液
10321,药物,前列通栓
10322,药物,注射用替卡西林钠克拉维酸钾
10323,药物,注射用甲泼尼龙琥珀酸钠
10324,药物,鲨肝醇片
10325,药物,醒脑安神片
10326,药物,硝酸益康唑溶液
10327,药物,复方氨基丁酸维E胶囊
10328,药物,心律宁片
10329,药物,康肾颗粒
10330,药物,感冒清胶囊
10331,药物,硫酸阿托品片
10332,药物,加替沙星滴眼液
10333,药物,米非司酮片
10334,药物,注射用硫代硫酸钠
10335,药物,滴通鼻炎水
10336,药物,小儿生血糖浆
10337,药物,糠酸莫米松乳膏
10338,药物,复方银杏叶萃取物胶囊
10339,药物,氢溴酸加兰他敏片
10340,药物,缬沙坦胶囊
10341,药物,硝酸甘油软膏
10342,药物,金刚藤咀嚼片
10343,药物,头孢泊肟酯干混悬剂
10344,药物,左卡尼汀口服溶液
10345,药物,建曲
10346,药物,曲克芦丁氯化钠注射液
10347,药物,苯甲酸苄酯搽剂
10348,药物,复方首乌补液
10349,药物,小儿清解颗粒
10350,药物,苯酰甲硝唑胶囊
10351,药物,吗替麦考酚酯分散片
10352,药物,聚乙二醇滴眼液
10353,药物,9AA
10354,药物,维生素E烟酸酯胶囊
10355,药物,亮菌口服溶液
10356,药物,马洛替酯片
10357,药物,云香精
10358,药物,转移因子胶囊
10359,药物,六味地黄胶囊
10360,药物,骨化三醇胶丸
10361,药物,恒古骨伤愈合剂
10362,药物,阿魏酸钠注射液
10363,药物,舒筋通络颗粒
10364,药物,莱葛颗粒
10365,药物,注射用生长抑素
10366,药物,注射用盐酸平阳霉素
10367,药物,理中丸
10368,药物,阿卡波糖胶囊
10369,药物,维生素B6注射液
10370,药物,十全大补丸
10371,药物,壳脂胶囊
10372,药物,跌打丸
10373,药物,辣椒风湿膏
10374,药物,舒胆胶囊
10375,药物,消结安胶囊
10376,药物,复方磺胺甲噁唑钠滴眼液
10377,药物,葛泰地奥司明片
10378,药物,雌二醇屈螺酮片
10379,药物,甲磺酸双氢麦角毒碱片
10380,药物,盐酸乙哌立松颗粒
10381,药物,坤宁颗粒
10382,药物,甲芬那酸胶囊
10383,药物,养正消积胶囊
10384,药物,来氟米特片
10385,药物,小儿奇应丸
10386,药物,妇月康胶囊
10387,药物,肥儿宝颗粒
10388,药物,复方黄松湿巾
10389,药物,8月11日
10390,药物,盐酸倍他司汀片
10391,药物,大活络丸
10392,药物,盐酸普萘洛尔片盐酸地尔硫
10393,药物,茵莲清肝颗粒
10394,药物,脑苷肌肽注射液
10395,药物,甲氨蝶呤片
10396,药物,嘎日迪五味丸
10397,药物,格列吡嗪缓释片
10398,药物,八宝惊风散
10399,药物,卡前列素氨丁三醇注射液
10400,药物,盐酸米多君片
10401,药物,固本咳喘片
10402,药物,聚维酮碘乳膏
10403,药物,枯草杆菌二联活菌颗粒
10404,药物,吡拉西坦注射液
10405,药物,产后康膏
10406,药物,更年舒片
10407,药物,金红片
10408,药物,复方磺胺甲噁唑分散片
10409,药物,倍芪腹泻贴
10410,药物,五氟利多片
10411,药物,银屑颗粒
10412,药物,葡萄糖酸锌颗粒
10413,药物,生发丸
10414,药物,盐酸赖氨酸氯化钠注射液
10415,药物,通塞脉片
10416,药物,维U颠茄铝镁片
10417,药物,木香顺气丸
10418,药物,经血宁胶囊
10419,药物,注射用头孢唑林钠
10420,药物,复方氯化钠滴眼液
10421,药物,黄连羊肝丸
10422,药物,磷酸伯氨喹片
10423,药物,补中益气合剂
10424,药物,复方曲安奈德乳膏
10425,药物,唐草片
10426,药物,复合乳酸菌胶囊
10427,药物,积雪苷片
10428,药物,聚维酮碘溶液
10429,药物,复方甘草酸苷胶囊
10430,药物,苯丙氨酯片
10431,药物,盐酸左卡巴斯汀鼻喷雾剂
10432,药物,利胆片
10433,药物,头孢地尼分散片
10434,药物,复方α-酮酸片
10435,药物,元胡止痛片
10436,药物,特灵眼药
10437,药物,小儿化毒胶囊
10438,药物,阿昔洛韦乳膏
10439,药物,五子衍宗丸
10440,药物,贝美前列素滴眼液
10441,药物,复方硫黄乳膏
10442,药物,硒酵母片
10443,药物,石淋通颗粒
10444,药物,骨折挫伤胶囊
10445,药物,鱼鳞病片
10446,药物,川贝清肺糖浆
10447,药物,强肝片
10448,药物,盐酸舍曲林片
10449,药物,板蓝根滴眼液
10450,药物,注射用盐酸二甲弗林
10451,药物,梁财信跌打丸
10452,药物,六甲蜜胺胶囊
10453,药物,十味活血丸
10454,药物,注射用鲑鱼降钙素
10455,药物,朴实颗粒
10456,药物,静注人免疫球蛋白(pH4)
10457,药物,乙酰螺旋霉素片
10458,药物,注射用氨甲环酸
10459,药物,肾炎安胶囊
10460,药物,金归洗液
10461,药物,沙丁胺醇气雾剂
10462,药物,万宝油
10463,药物,普伐他汀钠片
10464,药物,甲亢灵胶囊
10465,药物,六合维生素丸
10466,药物,珍视明滴眼液
10467,药物,吐泻肚痛胶囊
10468,药物,冠脉宁片
10469,药物,盐酸替扎尼定片
10470,药物,复方羊角颗粒
10471,药物,醋酸泼尼松龙滴眼液
10472,药物,美诺平颗粒
10473,药物,阿莫西林胶囊
10474,药物,单唾液酸四己糖神经节苷脂钠盐注射液
10475,药物,高乌甲素贴片
10476,药物,复方氢溴酸东莨菪碱贴膏
10477,药物,茵栀黄软胶囊
10478,药物,TP
10479,药物,氯沙坦钾氢氯噻嗪片
10480,药物,(奥松)肚痛泻丸
10481,药物,鼻炎灵片
10482,药物,吲哚美辛凝胶
10483,药物,骨松宝胶囊
10484,药物,马来酸噻吗洛尔滴眼液
10485,药物,小儿感冒宁合剂
10486,药物,盐酸沙格雷酯片
10487,药物,复方胃蛋白酶颗粒
10488,药物,丙戊酸镁片
10489,药物,温胃舒颗粒
10490,药物,醋酸泼尼松龙片
10491,药物,七叶洋地黄双苷滴眼液
10492,药物,小儿咽扁颗粒
10493,药物,乙酰半胱氨酸泡腾片
10494,药物,关节止痛膏
10495,药物,苯磺贝他斯汀片
10496,药物,蒲地蓝消炎胶囊
10497,药物,西沙必利片
10498,药物,参归生发酊
10499,药物,阿维A胶囊
10500,药物,儿童装
10501,药物,苦参碱注射液
10502,药物,产妇安颗粒
10503,药物,头孢氨苄甲氧苄啶片
10504,药物,复方丁香罗勒口服混悬液
10505,药物,甲钴胺分散片
10506,药物,替吉奥胶囊
10507,药物,龟鹿补肾口服液
10508,药物,头孢妥仑匹酯片
10509,药物,宝宝乐
10510,药物,注射用胞磷胆碱钠肌苷
10511,药物,咪喹莫特乳膏
10512,药物,参花消渴茶
10513,药物,醋酸可的松滴眼液
10514,药物,橡皮生肌膏
10515,药物,氯化氨基汞软膏
10516,药物,毛冬青注射液
10517,药物,甲磺酸阿帕替尼片
10518,药物,盐酸缬更昔洛韦片
10519,药物,消旋卡多曲颗粒
10520,药物,金菌灵胶囊
10521,药物,吡罗昔康胶囊
10522,药物,补中益气膏
10523,药物,枸橼酸莫沙必利胶囊
10524,药物,青鹏软膏
10525,药物,骨质宁搽剂
10526,药物,复方紫荆皮水杨酸溶液
10527,药物,盐酸利托君注射液
10528,药物,七叶神安片
10529,药物,阿咖酚散
10530,药物,维儿康洗液
10531,药物,牛黄解毒丸
10532,药物,冰矾清毒生肌散
10533,药物,利巴韦林含片
10534,药物,胰激肽原酶肠溶片
10535,药物,利肺胶囊
10536,药物,血宁胶囊
10537,药物,注射用硫酸头孢匹罗
10538,药物,美辛唑酮栓
10539,药物,溶菌酶含片
10540,药物,泽桂癃爽胶囊
10541,药物,鼻咽清毒颗粒
10542,药物,八宝五胆药墨
10543,药物,盐酸布替萘芬乳膏
10544,药物,复方胆通胶囊
10545,药物,降糖宁胶囊
10546,药物,六味防脱生发酊
10547,药物,宫炎康颗粒
10548,药物,盐酸美他环素胶囊
10549,药物,盐酸洛美沙星滴眼液
10550,药物,注射用盐酸利托君
10551,药物,血尿胶囊
10552,药物,注射用盐酸罂粟碱
10553,药物,水飞蓟宾葡甲胺片
10554,药物,白癜风胶囊
10555,药物,碘糖丸
10556,药物,羟苯磺酸钙胶囊
10557,药物,头孢呋辛酯胶囊
10558,药物,小儿喜食糖浆
10559,药物,护肝宁片
10560,药物,氯霉素注射液
10561,药物,二十五味绿绒蒿丸
10562,药物,注射用七叶皂苷钠
10563,药物,尿素乳膏
10564,药物,克拉霉素缓释片
10565,药物,金刚藤软胶囊
10566,药物,盐酸氯米帕明片
10567,药物,跳骨片
10568,药物,乳核散结片
10569,药物,硫酸庆大霉素颗粒
10570,药物,格列吡嗪控释片
10571,药物,碘酊
10572,药物,锝[99mTc]甲氧乙腈注射液
10573,药物,前列地尔注射液
10574,药物,海昆肾喜胶囊
10575,药物,榄香烯口服乳
10576,药物,复方金钱草颗粒
10577,药物,七制香附丸
10578,药物,法可林滴眼液
10579,药物,无极膏
10580,药物,大豆磷脂散
10581,药物,复方肝素钠尿囊素凝胶
10582,药物,氧氟沙星片
10583,药物,糠酸莫米松凝胶
10584,药物,复方消化酶胶囊
10585,药物,根痛平胶囊
10586,药物,石膏二十五味散
10587,药物,六味壮骨颗粒
10588,药物,益母草颗粒
10589,药物,盐酸林可霉素滴眼液
10590,药物,利肝隆片
10591,药物,匹多莫德口服溶液
10592,药物,小儿健脾散
10593,药物,生化丸
10594,药物,枸橼酸莫沙必利分散片
10595,药物,童康片
10596,药物,白蚁巢胶囊
10597,药物,复方雪胆呋喃唑酮胶囊
10598,药物,肠多糖片
10599,药物,风湿定胶囊
10600,药物,头孢克洛颗粒
10601,药物,氯芬黄敏片
10602,药物,头孢呋辛酯颗粒
10603,药物,他达拉非片
10604,药物,小儿牛黄散
10605,药物,对乙酰氨基酚口服溶液
10606,药物,肠胃宁胶囊
10607,药物,环磷腺苷葡胺注射液
10608,药物,菊蓝抗流感片
10609,药物,仁青芒觉
10610,药物,氯化钠注射液
10611,药物,茵芪肝复颗粒
10612,药物,盐酸西布曲明胶囊
10613,药物,四圣散
10614,药物,补肾强身胶囊
10615,药物,阿奇霉素分散片
10616,药物,维生素B6软膏
10617,药物,固肠止泻丸
10618,药物,银杏蜜环口服溶液
10619,药物,复方鱼腥草合剂
10620,药物,糖尿乐胶囊
10621,药物,龙鹿胶囊
10622,药物,注射用己酮可可碱
10623,药物,青蒿琥酯片
10624,药物,酊剂
10625,药物,福多司坦片
10626,药物,活血止痛散
10627,药物,阿昔洛韦胶囊
10628,药物,硝苯地平缓释片Ⅰ
10629,药物,水牛角浓缩粉
10630,药物,益脉康片
10631,药物,止血镇痛胶囊
10632,药物,盐酸普罗帕酮注射液
10633,药物,通窍鼻炎片
10634,药物,肛泰软膏
10635,药物,盐酸金刚烷胺糖浆
10636,药物,天麻头风灵片
10637,药物,双醋瑞因胶囊
10638,药物,健宝灵颗粒
10639,药物,盐酸乙胺丁醇片
10640,药物,痹祺胶囊
10641,药物,氯替泼诺混悬滴眼液
10642,药物,他卡西醇软膏
10643,药物,注射用去甲斑蝥酸钠
10644,药物,丹鳖胶囊
10645,药物,马来酸氯苯那敏片
10646,药物,鹿胎胶囊
10647,药物,心脑康胶囊
10648,药物,抗栓胶囊
10649,药物,单硝酸异山梨酯缓释片
10650,药物,九制大黄丸
10651,药物,前列舒乐片
10652,药物,维生素E软胶囊
10653,药物,八宝丹胶囊
10654,药物,杞菊地黄口服液
10655,药物,矽肺宁片
10656,药物,夏桑菊颗粒
10657,药物,小儿善存片
10658,药物,核黄素磷酸钠注射液
10659,药物,赖氨葡锌颗粒
10660,药物,双氯芬酸二乙胺凝胶
10661,药物,双橘颗粒
10662,药物,维胺酯维E乳膏
10663,药物,异氟烷
10664,药物,理气化瘀口服液
10665,药物,复方氟尿嘧啶片
10666,药物,疤痕止痒软化乳膏
10667,药物,葡萄糖酸锌片
10668,药物,降脂灵片
10669,药物,肝喜乐片
10670,药物,酚咖片
10671,药物,痔根断片
10672,药物,奥沙普秦肠溶片
10673,药物,硫酸锌糖浆
10674,药物,苏孜阿甫片
10675,药物,溃疡胶囊
10676,药物,乳癖消片
10677,药物,注射用唑来膦酸
10678,药物,止痒消炎水
10679,药物,加味藿香正气丸
10680,药物,妇炎平阴道泡腾片
10681,药物,甲硝唑葡萄糖注射液
10682,药物,囊虫丸
10683,药物,氢化可的松片
10684,药物,细辛脑片
10685,药物,盐酸利多卡因注射液
10686,药物,胸腺肽注射液
10687,药物,复方甲苯咪唑片
10688,药物,重组人干扰素α2b注射液
10689,药物,消炎利胆软胶囊
10690,药物,曲安奈德注射液
10691,药物,桂龙药膏
10692,药物,盐酸利托君片
10693,药物,维生素E胶丸(天然型)
10694,药物,维生素A软胶囊
10695,药物,注射用六氟化硫微泡
10696,药物,度米芬含片
10697,药物,脉管复康片
10698,药物,人二倍体细胞
10699,药物,醋酸甲羟孕酮分散片
10700,药物,琥乙红霉素胶囊
10701,药物,小儿暖脐膏
10702,药物,奥美拉唑肠溶胶囊
10703,药物,秘诀清凉散
10704,药物,聚甲酚磺醛栓
10705,药物,丝白祛斑软膏
10706,药物,氧化锌软膏
10707,药物,安乐片
10708,药物,复方珍珠暗疮胶囊
10709,药物,武力拔寒散
10710,药物,盐酸莫雷西嗪片
10711,药物,复方莪术油栓
10712,药物,克癀胶囊
10713,药物,盐酸洛贝林注射液
10714,药物,口炎清片
10715,药物,赖氨酸磷酸氢钙颗粒
10716,药物,欧文
10717,药物,利巴韦林颗粒
10718,药物,净石灵片
10719,药物,抗宫炎软胶囊
10720,药物,胰岛素注射液
10721,药物,健身全鹿丸
10722,药物,注射用血凝酶
10723,药物,注射用左卡尼汀
10724,药物,复方小儿退热栓
10725,药物,脑力静胶囊
10726,药物,注射用胸腺肽
10727,药物,板蓝根颗粒
10728,药物,叶金排石胶囊
10729,药物,司帕沙星胶囊
10730,药物,科洛曲片
10731,药物,去甲斑蝥酸钠氯化钠注射液
10732,药物,伤湿止痛膏
10733,药物,利胆石颗粒
10734,药物,渴络欣胶囊
10735,药物,泛昔洛韦片
10736,药物,金明和胃胶囊
10737,药物,羟苯磺酸钙分散片
10738,药物,盐酸左氧氟沙星注射液
10739,药物,毛冬青片
10740,药物,复方感冒灵颗粒
10741,药物,麦味地黄口服液
10742,药物,灵宝护心丹
10743,药物,血栓通注射液
10744,药物,硬脂酸红霉素颗粒
10745,药物,复方肝浸膏片
10746,药物,大败毒胶囊
10747,药物,保胎无忧片
10748,药物,排石利胆颗粒
10749,药物,Ⅲ
10750,药物,地高辛片
10751,药物,二十味肉豆蔻丸
10752,药物,肠炎宁口服液
10753,药物,氯沙坦钾片
10754,药物,灵益胶囊
10755,药物,注射用阿洛西林钠
10756,药物,多潘立酮片
10757,药物,制霉素阴道栓
10758,药物,强筋健骨胶囊
10759,药物,羟苯磺酸钙片
10760,药物,富马酸酮替芬片
10761,药物,盐酸二氧丙嗪颗粒
10762,药物,莪术油注射液
10763,药物,血宁片
10764,药物,结石通片
10765,药物,注射用依托泊苷
10766,药物,食母生片
10767,药物,蜂胶片
10768,药物,利福喷丁胶囊
10769,药物,美沙拉秦肠溶片
10770,药物,29
10771,药物,丁溴东莨菪碱胶囊
10772,药物,玻璃酸钠注射液
10773,药物,注射用甲磺酸帕珠沙星
10774,药物,消风止痒颗粒
10775,药物,甲泼尼龙片
10776,药物,茵栀黄口服液
10777,药物,卡波姆滴眼液
10778,药物,磺胺醋酰钠滴眼液
10779,药物,非诺贝特片
10780,药物,注射用硼替佐米
10781,药物,康复新液
10782,药物,草乌甲素片
10783,药物,盐酸甲氯芬酯胶囊
10784,药物,利胆排石片
10785,药物,乳酸钙颗粒
10786,药物,氟他胺片
10787,药物,五维牛磺酸口服溶液
10788,药物,法莫替丁注射液
10789,药物,克痢痧胶囊
10790,药物,三磷酸腺苷二钠片
10791,药物,阿达帕林凝胶
10792,药物,复方银耳鱼肝油
10793,药物,吡诺克辛滴眼液
10794,药物,保胎灵片
10795,药物,醋酸曲安奈德尿素软膏
10796,药物,半水合雌二醇贴片
10797,药物,高锰酸钾外用片
10798,药物,净石灵胶囊
10799,药物,枣椹安神口服液
10800,药物,乳疾灵颗粒
10801,药物,舒筋活血片
10802,药物,磷酸奥司他韦胶囊
10803,药物,匹维溴铵片
10804,药物,甲芬那酸片
10805,药物,消食退热糖浆
10806,药物,盐酸氨溴索葡萄糖注射液
10807,药物,地红霉素肠溶片
10808,药物,妇科千金胶囊
10809,药物,同溢堂
10810,药物,三七活血丸
10811,药物,甲钴胺胶囊
10812,药物,奥硝唑氯化钠注射液
10813,药物,甘露聚糖肽片
10814,药物,尼美舒利胶囊
10815,药物,秘治胶囊
10816,药物,克拉霉素胶囊
10817,药物,颈痛片
10818,药物,风湿痛药酒
10819,药物,至灵菌丝胶囊
10820,药物,克林霉素甲硝唑搽剂
10821,药物,黄氏响声含片
10822,药物,保和颗粒
10823,药物,舒心宁片
10824,药物,美他多辛胶囊
10825,药物,碳酸氢钠片
10826,药物,西地碘含片
10827,药物,益脉康分散片
10828,药物,鹤蟾片
10829,药物,金钱草片
10830,药物,散结灵胶囊
10831,药物,牡蛎碳酸钙胶囊
10832,药物,沙溪金菊五花茶颗粒
10833,药物,阿胶
10834,药物,枸橼酸氯米芬片
10835,药物,地高辛酏剂
10836,药物,千喜片
10837,药物,盐酸洛美沙星分散片
10838,药物,盐酸倍他洛尔滴眼液
10839,药物,富马酸依美斯汀缓释胶囊
10840,药物,小儿珍贝散
10841,药物,盐酸伐昔洛韦缓释片
10842,药物,伊血安颗粒
10843,药物,参皇软膏
10844,药物,氨苯蝶啶片
10845,药物,注射用醋酸曲普瑞林
10846,药物,人参鹿茸丸
10847,药物,祛斑调经胶囊
10848,药物,达那唑胶囊
10849,药物,氨甲环酸片
10850,药物,京万红痔疮膏
10851,药物,马来酸氨氯地平片
10852,药物,通脉片
10853,药物,鱼肝油
10854,药物,槐耳颗粒
10855,药物,穿心莲内酯片
10856,药物,盐酸溴己新片
10857,药物,复方红衣补血口服液
10858,药物,婴儿健脾口服液
10859,药物,肾复康胶囊
10860,药物,补肾丸
10861,药物,碘甘油
10862,药物,氟比洛芬酯注射液
10863,药物,环孢素滴眼液
10864,药物,参茯胶囊
10865,药物,注射用氨磷汀
10866,药物,熊胆黄芩滴眼液
10867,药物,转移因子注射液
10868,药物,巴特日七味丸
10869,药物,茯蒲洗液
10870,药物,十八味诃子丸
10871,药物,济泰片
10872,药物,美辛唑酮红古豆醇酯栓
10873,药物,注射用盐酸多柔比星
10874,药物,减肥胶囊
10875,药物,丁桂儿脐贴
10876,药物,消疲灵颗粒
10877,药物,盐酸硫必利注射液
10878,药物,克林霉素磷酸酯凝胶
10879,药物,复方甘草酸铵注射液
10880,药物,十八味党参丸
10881,药物,盐酸二甲双胍缓释片
10882,药物,塞克硝唑胶囊
10883,药物,玄七通痹胶囊
10884,药物,氟氯西林钠阿莫西林胶囊
10885,药物,阑尾消炎片
10886,药物,甲磺酸二氢麦角碱缓释胶囊
10887,药物,氨酚羟考酮片
10888,药物,参志胶囊
10889,药物,妇炎平胶囊
10890,药物,罗红霉素软胶囊
10891,药物,十味诃子片
10892,药物,雌三醇乳膏
10893,药物,暖宫孕子丸
10894,药物,龙胆泻肝丸
10895,药物,枸橼酸莫沙必利片
10896,药物,复方溴咖片
10897,药物,养阴清肺膏
10898,药物,遗尿停胶囊
10899,药物,大枫子油
10900,药物,骨增生镇痛膏
10901,药物,人参养荣丸
10902,药物,轻身减肥片
10903,药物,注射用鼠神经生长因子
10904,药物,胆舒软胶囊
10905,药物,伤湿祛痛膏
10906,药物,龙骨颈椎胶囊
10907,药物,人工牛黄甲硝唑胶囊
10908,药物,猫爪草胶囊
10909,药物,谷氨酸片
10910,药物,龙鹿丸
10911,药物,复方蛤青胶囊
10912,药物,奥美拉唑肠溶片
10913,药物,活血通脉胶囊
10914,药物,托拉塞米注射液
10915,药物,复方血栓通软胶囊
10916,药物,猪肺磷脂注射液
10917,药物,齐墩果酸片
10918,药物,噻托溴铵粉吸入剂
10919,药物,维酶素片
10920,药物,注射用米卡芬净钠
10921,药物,还原型谷胱甘肽滴眼液
10922,药物,益心酮片
10923,药物,门冬氨酸钾镁片
10924,药物,盐酸文拉法辛胶囊
10925,药物,芪鹿补血颗粒
10926,药物,润伊容胶囊
10927,药物,注射用尿激酶
10928,药物,儿童回春丸
10929,药物,酒石酸美托洛尔缓释片
10930,药物,盐酸阿普林定片
10931,药物,青霉胺片
10932,药物,TP-MCT
10933,药物,养血安神颗粒
10934,药物,吡罗昔康软膏
10935,药物,烟酰胺注射液
10936,药物,水杨酸苯酚贴膏
10937,药物,补金片
10938,药物,注射用盐酸甲氯芬酯
10939,药物,盐酸多西环素胶丸
10940,药物,红金消结胶囊
10941,药物,复方氢氧化铝片
10942,药物,喷昔洛韦乳膏
10943,药物,舒肝丸
10944,药物,暖宫孕子片
10945,药物,养肝胶囊
10946,药物,茴三硫片
10947,药物,脑乐静
10948,药物,阿仑膦酸钠片
10949,药物,儿童清热口服液
10950,药物,阿西美辛缓释胶囊
10951,药物,嗣育保胎丸
10952,药物,肤阴洁液
10953,药物,藿香正气水
10954,药物,千金止带丸
10955,药物,天王补心丸
10956,药物,复方片仔癀含片
10957,药物,氟伐他汀钠胶囊
10958,药物,小儿复方鸡内金散
10959,药物,骨肽片
10960,药物,伊曲康唑胶囊
10961,药物,盐酸氟桂利嗪胶囊
10962,药物,腰痹通胶囊
10963,药物,丹参片
10964,药物,醒脑静注射液
10965,药物,注射用核糖核酸Ⅱ
10966,药物,酮洛芬肠溶胶囊
10967,药物,杜仲颗粒
10968,药物,苦参碱氯化钠注射液
10969,药物,肿节风注射液
10970,药物,头孢克肟颗粒
10971,药物,曲匹布通片
10972,药物,化瘀祛斑胶囊
10973,药物,心荣颗粒
10974,药物,浓替硝唑含漱液
10975,药物,利心丸
10976,药物,倍他胡萝卜素胶囊
10977,药物,产妇康洗液
10978,药物,内消瘰疬片
10979,药物,甲巯咪唑片
10980,药物,冰珍清目滴眼液
10981,药物,复方甘草酸单铵S氯化钠注射液
10982,药物,冻疮膏
10983,药物,碘酸钾片
10984,药物,乳酸钠林格注射液
10985,药物,肤痔清软膏
10986,药物,125Ser
10987,药物,肺力咳合剂
10988,药物,溴丙胺太林片
10989,药物,洛索洛芬钠片
10990,药物,枣参安神胶囊
10991,药物,复方八维甲睾酮胶囊
10992,药物,银杏叶提取物注射液
10993,药物,注射用二巯丁二钠
10994,药物,骨刺丸
10995,药物,短肽型肠内营养剂
10996,药物,柘木糖浆
10997,药物,增抗宁片
10998,药物,聚甲酚磺醛阴道栓
10999,药物,康尔心胶囊
11000,药物,酒石酸罗格列酮片
11001,药物,枣仁安神颗粒
11002,药物,威麦宁胶囊
11003,药物,维生素B6片
11004,药物,化积口服液
11005,药物,八味秦皮丸
11006,药物,复方氨酚烷胺胶囊
11007,药物,鼻咽灵片
11008,药物,脑络通胶囊
11009,药物,羚珠散
11010,药物,小儿泄泻停颗粒
11011,药物,注射用硫酸镁
11012,药物,盐酸伐昔洛韦胶囊
11013,药物,注射用硫酸核糖霉素
11014,药物,金匮肾气丸
11015,药物,壮腰健肾丸
11016,药物,呋噻米片
11017,药物,复方乳酸乳膏
11018,药物,珊瑚癣净
11019,药物,注射用盐酸博来霉素
11020,药物,胎宝胶囊
11021,药物,注射用复合辅酶
11022,药物,哈西奈德乳膏
11023,药物,接骨续筋片
11024,药物,睾丸片
11025,药物,益鼻喷雾剂
11026,药物,清咽片
11027,药物,红金消结浓缩丸
11028,药物,注射用单磷酸阿糖腺苷
11029,药物,注射用硫酸长春地辛
11030,药物,克拉霉素分散片
11031,药物,康媛颗粒
11032,药物,马来酸曲美布汀分散片
11033,药物,硫酸沙丁胺醇片
11034,药物,小儿麻甘颗粒
11035,药物,甘露六烟酯片
11036,药物,克霉唑阴道片
11037,药物,注射用放线菌素D
11038,药物,脑蛋白水解物注射液
11039,药物,妥布霉素眼膏
11040,药物,重组人干扰素α1b注射液
11041,药物,安神补脑液
11042,药物,尿路通胶囊
11043,药物,颈痛颗粒
11044,药物,注射用氨苄西林钠
11045,药物,局方
11046,药物,养血清脑丸
11047,药物,沙美特罗替卡松粉吸入剂
11048,药物,近视乐眼药水
11049,药物,头孢呋辛酯干混悬剂
11050,药物,复方猴头颗粒
11051,药物,贞芪扶正颗粒
11052,药物,重组牛碱性成纤维细胞生长因子滴眼液
11053,药物,金黄抱龙丸
11054,药物,盐酸奥昔布宁缓释片
11055,药物,氟尿嘧啶软膏
11056,药物,高三尖杉酯碱氯化钠注射液
11057,药物,吡罗昔康片
11058,药物,汉防己甲素注射液
11059,药物,甘露聚糖肽注射液
11060,药物,天蚕片
11061,药物,萘普生钠氯化钠注射液
11062,药物,复方鱼肝油氧化锌软膏
11063,药物,注射用硝普钠
11064,药物,枯草杆菌二联活菌肠溶胶囊
11065,药物,鸦胆子油软胶囊
11066,药物,鲜竹沥
11067,药物,吡嗪酰胺片
11068,药物,当归片
11069,药物,儿宝颗粒
11070,药物,橘红丸
11071,药物,茵山莲颗粒
11072,药物,苦参栓
11073,药物,前列通片
11074,药物,足光散
11075,药物,当归调经颗粒
11076,药物,复方炉甘石外用散
11077,药物,芪葛口服液
11078,药物,红草止鼾颗粒
11079,药物,盐酸氨溴索缓释胶囊
11080,药物,乳块消颗粒
11081,药物,清喉利咽颗粒
11082,药物,大蒜肠溶片
11083,药物,盐酸苯乙双胍片
11084,药物,清凉止痒搽剂
11085,药物,槐杞黄颗粒
11086,药物,三蛇胆川贝糖浆
11087,药物,美沙拉秦缓释片
11088,药物,果糖二磷酸钙片
11089,药物,波生坦片
11090,药物,开塞露
11091,药物,活血跌打丸
11092,药物,糠酸莫米松洗剂
11093,药物,银杏叶提取物滴剂
11094,药物,硫酸羟氯喹片
11095,药物,一清颗粒
11096,药物,三金片
11097,药物,伤痛宁膏
11098,药物,肠炎宁片
11099,药物,盐酸仑氨西林片
11100,药物,盐酸伊达比星胶囊
11101,药物,TPF-FOS
11102,药物,雷公藤多苷片
11103,药物,注射用盐酸表柔比星
11104,药物,鞣酸蛋白片
11105,药物,安阳固本膏
11106,药物,牛磺酸滴眼液
11107,药物,盐酸多奈哌齐胶囊
11108,药物,鹿丹芪胶囊
11109,药物,田七痛经胶囊
11110,药物,云南白药酊
11111,药物,维生素C注射液
11112,药物,芪参胶囊
11113,药物,盐酸赖氨酸葡萄糖注射液
11114,药物,雪梨膏
11115,药物,左旋多巴片
11116,药物,盆炎清栓
11117,药物,维生素C片
11118,药物,癫痫宁片
11119,药物,生血宁片
11120,药物,重楼解毒酊
11121,药物,羧甲淀粉钠溶液
11122,药物,补肾益脑丸
11123,药物,卤米松乳膏
11124,药物,复方甘菊利多卡因凝胶
11125,药物,姜酚胶丸
11126,药物,筋骨痛消丸
11127,药物,盐酸胺碘酮注射液
11128,药物,硫酸亚铁缓释片
11129,药物,麻黄止嗽丸
11130,药物,银屑灵
11131,药物,赛庚啶乳膏
11132,药物,六神胶囊
11133,药物,肿节风软胶囊
11134,药物,加味逍遥胶囊
11135,药物,普卢利沙星胶囊
11136,药物,头孢拉定分散片
11137,药物,磷霉素钙甲氧苄啶胶囊
11138,药物,人用狂犬病疫苗(鸡胚细胞)
11139,药物,紫归治裂膏
11140,药物,蜡样芽孢杆菌活菌胶囊
11141,药物,美沙拉秦缓释颗粒剂
11142,药物,华蟾素口服液
11143,药物,肝爽颗粒
11144,药物,对氨基水杨酸钙片
11145,药物,天麻胶囊
11146,药物,头孢羟氨苄片
11147,药物,复方醋酸棉酚片
11148,药物,复方倍他米松注射液
11149,药物,小儿五维赖氨酸糖浆
11150,药物,脉管复康胶囊
11151,药物,大黄蛰虫丸
11152,药物,四环素软膏
11153,药物,赖氨酸维B12颗粒
11154,药物,参灵通络胶囊
11155,药物,妇炎灵栓
11156,药物,复方硫酸新霉素滴眼液
11157,药物,维磷糖浆
11158,药物,普拉洛芬滴眼液
11159,药物,注射用氟尿嘧啶
11160,药物,骨痛灵酊
11161,药物,妇科止带胶囊
11162,药物,清胰利胆颗粒
11163,药物,复方甘露醇注射液
11164,药物,五子衍宗片
11165,药物,葛根素氯化钠注射液
11166,药物,参桂理中丸
11167,药物,当归腹痛宁滴丸
11168,药物,心肝宝胶囊
11169,药物,寒痹停片
11170,药物,地喹氯铵含片
11171,药物,注射用头孢尼西钠
11172,药物,金酸萍糖浆
11173,药物,阿苯达唑颗粒
11174,药物,盐酸丙哌维林片
11175,药物,右旋酮洛芬氨丁三醇片
11176,药物,多索茶碱葡萄糖注射液
11177,药物,甲硝唑呋喃唑酮栓
11178,药物,丙戊酸钠片
11179,药物,补血益母丸
11180,药物,颐和春胶囊
11181,药物,阿魏化痞膏
11182,药物,康妇炎胶囊
11183,药物,血府逐瘀片
11184,药物,复方阿胶补血膏
11185,药物,甲硝唑维B6片
11186,药物,天麻眩晕宁合剂
11187,药物,注射用硫酸链霉素
11188,药物,硫普罗宁注射液
11189,药物,复方消痔栓
11190,药物,左卡尼汀注射液
11191,药物,氯唑沙宗片
11192,药物,富马酸亚铁胶囊
11193,药物,伊维菌素片
11194,药物,救急散
11195,药物,妇科十味片
11196,药物,二天油
11197,药物,金振口服液
11198,药物,复方紫龙片
11199,药物,明目地黄丸
11200,药物,盐酸普拉克索片
11201,药物,重组牛碱性成纤维细胞生长因子眼用凝胶
11202,药物,注射用硫酸奈替米星
11203,药物,注射用盐酸头孢吡肟
11204,药物,治伤胶囊
11205,药物,芦丁片
11206,药物,清热安宫丸
11207,药物,枸橼酸铋雷尼替丁胶囊
11208,药物,复方醋酸地塞米松乳膏
11209,药物,大花红景天口服液
11210,药物,通脉口服液
11211,药物,银杏叶提取物片
11212,药物,甲钴胺片
11213,药物,益安回生口服液
11214,药物,妇炎清洗剂
11215,药物,三味清热止痒洗剂
11216,药物,罗汉果止咳糖浆
11217,药物,注射用西咪替丁
11218,药物,高三尖杉酯碱注射液
11219,药物,注射用重组人凝血因子VIIa
11220,药物,龙血竭胶囊
11221,药物,附桂骨痛胶囊
11222,药物,五味安神颗粒
11223,药物,烧烫伤膏
11224,药物,注射用重组人促卵泡激素
11225,药物,妇科十味胶囊
11226,药物,大蒜素胶囊
11227,药物,盐酸左西替利嗪口服溶液
11228,药物,硫酸氨基葡萄糖胶囊
11229,药物,枸橼酸氢钾钠颗粒
11230,药物,乳酸左氧氟沙星氯化钠注射液
11231,药物,复方苦木消炎片
11232,药物,湿润烧伤膏
11233,药物,注射用盐酸米托蒽醌
11234,药物,碘解磷定注射液
11235,药物,复方牛胎肝提取物片
11236,药物,参地益肾口服液
11237,药物,赖氨葡锌片
11238,药物,蒲公英颗粒
11239,药物,利巴韦林分散片
11240,药物,桔贝合剂
11241,药物,黄芪片
11242,药物,小儿止咳糖浆
11243,药物,硫糖铝咀嚼片
11244,药物,安胎益母丸
11245,药物,复方磺胺甲噁唑片
11246,药物,金砂五淋丸
11247,药物,去氧氟尿苷胶囊
11248,药物,氨肽素片
11249,药物,18注射液
11250,药物,鞣酸蛋白酵母散
11251,药物,复方氨酚烷胺片
11252,药物,盐酸左旋咪唑搽剂
11253,药物,盐酸米诺环素片
11254,药物,乌苯美司片
11255,药物,骨友灵搽剂
11256,药物,西黄丸
11257,药物,宫瘤清片
11258,药物,薯蓣皂苷片
11259,药物,氢溴酸东莨菪碱片
11260,药物,安脑牛黄片
11261,药物,碳酸钙咀嚼片
11262,药物,降脂通便胶囊
11263,药物,软脉灵口服液
11264,药物,雪胆素胶囊
11265,药物,氧氟沙星凝胶
11266,药物,化风丹
11267,药物,肠炎宁糖浆
11268,药物,盐酸克林霉素棕榈酸酯分散片
11269,药物,清胰利胆丸
11270,药物,注射用葛根素
11271,药物,喉痛灵片
11272,药物,石淋通片
11273,药物,冻疮消酊
11274,药物,金水宝胶囊
11275,药物,丁细牙痛胶囊
11276,药物,转化糖注射液
11277,药物,柴胡注射液
11278,药物,宁心益智胶囊
11279,药物,参仙升脉口服液
11280,药物,茶碱缓释胶囊
11281,药物,去痛片
11282,药物,卡维地洛片
11283,药物,枸橼酸喷托维林片
11284,药物,阿米卡星洗剂
11285,药物,心脑欣丸
11286,药物,消肿痔疮片
11287,药物,磷酸哌嗪宝塔糖
11288,药物,硫酸沙丁胺醇雾化吸入溶液
11289,药物,门冬胰岛素注射液
11290,药物,齐多夫定胶囊
11291,药物,三余神曲
11292,药物,奥美沙坦酯片
11293,药物,苦参凝胶
11294,药物,盐酸氨溴索口腔崩解片
11295,药物,猴头菌提取物颗粒
11296,药物,TPF
11297,药物,小儿乳酸菌素片
11298,药物,天麻素片
11299,药物,复方碳酸钙颗粒
11300,药物,盐酸金刚烷胺颗粒
11301,药物,盐酸丁咯地尔注射液
11302,药物,盐酸安非他酮缓释片
11303,药物,盐酸羟苄唑滴眼液
11304,药物,复方环磷酰胺片
11305,药物,心脉安片
11306,药物,清瘟解毒片
11307,药物,注射用依那西普
11308,药物,骨炎灵片
11309,药物,脑心通胶囊
11310,药物,外搽白灵酊
11311,药物,克拉霉素干混悬剂
11312,药物,尼麦角林胶囊
11313,药物,升提胶囊
11314,药物,肾骨颗粒
11315,药物,格列齐特缓释片
11316,药物,4:1分散片
11317,药物,注射用绒促性素
11318,药物,黄体酮阴道缓释凝胶
11319,药物,洛伐他汀片
11320,药物,盐酸金刚乙胺口服溶液
11321,药物,炎立消胶囊
11322,药物,注射用硫酸长春新碱
11323,药物,酚磺乙胺注射液
11324,药物,双歧杆菌三联活菌散
11325,药物,香菇多糖胶囊
11326,药物,参芪首乌补汁
11327,药物,5-氨基水杨酸肠溶片
11328,药物,维生素AE胶丸
11329,药物,天麻素注射液
11330,药物,右旋糖酐20葡萄糖注射液
11331,药物,吲哚美辛呋喃唑酮栓
11332,药物,消痔丸
11333,药物,肝素钠注射液
11334,药物,甲磺酸培氟沙星片
11335,药物,葡萄糖酸钙含片
11336,药物,盐酸多沙普仑注射液
11337,药物,氧氟沙星滴眼液
11338,药物,小儿鼻炎片
11339,药物,依托红霉素片
11340,药物,消痔栓
11341,药物,肥儿丸
11342,药物,胸腺肽肠溶片
11343,药物,复方胚肝铁铵片
11344,药物,复方奎宁注射液
11345,药物,胃灵颗粒
11346,药物,复方托吡卡胺滴眼液
11347,药物,金鸣片
11348,药物,盐酸奥洛他定片
11349,药物,消痔灵注射液
11350,药物,醋酸氯己定栓
11351,药物,盐酸妥洛特罗片
11352,药物,中风回春胶囊
11353,药物,妇炎康复咀嚼片
11354,药物,萘丁美酮胶囊
11355,药物,益脉康软胶囊
11356,药物,注射用转移因子
11357,药物,胆石通胶囊
11358,药物,天草颗粒
11359,药物,西洛他唑胶囊
11360,药物,枸橼酸西地那非片
11361,药物,复方丹参含片
11362,药物,血复生胶囊
11363,药物,复方锌铁钙口服溶液
11364,药物,西达本胺片
11365,药物,连翘败毒片
11366,药物,银蜜片
11367,药物,重组人粒细胞刺激因子注射液
11368,药物,生脉注射液
11369,药物,青霉素V钾胶囊
11370,药物,解毒止泻胶囊
11371,药物,三磷酸腺苷二钠注射液
11372,药物,注射用重组人干扰素α2b
11373,药物,阿莫西林克拉维酸钾(4:1)分散片
11374,药物,注射用盐酸多西环素
11375,药物,复方肝水解物片
11376,药物,阿伐斯汀胶囊
11377,药物,乙胺嘧啶片
11378,药物,氯氮平片
11379,药物,护肝片
11380,药物,天麻素胶囊
11381,药物,注射用烟酸占替诺
11382,药物,健儿消食口服液
11383,药物,益心丸
11384,药物,口服补液盐散(Ⅱ)
11385,药物,肝素钠乳膏
11386,药物,替米沙坦片
11387,药物,益安宁丸
11388,药物,孕三烯酮胶囊
11389,药物,薄芝糖肽注射液
11390,药物,儿泻停颗粒
11391,药物,肤芩洗剂
11392,药物,止渴养阴胶囊
11393,药物,便秘通软膏
11394,药物,促肝细胞生长素注射液
11395,药物,氢溴酸加兰他敏分散片
11396,药物,注射用胰激肽原酶
11397,药物,聚苯乙烯磺酸钙散
11398,药物,琥乙红霉素片
11399,药物,排石颗粒
11400,药物,布洛芬缓释混悬液
11401,药物,维生素E、C颗粒
11402,药物,盐酸美金刚片
11403,药物,去铁酮片
11404,药物,注射用重组人干扰素γ
11405,药物,红花逍遥胶囊
11406,药物,格列吡嗪分散片
11407,药物,九维片
11408,药物,加味青娥丸
11409,药物,胸腺五肽注射液
11410,药物,复方岗松止痒洗液
11411,药物,感冒咳嗽颗粒
11412,药物,多维元素片
11413,药物,二甲双胍格列本脲片(Ⅰ)
11414,药物,羟基脲胶囊
11415,药物,利培酮胶囊
11416,药物,头孢丙烯分散片
11417,药物,酮康唑胶囊
11418,药物,洛芬待因片
11419,药物,尼莫地平片
11420,药物,苯甲酸利扎曲普坦片
11421,药物,消渴灵片
11422,药物,潞党参口服液
11423,药物,注射用培美曲塞二钠
11424,药物,注射用伏立康唑
11425,药物,盐酸酚苄明片
11426,药物,妇科千金片
11427,药物,18AA-Ⅰ
11428,药物,扶正康颗粒
11429,药物,聚磺苯乙烯钠散
11430,药物,小儿抗痫胶囊
11431,药物,胱氨酸片
11432,药物,艾附暖宫丸
11433,药物,膦甲酸钠氯化钠注射液
11434,药物,复方硫酸氢黄连素软膏
11435,药物,维生素B4片
11436,药物,洛索洛芬钠胶囊
11437,药物,奥拉西坦胶囊
11438,药物,除脂生发片
11439,药物,便乃通茶
11440,药物,参归养血片
11441,药物,氟尿嘧啶注射液
11442,药物,氟康唑片
11443,药物,萘哌地尔胶囊
11444,药物,醋酸去氨加压素注射液
11445,药物,克林霉素磷酸酯注射液
11446,药物,莉芙敏片
11447,药物,颠茄酊
11448,药物,复方骨肽注射液
11449,药物,盐酸四环素醋酸可的松眼膏
11450,药物,益肝活血明目丸
11451,药物,注射用重组人干扰素α2a
11452,药物,根痛平颗粒
11453,药物,注射用环磷酰胺
11454,药物,盐酸阿扑吗啡舌下片
11455,药物,痫愈胶囊
11456,药物,丙酸氟替卡松鼻喷雾剂
11457,药物,健心片
11458,药物,假单胞菌
11459,药物,消肿片
11460,药物,硝酸咪康唑乳膏
11461,药物,生三七散
11462,药物,重组人表皮生长因子衍生物滴眼液
11463,药物,戊酸雌二醇片
11464,药物,拉坦前列素滴眼液
11465,药物,龟芪壮骨颗粒
11466,药物,独一味软胶囊
11467,药物,复方片仔癀软膏
11468,药物,盐酸丁咯地尔片
11469,药物,通便灵胶囊
11470,药物,盐酸左氧氟沙星片
11471,药物,舒眠胶囊
11472,药物,虎标万金油
11473,药物,双虎肿痛宁
11474,药物,盐酸卡替洛尔滴眼液
11475,药物,盐酸特比萘芬溶液
11476,药物,西洛他唑片
11477,药物,薄芝片
11478,药物,硫酸锌尿囊素滴眼液
11479,药物,注射用过氧化碳酰胺
11480,药物,结合雌激素片
11481,药物,卡前列甲酯栓
11482,药物,追风药酒
11483,药物,炔诺酮片
11484,药物,蓼参胶囊
11485,药物,舒肝和胃丸
11486,药物,芬布芬片
11487,药物,五粒回春丸
11488,药物,依卡倍特钠颗粒
11489,药物,阿莫西林克拉维酸钾干混悬剂
11490,药物,阿奇霉素片
11491,药物,丁苯羟酸乳膏
11492,药物,栀子金花丸
11493,药物,注射用盐酸氨溴索
11494,药物,布洛芬混悬滴剂
11495,药物,清眩片
11496,药物,妇宁康胶囊
11497,药物,愈伤灵胶囊
11498,药物,盐酸克林霉素胶囊
11499,药物,氟罗沙星分散片
11500,药物,桉柠蒎肠溶软胶囊
11501,药物,复方石韦颗粒
11502,药物,维生素D3注射液
11503,药物,环酯红霉素片
11504,药物,天麻蜜环菌片
11505,药物,盐酸氨溴索分散片
11506,药物,补中益气丸
11507,药物,珊瑚七十味丸
11508,药物,磷[32P]酸钠盐口服溶液
11509,药物,克痤隐酮乳膏
11510,药物,抗妇炎胶囊
11511,药物,芪芳气血颗粒
11512,药物,参苓白术片
11513,药物,当归拈痛丸
11514,药物,齿痛消炎灵颗粒
11515,药物,止痢宁片
11516,药物,利培酮片
11517,药物,健脾补血颗粒
11518,药物,青霉素V钾片
11519,药物,黄根片
11520,药物,人凝血因子VIII
11521,药物,红霉素肠溶胶囊
11522,药物,盐酸氨溴索口服溶液
11523,药物,氯喹那多/普罗雌烯阴道片
11524,药物,前列倍喜胶囊
11525,药物,125Ala
11526,药物,非那雄胺片
11527,药物,维U颠茄铝分散片
11528,药物,四环素片
11529,药物,鱼腥草素钠片
11530,药物,己酮可可碱氯化钠注射液
11531,药物,清热消炎宁片
11532,药物,角鲨烯胶丸
11533,药物,参术儿康糖浆
11534,药物,益肾灵颗粒
11535,药物,马来酸曲美布汀胶囊
11536,药物,泮托拉唑钠肠溶胶囊
11537,药物,布洛芬缓释胶囊
11538,药物,一清胶囊
11539,药物,乌兰三味汤散
11540,药物,脉络宁注射液
11541,药物,颈康胶囊
11542,药物,富马酸酮替芬胶囊
11543,药物,盐酸二甲双胍肠溶片
11544,药物,替加氟注射液
11545,药物,芪蓝扶正颗粒
11546,药物,桂枝茯苓片
11547,药物,叶绿素铜钠片
11548,药物,替尼泊苷注射液
11549,药物,藿香正气胶囊
11550,药物,盐酸氟西汀分散片
11551,药物,葡萄糖酸钙锌口服溶液
11552,药物,羚羊感冒片
11553,药物,喘嗽宁片
11554,药物,大山楂颗粒
11555,药物,小儿腹泻散
11556,药物,倍他胡萝卜素胶丸
11557,药物,比卡鲁胺片
11558,药物,酮洛芬胶囊
11559,药物,利福平胶囊
11560,药物,硫化钠薄荷脑溶液
11561,药物,注射用醋酸兰瑞肽
11562,药物,九味益脑颗粒
11563,药物,妇炎康复胶囊
11564,药物,正骨膏
11565,药物,解郁安神颗粒
11566,药物,障翳散
11567,药物,新癀片
11568,药物,注射用特利加压素
11569,药物,孕康口服液
11570,药物,芪丹通络颗粒
11571,药物,丙谷胺片
11572,药物,健脾止遗片
11573,药物,SP
11574,药物,益肝乐胶囊
11575,药物,虫草头孢菌胶囊
11576,药物,注射用丁二磺酸腺苷蛋氨酸
11577,药物,金银花露
11578,药物,注射用还原型谷胱甘肽钠
11579,药物,盐酸美西律片
11580,药物,丙酸氟替卡松乳膏
11581,药物,仙灵骨葆片
11582,药物,盐酸苯海拉明片
11583,药物,智杞颗粒
11584,药物,桔梗八味颗粒
11585,药物,消炎利胆片
11586,药物,抗骨髓炎片
11587,药物,复方决明片
11588,药物,妇肤康喷雾剂
11589,药物,浓维磷糖浆
11590,药物,头孢泊肟酯片
11591,药物,甘露聚糖肽胶囊
11592,药物,乳酸菌阴道胶囊
11593,药物,复方苁蓉益智胶囊
11594,药物,复方硝酸溶液
11595,药物,尼洛替尼胶囊
11596,药物,罗红霉素颗粒
11597,药物,小儿四维葡钙颗粒
11598,药物,参茸补肾片
11599,药物,回春酒
11600,药物,复方当归注射液
11601,药物,调经至宝丸
11602,药物,金栀洁龈含漱液
11603,药物,胃痛丸
11604,药物,复明胶囊
11605,药物,羚羊角口服液
11606,药物,吗替麦考酚酯片
11607,药物,司帕沙星片
11608,药物,千里光片
11609,药物,裸花紫珠分散片
11610,药物,障眼明片
11611,药物,酪酸梭菌活菌散
11612,药物,孟鲁司特钠片
11613,药物,血塞通颗粒
11614,药物,咪康唑氯倍他索乳膏
11615,药物,"注射用1,6-二磷酸果糖"
11616,药物,厄贝沙坦片
11617,药物,盐酸左旋咪唑丸
11618,药物,胶体酒石酸铋胶囊
11619,药物,牛黄宁宫片
11620,药物,乳核内消液
11621,药物,脑灵胶囊
11622,药物,灰黄霉素片
11623,药物,美沙拉秦栓
11624,药物,维血康糖浆
11625,药物,参倍固肠胶囊
11626,药物,异甘草酸镁注射液
11627,药物,精制冠心颗粒
11628,药物,肝复乐胶囊
11629,药物,乳酸左氧氟沙星分散片
11630,药物,依托芬那酯凝胶
11631,药物,马来酸氟伏沙明片
11632,药物,克霉唑溶液
11633,药物,云南白药创可贴
11634,药物,肝素钙注射液
11635,药物,马洛替酯缓释片
11636,药物,消癌平胶囊
11637,药物,小儿肺炎散
11638,药物,复方罗汉果止咳颗粒
11639,药物,口腔炎喷雾剂
11640,药物,乳癖清胶囊
11641,药物,头孢地尼胶囊
11642,药物,卡托普利片
11643,药物,复方黄黛片
11644,药物,羧甲司坦片
11645,药物,小儿智力糖浆
11646,药物,盐酸哌甲酯缓释片
11647,药物,蚁灵口服液
11648,药物,乳块消胶囊
11649,药物,益肝灵片
11650,药物,红药片
11651,药物,咽炎含片
11652,药物,达沙替尼片
11653,药物,麝香狗皮膏
11654,药物,天芝草胶囊
11655,药物,盐酸丙米嗪片
11656,药物,安胃胶囊
11657,药物,注射用亚胺培南西司他丁钠
11658,药物,乳康片
11659,药物,维B1乳酸钙片
11660,药物,夫西地酸乳膏
11661,药物,追风舒经活血片
11662,药物,盐酸特比萘芬片
11663,药物,注射用盐酸头孢甲肟
11664,药物,碳酸锂缓释片
11665,药物,阿苯达唑胶囊
11666,药物,酒石酸美托洛尔注射液
11667,药物,醋酸可的松注射液
11668,药物,癃闭舒片
11669,药物,鲑鱼降钙素鼻喷剂
11670,药物,注射用甲硝唑磷酸二钠
11671,药物,阿奇霉素干混悬剂
11672,药物,保胎丸
11673,药物,阿奇霉素软胶囊
11674,药物,脑血康滴丸
11675,药物,注射用盐酸吉西他滨
11676,药物,消炎片
11677,药物,盐酸贝那普利片
11678,药物,复方聚乙二醇电解质散
11679,药物,平消胶囊
11680,药物,牛痘疫苗接种家兔炎症皮肤提取物片
11681,药物,安神补心丸
11682,药物,注射用香菇多糖
11683,药物,复方赖氨酸颗粒
11684,药物,坐珠达西
11685,药物,玉簪清咽十五味散
11686,药物,龙珠软膏
11687,药物,恩替卡韦片
11688,药物,曲咪新乳膏
11689,药物,注射用重组人凝血因子VIII
11690,药物,参芪降糖片
11691,药物,氟哌噻吨美利曲辛片
11692,药物,盐酸二甲双胍片
11693,药物,阿德福韦酯片
11694,药物,阿拉坦五味丸
11695,药物,小儿氨酚黄那敏颗粒
11696,药物,三维制霉素栓
11697,药物,丹皮酚软膏
11698,药物,克林霉素磷酸酯阴道泡腾片
11699,药物,苏黄止咳胶囊
11700,药物,托西酸舒他西林胶囊
11701,药物,尿素贴膏
11702,药物,小儿化毒散
11703,药物,双黄消炎片
11704,药物,清脑降压片
11705,药物,蒲地蓝消炎片
11706,药物,小儿硫酸亚铁糖浆
11707,药物,小儿至宝丸
11708,药物,复方大红袍止血片
11709,药物,外用重组人表皮生长因子
11710,药物,肝毒净颗粒
11711,药物,复方血栓通滴丸
11712,药物,阿法骨化醇片
11713,药物,他克莫司缓释胶囊
11714,药物,降糖胶囊
11715,药物,复方氟米松软膏
11716,药物,三维鱼肝油乳
11717,药物,解郁安神片
11718,药物,盐酸苯海索片
11719,药物,金刚藤口服液
11720,药物,龙胆泻肝片
11721,药物,痤疮软膏
11722,药物,盐酸氨基葡萄糖胶囊
11723,药物,清热散结片
11724,药物,牛痘疫苗接种家兔炎症皮肤提取物注射液
11725,药物,复方黄连素片
11726,药物,脑塞通丸
11727,药物,硫酸奈替米星注射液
11728,药物,虚寒胃痛颗粒
11729,药物,丹参益心胶囊
11730,药物,色甘酸钠滴眼液
11731,药物,芪珍胶囊
11732,药物,黄连上清片
11733,药物,止咳橘红口服液
11734,药物,醋酸甲地孕酮片
11735,药物,妇科白带片
11736,药物,替加氟片
11737,药物,二乙酰氨乙酸乙二胺氯化钠注射液
11738,药物,小儿脐风散
11739,药物,肾炎四味片
11740,药物,重组人白介素-2注射液
11741,药物,软皂
11742,药物,阿奇霉素胶囊
11743,药物,康妇消炎栓
11744,药物,白蚀丸
11745,药物,蛇胆陈皮片
11746,药物,连翘败毒丸
11747,药物,复方红根草片
11748,药物,脱氧核苷酸钠片
11749,药物,复方硼砂含漱液
11750,药物,复方水杨酸甲酯乳膏
11751,药物,鱼腥草素钠栓
11752,药物,二巯丁二酸胶囊
11753,药物,生脉饮
11754,药物,肾复康片
11755,药物,抗骨增生片
11756,药物,克霉唑倍他米松乳膏
11757,药物,达那唑软胶囊
11758,药物,盐酸消旋山莨菪碱氯化钠注射液
11759,药物,盐酸金刚烷胺片
11760,药物,根痛平片
11761,药物,胰胆炎合剂
11762,药物,香茯益血口服液
11763,药物,维生素B2注射液
11764,药物,注射用盐酸艾司洛尔
11765,药物,曲安奈德氯霉素溶液
11766,药物,宫颈癌片
11767,药物,解郁丸
11768,药物,复方盐酸阿米洛利片
11769,药物,金鸡胶囊
11770,药物,盐酸维拉帕米注射液
11771,药物,斑蝥素乳膏
11772,药物,盐酸多塞平片
11773,药物,酚磺乙胺氯化钠注射液
11774,药物,三维葡磷钙咀嚼片
11775,药物,强力康颗粒
11776,药物,肠内营养混悬液(SP)
11777,药物,依托泊苷注射液
11778,药物,氨酪酸注射液
11779,药物,复方三七胶囊
11780,药物,十一酸睾酮胶丸
11781,药物,三肾丸
11782,药物,阿莫西林克拉维酸钾分散片
11783,药物,参附注射液
11784,药物,小儿肺热咳喘颗粒
11785,药物,舒腹贴膏
11786,药物,益血生胶囊
11787,药物,复方桔梗止咳片
11788,药物,胆汁槟榔维B1胶囊
11789,药物,注射用胰蛋白酶
11790,药物,羚羊角散
11791,药物,咽炎清片
11792,药物,通脉降脂片
11793,药物,和血胶囊
11794,药物,新雪颗粒
11795,药物,单硝酸异山梨酯片
11796,药物,盐酸克林霉素棕榈酸酯颗粒
11797,药物,肝胆舒康胶囊
11798,药物,刺五加脑灵胶囊
11799,药物,润肠通秘茶
11800,药物,氢氯噻嗪片
11801,药物,化痔栓
11802,药物,小金胶囊
11803,药物,坤复康胶囊
11804,药物,甲磺酸阿米三嗪萝巴新片
11805,药物,门冬胰岛素30注射液
11806,药物,桂利嗪片
11807,药物,血宁糖浆
11808,药物,接骨七厘片
11809,药物,妇科调经片
11810,药物,蛇胆川贝液
11811,药物,赛霉安散
11812,药物,朱砂莲胶囊
11813,药物,参芍片
11814,药物,盐酸纳洛酮舌下片
11815,药物,注射用鲑降钙素
11816,药物,植物萃取抑菌剂
11817,药物,注射用盐酸博莱霉素
11818,药物,丹参胶囊
11819,药物,烟酰胺片
11820,药物,维生素B2片
11821,药物,对乙酰氨基酚颗粒
11822,药物,保胎灵
11823,药物,肾炎康复片
11824,药物,复合凝乳酶胶囊
11825,药物,盐酸苯氨咪唑啉片
11826,药物,消白软膏
11827,药物,归脾丸
11828,药物,清凉油
11829,药物,金菊五花茶颗粒
11830,药物,接骨片
11831,药物,地鼠肾细胞
11832,药物,小儿复方麝香草酚撒粉
11833,药物,格列齐特胶囊
11834,药物,注射用重组人白介素-2(Ⅰ)
11835,药物,木瓜丸
11836,药物,盐酸文拉法辛缓释胶囊
11837,药物,复方牙痛宁搽剂
11838,药物,硅炭银片
11839,药物,十滴水
11840,药物,对乙酰氨基酚缓释片
11841,药物,肠内营养乳剂(TP)
11842,药物,重组人干扰素α2а栓
11843,药物,替比夫定片
11844,药物,八正合剂
11845,药物,牙痛一粒丸
11846,药物,羧甲司坦口服溶液
11847,药物,曲克芦丁片
11848,药物,盐酸多奈哌齐口腔崩解片
11849,药物,肝必复胶囊
11850,药物,中性胰岛素注射液
11851,药物,肥儿糖浆
11852,药物,癃闭舒胶囊
11853,药物,富马酸亚铁片
11854,药物,盐酸拉贝洛尔片
11855,药物,热痱搽剂
11856,药物,复方乙酰水杨酸片
11857,药物,鳖甲胶
11858,药物,香菇多糖片
11859,药物,倍他米松乳膏
11860,药物,肝加欣片
11861,药物,参南星口服液
11862,药物,头孢拉定颗粒
11863,药物,前列舒乐颗粒
11864,药物,祛瘀散结胶囊
11865,药物,盐酸可乐定片
11866,药物,氟尿嘧啶口服乳
11867,药物,匹多莫德分散片
11868,药物,替硝唑阴道泡腾片
11869,药物,益母草软胶囊
11870,药物,滋心阴胶囊
11871,药物,十味龙胆花颗粒
11872,药物,卤米松/三氯生乳膏
11873,药物,甲硫氨酸维B1注射液
11874,药物,石杉碱甲片
11875,药物,胶囊型
11876,药物,小牛血去蛋白提取物滴眼液
11877,药物,益脉康胶囊
11878,药物,拉米夫定胶囊
11879,药物,芪斛楂颗粒
11880,药物,慈丹胶囊
11881,药物,硝酸益康唑乳膏
11882,药物,头孢氨苄缓释胶囊
11883,药物,养阴生血合剂
11884,药物,大株红景天片
11885,药物,甲苯咪唑咀嚼片
11886,药物,甲磺酸左氧氟沙星片
11887,药物,消瘀康片
11888,药物,依托泊苷软胶囊
11889,药物,枸橼酸铋钾颗粒
11890,药物,氯霉素滴眼液
11891,药物,厄贝沙坦分散片
11892,药物,活血解毒丸
11893,药物,鞣酸加压素注射液
11894,药物,强肝糖浆
11895,药物,抑亢丸
11896,药物,醋酸氢化可的松片
11897,药物,复方碳酸钙泡腾颗粒
11898,药物,前列康舒胶囊
11899,药物,滋肾育胎丸
11900,药物,热炎宁合剂
11901,药物,黄体酮栓
11902,药物,千喜胶囊
11903,药物,肝素钠维E乳膏
11904,药物,盐酸依匹斯汀片
11905,药物,氨溴特罗口服溶液
11906,药物,甜梦胶囊
11907,药物,维生素B1片
11908,药物,可乐定控释贴
11909,药物,通天口服液
11910,药物,重组人干扰素α2a栓
11911,药物,骨疏康颗粒
11912,药物,温经活血片
11913,药物,三七脂肝丸
11914,药物,五苓片
11915,药物,仙乐雄胶囊
11916,药物,二羟丙茶碱片
11917,药物,复方血栓通片
11918,药物,苯磺酸氨氯地平胶囊
11919,药物,藤黄健骨丸
11920,药物,心宝丸
11921,药物,翁沥通胶囊
11922,药物,2∶1
11923,药物,桂枝茯苓丸
11924,药物,盐酸地匹福林滴眼液
11925,药物,富马酸喹硫平片
11926,药物,注射用阿魏酸钠
11927,药物,多维元素片(21)
11928,药物,磷酸奥司他韦颗粒
11929,药物,西帕依麦孜彼子口服液
11930,药物,胆石利通片
11931,药物,头孢氨苄甲氧苄啶胶囊
11932,药物,苯西卤铵乳膏
11933,药物,注射用重组人绒促性素
11934,药物,脑得生片
11935,药物,安络化纤丸
11936,药物,4:01
11937,药物,天麦消渴片
11938,药物,红霉素肠溶微丸胶囊
11939,药物,微达康颗粒
11940,药物,细辛脑胶囊
11941,药物,地奥心血康胶囊
11942,药物,降脂减肥片
11943,药物,盐酸小檗胺片
11944,药物,阿昔莫司胶囊
11945,药物,赖诺普利片
11946,药物,盐酸多西环素胶囊
11947,药物,钆双胺注射液
11948,药物,盐酸奥昔布宁口服溶液
11949,药物,安络痛胶囊
11950,药物,托伐普坦片
11951,药物,医痫丸
11952,药物,王氏保赤丸
11953,药物,四磨汤口服液
11954,药物,硫酸特布他林雾化液
11955,药物,甲苯磺酸索拉非尼片
11956,药物,阿魏酸哌嗪片
11957,药物,制剂中间体
11958,药物,富马酸依美斯汀滴眼液
11959,药物,和络舒肝胶囊
11960,药物,氯氮平口腔崩解片
11961,药物,复方电解质葡萄糖R2A注射液
11962,药物,硝酸毛果芸香碱滴眼液
11963,药物,施保利通片
11964,药物,益髓颗粒
11965,药物,伊来西胺片
11966,药物,泽桂癃爽片
11967,药物,复方黄藤洗液
11968,药物,裸花紫珠片
11969,药物,注射用头孢哌酮钠舒巴坦钠
11970,药物,风痛灵
11971,药物,可溶性纤维素钠贴膏
11972,药物,牛磺酸颗粒
11973,药物,妇炎康分散片
11974,药物,布地奈德气雾剂
11975,药物,注射用两性霉素B
11976,药物,红花清肝十三味丸
11977,药物,丁二磺酸腺苷蛋氨酸肠溶片
11978,药物,甲硝唑注射液
11979,药物,滑膜炎片
11980,药物,盐酸西替利嗪片
11981,药物,福多司坦颗粒
11982,药物,苦木注射液
11983,药物,肾炎舒颗粒
11984,药物,转移因子口服溶液
11985,药物,健儿清解液
11986,药物,磷霉素氨丁三醇散
11987,药物,脑立清丸
11988,药物,复方咖磷颗粒
11989,药物,奋乃静注射液
11990,药物,注射用腺苷钴胺
11991,药物,氯美扎酮片
11992,药物,伤科接骨片
11993,药物,注射用葡醛酸钠
11994,药物,补中益气丸(浓缩丸)
11995,药物,灵孢多糖注射液
11996,药物,柳氮磺吡啶肠溶片
11997,药物,泻痢消片
11998,药物,复方四环素泼尼松膜
11999,药物,氨茶碱缓释片
12000,药物,冰黄肤乐软膏
12001,药物,甲磺酸溴隐亭片
12002,药物,来那度胺胶囊
12003,药物,盐酸吗啉胍片
12004,药物,抗饥消渴片
12005,药物,前列桂黄片
12006,药物,曲安奈德益康唑乳膏
12007,药物,丁苯酞软胶囊
12008,药物,水杨酸软膏
12009,药物,鼻渊丸
12010,药物,九味健肾胶囊
12011,药物,盐酸地尔硫卓片
12012,药物,硝苯地平控释片
12013,药物,兰索拉唑肠溶片
12014,药物,复方氨基酸胶囊(8-11)
12015,药物,去氧氟尿苷片
12016,药物,托吡卡胺滴眼液
12017,药物,阿莫西林舒巴坦匹酯片
12018,药物,盐酸金霉素眼膏
12019,药物,神农镇痛膏
12020,药物,散结片
12021,药物,前列欣胶囊
12022,药物,酞丁安乳膏
12023,药物,头痛定糖浆
12024,药物,对乙酰氨基酚片
12025,药物,替勃龙片
12026,药物,元七骨痛酊
12027,药物,跌打万花油
12028,药物,注射用果糖二磷酸钠
12029,药物,盐酸左旋咪唑片
12030,药物,三七化痔丸
12031,药物,小儿健脾丸
12032,药物,注射用酚磺乙胺
12033,药物,维C银翘胶囊
12034,药物,乳酸左氧氟沙星片
12035,药物,理气舒心片
12036,药物,盐酸司来吉兰片
12037,药物,裸花紫珠胶囊
12038,药物,参芪五味子糖浆
12039,药物,百合固金丸
12040,药物,香砂养胃丸
12041,药物,红金消结片
12042,药物,安眠补脑口服液
12043,药物,五维B颗粒
12044,药物,盐酸托莫西汀胶囊
12045,药物,复方铝酸铋颗粒
12046,药物,两性霉素B阴道泡腾片
12047,药物,盐酸美他环素片
12048,药物,如意定喘丸
12049,药物,氨基比林咖啡因片
12050,药物,桂附理中丸
12051,药物,麦迪霉素片
12052,药物,炉甘石洗剂
12053,药物,维生素AD软胶囊
12054,药物,当归龙荟胶囊
12055,药物,脾氨肽口服冻干粉
12056,药物,保济丸
12057,药物,硫辛酸注射液
12058,药物,盐酸苯海拉明注射液
12059,药物,醋酸甲羟孕酮片
12060,药物,注射用普罗碘铵
12061,药物,二十六味通经散
12062,药物,阿魏酸钠片
12063,药物,胃康胶囊
12064,药物,泛昔洛韦分散片
12065,药物,麝香活血化瘀膏
12066,药物,保儿安颗粒
12067,药物,脉络舒通颗粒
12068,药物,熊胆痔疮膏
12069,药物,断血流分散片
12070,药物,头孢羟氨苄颗粒
12071,药物,尿嘧啶替加氟胶囊
12072,药物,卡铂注射液
12073,药物,盐酸莫西沙星氯化钠注射液
12074,药物,除湿止痒洗液
12075,药物,左乙拉西坦片
12076,药物,头孢拉定胶囊
12077,药物,肛泰栓
12078,药物,婴儿健脾散
12079,药物,复方硫酸亚铁叶酸片
12080,药物,甲氧氯普胺片
12081,药物,小儿肺热平胶囊
12082,药物,蛋氨酸重酒石酸胆碱片
12083,药物,十一酸睾酮软胶囊
12084,药物,维血康颗粒
12085,药物,人纤维蛋白原
12086,药物,颠茄片
12087,药物,血府逐瘀丸
12088,药物,肝维康片
12089,药物,十六味马蔺子丸
12090,药物,妇乐颗粒
12091,药物,仙鹿口服液
12092,药物,玻璃酸钠滴眼液
12093,药物,复方水杨酸甲酯苯海拉明喷雾剂
12094,药物,抑亢散
12095,药物,九味熄风颗粒
12096,药物,注射用重组人Ⅱ型肿瘤坏死因子受体-抗体融合蛋白
12097,药物,对氨基水杨酸异烟肼片
12098,药物,注射用核黄素磷酸钠
12099,药物,前列舒乐胶囊
12100,药物,骨刺片
12101,药物,甘露消渴胶囊
12102,药物,呋塞米片
12103,药物,腺苷钴胺片
12104,药物,三尖杉酯碱注射液
12105,药物,百癣夏塔热片
12106,药物,维血宁
12107,药物,维C银翘片
12108,药物,补肾健骨胶囊
12109,药物,氟轻松维B6乳膏
12110,药物,甲硝唑氯己定洗剂
12111,药物,利奈唑胺片
12112,药物,肝浸膏片
12113,药物,白金丸
12114,药物,天然型
12115,药物,心可舒颗粒
12116,药物,吲哚美辛肠溶片
12117,药物,熊胆痔灵膏
12118,药物,碘酸钾颗粒
12119,药物,盐酸左氧氟沙星眼用凝胶
12120,药物,氨糖美辛肠溶片
12121,药物,依马打正红花油
12122,药物,注射用门冬酰胺酶
12123,药物,奥利司他片
12124,药物,注射用环磷腺苷葡胺
12125,药物,活血壮筋胶囊
12126,药物,重组赖脯胰岛素注射液
12127,药物,甲硝唑氯化钠注射液
12128,药物,顽癣净
12129,药物,布洛芬片
12130,药物,羟丙甲纤维素滴眼液
12131,药物,复方酮康唑软膏
12132,药物,白消安片
12133,药物,齐多拉米双夫定片
12134,药物,益坤宁片
12135,药物,人参卫生丸
12136,药物,鱼肝油乳
12137,药物,归芍活血胶囊
12138,药物,盐酸克林霉素棕榈酸酯干混悬剂
12139,药物,米格列醇片
12140,药物,盐酸左旋咪唑宝塔糖
12141,药物,荷叶丸
12142,药物,甲硝唑片
12143,药物,丹红化瘀口服液
12144,药物,醋酸阿托西班注射液
12145,药物,肝苏软胶囊
12146,药物,龙凤宝胶囊
12147,药物,甘油醇溶液
12148,药物,注射用甲氨蝶呤
12149,药物,妇炎康丸
12150,药物,蛤蚧定喘丸
12151,药物,少腹逐瘀丸
12152,药物,痔速宁胶囊
12153,药物,二十五味松石丸
12154,药物,盐酸丁卡因注射液
12155,药物,肠内营养混悬液(TP-MCT)
12156,药物,斑秃丸
12157,药物,速溶
12158,药物,林可霉素维B6乳膏
12159,药物,消癌平片
12160,药物,枸橼酸氯米芬胶囊
12161,药物,化毒丹
12162,药物,雷公藤多甙片
12163,药物,盐酸罗哌卡因注射液
12164,药物,注射用泮托拉唑钠
12165,药物,尼可地尔片
12166,药物,祛痰止咳颗粒
12167,药物,紫花烧伤膏
12168,药物,复方独活吲哚美辛胶囊
12169,药物,注射用硝卡芥
12170,药物,甲硝唑口颊片
12171,药物,丙硫氧嘧啶片
12172,药物,脉络宁口服液
12173,药物,补肾益气胶囊
12174,药物,贞蓉丹合剂
12175,药物,甲硝唑凝胶
12176,药物,心欣舒胶囊
12177,药物,复方曲马多片
12178,药物,米诺地尔搽剂
12179,药物,轻身消胖丸
12180,药物,小儿葫芦散
12181,药物,黄藤素软胶囊
12182,药物,小儿石蔻散
12183,药物,盐酸肾上腺素注射液
12184,药物,醋酸钙颗粒
12185,药物,大山楂丸
12186,药物,复方皂矾丸
12187,药物,复方甘铋镁片
12188,药物,荣心丸
12189,药物,盐酸沙丙蝶呤片
12190,药物,十香丸
12191,药物,拉坦噻吗滴眼液
12192,药物,脑血康口服液
12193,药物,坤泰胶囊
12194,药物,克比热提片
12195,药物,调元大补二十五味汤散
12196,药物,麻仁丸
12197,药物,宫瘤宁胶囊
12198,药物,紫雪
12199,药物,玫芦消痤膏
12200,药物,茵莲清肝合剂
12201,药物,磁朱丸
12202,药物,人参归脾丸
12203,药物,消肿止痛酊
12204,药物,吡拉西坦颗粒
12205,药物,回心康片
12206,药物,注射用甲磺酸去铁胺
12207,药物,麝香回阳膏
12208,药物,拨云散眼药
12209,药物,盐酸屈他维林片
12210,药物,盐酸度洛西汀肠溶胶囊
12211,药物,多磺酸粘多糖乳膏
12212,药物,硫酸氨基葡萄糖片
12213,药物,氯雷他定糖浆
12214,药物,注射用布美他尼
12215,药物,消银颗粒
12216,药物,妇康宁片
12217,药物,萘敏维滴眼液
12218,药物,越鞠保和丸
12219,药物,双羊喉痹通颗粒
12220,药物,复方硫酸软骨素滴眼液
12221,药物,金龙胶囊
12222,药物,单唾液酸四已糖神经节苷脂钠注射液
12223,药物,麝香心脑乐胶囊
12224,药物,曲克芦丁口服溶液
12225,药物,扑米酮片
12226,药物,15AA
12227,药物,乙酰谷酰胺注射液
12228,药物,聚明胶肽注射液
12229,药物,心脑清软胶囊
12230,药物,马栗种子提取物片
12231,药物,红草止鼾胶囊
12232,药物,生精胶囊
12233,药物,注射用胸腺五肽
12234,药物,右旋糖酐铁片
12235,药物,喉舒宁胶囊
12236,药物,丹参川芎嗪注射液
12237,药物,缬沙坦分散片
12238,药物,珍宝解毒胶囊
12239,药物,新福菌素注射液
12240,药物,灯银脑通胶囊
12241,药物,辣椒碱乳膏
12242,药物,金泽冠心胶囊
12243,药物,热毒宁注射液
12244,药物,感冒灵颗粒
12245,药物,参茸酒
12246,药物,二十五味獐牙菜丸
12247,药物,尼群地平片
12248,药物,去乙酰毛花苷注射液
12249,药物,乙肝扶正胶囊
12250,药物,双氯芬酸钠肠溶缓释胶囊
12251,药物,注射用奈达铂
12252,药物,美沙拉嗪肠溶片
12253,药物,保妇康凝胶
12254,药物,复方双花口服液
12255,药物,麝香壮骨膏
12256,药物,附桂骨痛颗粒
12257,药物,疏风活络片
12258,药物,注射用降纤酶
12259,药物,阿娜尔妇洁液
12260,药物,亚砷酸氯化钠注射液
12261,药物,卡莫司汀注射液
12262,药物,体外培育牛黄
12263,药物,注射用促肝细胞生长素
12264,药物,吡拉西坦片
12265,药物,阿胶牡蛎口服液
12266,药物,氟哌啶醇片
12267,药物,丹佛胃尔康颗粒
12268,药物,归芪口服液
12269,药物,养阴清肺丸
12270,药物,甲磺酸伊马替尼胶囊
12271,药物,二维钙赖氨酸片
12272,药物,氟康唑滴眼液
12273,药物,司莫司汀胶囊
12274,药物,妇科止带片
12275,药物,慢严舒柠
12276,药物,新血宝胶囊
12277,药物,乳酸左氧氟沙星滴眼液
12278,药物,卡泊三醇软膏
12279,药物,森林脑炎灭活疫苗
12280,药物,仙蟾片
12281,药物,七厘散
12282,药物,异维A酸胶丸
12283,药物,酒石酸伐尼克兰片
12284,药物,云芝肝泰胶囊
12285,药物,三维钙片
12286,药物,盐酸吡硫醇片
12287,药物,香荷止痒软膏
12288,药物,红花逍遥颗粒
12289,药物,尼莫地平软胶囊
12290,药物,卵磷脂片
12291,药物,洋参保肺胶囊
12292,药物,阿昔洛韦缓释片
12293,药物,吲达帕胺滴丸
12294,药物,蚓激酶肠溶胶囊
12295,药物,乌鸡桂圆养血口服液
12296,药物,健脾补血片
12297,药物,法莫替丁氯化钠注射液
12298,药物,十五味黑药胶囊
12299,药物,排毒清脂片
12300,药物,维生素D2片
12301,药物,芩连片
12302,药物,喉康散
12303,药物,胰酶肠溶胶囊
12304,药物,耳聋左慈丸
12305,药物,硫辛酸片
12306,药物,盐酸丁氯喘片
12307,药物,板蓝根软胶囊
12308,药物,香砂六君丸
12309,药物,丹杞颗粒
12310,药物,跌打损伤丸
12311,药物,痔疮片
12312,药物,灭菌结晶磺胺
12313,药物,阿胶益寿口服液
12314,药物,花藤子颗粒
12315,药物,伏格列波糖片
12316,药物,硝酸咪康唑散
12317,药物,盐酸氨溴索注射液
12318,药物,拉米夫定片
12319,药物,维U颠茄铝镁片Ⅱ
12320,药物,谷维素双维B片
12321,药物,天蓉益肾合剂
12322,药物,皮肤病血毒丸
12323,药物,硫酸阿托品眼用凝胶
12324,药物,益母草膏
12325,药物,盐酸拓扑替康胶囊
12326,药物,板蓝大青颗粒
12327,药物,头孢克肟分散片
12328,药物,芩连丸
12329,药物,盐酸洛美沙星胶囊
12330,药物,二妙丸
12331,药物,痔疮外洗药
12332,药物,罗红霉素分散片
12333,药物,鼻通宁滴剂
12334,药物,换骨丸
12335,药物,Ⅱ
12336,药物,健脾生血片
12337,药物,丙硫氧嘧啶肠溶胶囊
12338,药物,维D2磷酸氢钙片
12339,药物,倍他米松片
12340,药物,消渴平片
12341,药物,盐酸班布特罗片
12342,药物,氨甲环酸注射液
12343,药物,土霉素片
12344,药物,肿痛安胶囊
12345,药物,盐酸吗啉胍滴眼液
12346,药物,溃平宁颗粒
12347,药物,防风通圣丸
12348,药物,维生素AD滴剂
12349,药物,注射用醋酸亮丙瑞林缓释微球
12350,药物,胶体果胶铋胶囊
12351,药物,特立帕肽注射液
12352,药物,硝苯地平片
12353,药物,前列泰片
12354,药物,注射用丝裂霉素
12355,药物,日舒安洗液
12356,药物,金蚧片
12357,药物,莫匹罗星软膏
12358,药物,注射用A型肉毒毒素
12359,药物,参棘软膏
12360,药物,甲硝唑乳膏
12361,药物,脑血康片
12362,药物,尼麦角林片
12363,药物,柳氮磺吡啶栓
12364,药物,止咳片
12365,药物,四味脾胃舒片
12366,药物,盐酸左氧氟沙星软膏
12367,药物,泛酸钙片
12368,药物,冻干重组人脑利钠肽
12369,药物,醋酸奥曲肽注射液
12370,药物,吸入用伊洛前列素溶液
12371,药物,小儿解表止咳口服液
12372,药物,创灼膏
12373,药物,六合定中丸
12374,药物,聚甲酚磺醛溶液
12375,药物,复方活脑舒胶囊
12376,药物,祛痰止咳胶囊
12377,药物,维生素B12片
12378,药物,保胎无忧胶囊
12379,药物,苯酰甲硝唑分散片
12380,药物,阿昔洛韦滴眼液
12381,药物,盐酸布比卡因注射液
12382,药物,注射用酒石酸美托洛尔
12383,药物,妇炎舒片
12384,药物,脑蛋白水解物片
12385,药物,盐酸环丙沙星滴眼液
12386,药物,盐酸萘甲唑啉滴鼻液
12387,药物,复方春砂颗粒
12388,药物,广东凉茶颗粒
12389,药物,奥氮平片
12390,药物,骨刺消痛液
12391,药物,妇科止血灵胶囊
12392,药物,普瑞巴林胶囊
12393,药物,尿素维E乳膏
12394,药物,拉莫三嗪片
12395,药物,盐酸地芬尼多片
12396,药物,溴新斯的明片
12397,药物,降糖舒片
12398,药物,咳特灵胶囊
12399,药物,浓缩丸
12400,药物,碘化油咀嚼片
12401,药物,吡嘧司特钾滴眼液
12402,药物,酞丁安搽剂
12403,药物,艾地苯醌片
12404,药物,止咳枇杷糖浆
12405,药物,胆石通利胶囊
12406,药物,三维B片
12407,药物,多动宁胶囊
12408,药物,七厘胶囊
12409,药物,明目蒺藜丸
12410,药物,长春西汀片
12411,药物,注射用醋酸奥曲肽
12412,药物,珍珠层粉
12413,药物,舒必利片
12414,药物,元和正胃片
12415,药物,西咪替丁片
12416,药物,复方盐酸阿替卡因注射液
12417,药物,景志安神口服液
12418,药物,赖氨肌醇维B12口服溶液
12419,药物,小儿腹泻宁糖浆
12420,药物,抗痨颗粒
12421,药物,逐瘀消肿膏
12422,药物,金玄痔科熏洗散
12423,药物,复方尿囊素片
12424,药物,盐酸多塞平乳膏
12425,药物,阿胶补血膏
12426,药物,防风通圣颗粒
12427,药物,藏青果喉片
12428,药物,血塞通软胶囊
12429,药物,复方大红袍止血胶囊
12430,药物,硫酸阿托品注射液
12431,药物,注射用克林霉素磷酸酯
12432,药物,右旋布洛芬片
12433,药物,苹果酸舒尼替尼胶囊
12434,药物,复方薄荷脑软膏
12435,药物,刺五加片
12436,药物,氟康唑颗粒
12437,药物,盐酸米诺环素胶囊
12438,药物,伊曲康唑分散片
12439,药物,红霉素肠溶片
12440,药物,斧标驱风油
12441,药物,马应龙八宝眼膏
12442,药物,锡类散
12443,药物,复方人参间苯二酚搽剂
12444,药物,丙酸氯倍他索乳膏
12445,药物,肿节风片
12446,药物,参芪健胃颗粒
12447,药物,抗人T细胞猪免疫球蛋白
12448,药物,谷丙甘氨酸胶囊
12449,药物,注射用细胞色素C
12450,药物,麝香痔疮栓
12451,药物,穿心莲片
12452,药物,硝酸异山梨酯片
12453,药物,消炎镇痛膏
12454,药物,噻托溴铵粉雾剂
12455,药物,氢溴酸东莨菪碱注射液
12456,药物,舒肝益脾胶囊
12457,药物,盐酸氮芥酊
12458,药物,消石片
12459,药物,鸿茅药酒
12460,药物,复方鱼腥草片
12461,药物,健脑胶囊
12462,药物,妥布霉素地塞米松眼膏
12463,药物,肾康注射液
12464,药物,硫酸亚铁片
12465,药物,臌症丸
12466,药物,清火栀麦片
12467,药物,宁坤丸
12468,药物,萆薢分清丸
12469,药物,甘草流浸膏
12470,药物,葡萄糖酸钙片
12471,药物,藿胆滴丸
12472,药物,过氧化氢溶液
12473,药物,喉症丸
12474,药物,参苓健脾胃颗粒
12475,药物,辅酶Q10片
12476,药物,氟康唑胶囊
12477,药物,氯解磷定注射液
12478,药物,安宫牛黄丸
12479,药物,硬脂酸红霉素片
12480,药物,氯化钾片
12481,药物,强肝胶囊
12482,药物,注射用还原型谷胱甘肽
12483,药物,桃红清血片
12484,药物,复方苦木消炎分散片
12485,药物,肾炎四味胶囊
12486,药物,复方延胡索喷雾剂
12487,药物,复方丹蛭片
12488,药物,阑尾消炎丸
12489,药物,重酒石酸卡巴拉汀胶囊
12490,药物,注射用青霉素钠
12491,药物,坤灵丸
12492,药物,益肾生发丸
12493,药物,维生素BT片
12494,药物,氧氟沙星栓
12495,药物,吡喹酮片
12496,药物,福多司坦胶囊
12497,药物,氢化可的松注射液
12498,药物,复方青黛丸
12499,药物,硫酸妥布霉素注射液
12500,药物,断血流片
12501,药物,肌注
12502,药物,盐酸环丙沙星片
12503,药物,源吉林甘和茶
12504,药物,复方黄松洗液
12505,药物,头孢氨苄颗粒
12506,药物,螺旋霉素胶囊
12507,药物,盐酸多柔比星注射液
12508,药物,比沙可啶肠溶片
12509,药物,盐酸多奈哌齐片
12510,药物,六味能消片
12511,药物,依折麦布片
12512,药物,碘化油软胶囊
12513,药物,化痔胶囊
12514,药物,盐酸左氧氟沙星胶囊
12515,药物,参茸强肾片
12516,药物,乳酸菌素颗粒
12517,药物,硫酸链霉素注射液
12518,药物,气血和胶囊
12519,药物,弹性酶肠溶片
12520,药物,替普瑞酮胶囊
12521,药物,盐酸奈福泮片
12522,药物,鲑降钙素注射液
12523,药物,盐酸左氧氟沙星滴眼液
12524,药物,林可霉素利多卡因凝胶
12525,药物,百宝丹胶囊
12526,药物,鼻窦炎口服液
12527,药物,注射用异环磷酰胺
12528,药物,炎琥宁氯化钠注射液
12529,药物,乳酸钙口服溶液
12530,药物,疏肝益阳胶囊
12531,药物,氢溴酸山莨菪碱片
12532,药物,伊班膦酸钠注射液
12533,药物,桂枝茯苓胶囊
12534,药物,复方金银花颗粒
12535,药物,盐酸哌甲酯片
12536,药物,益肝灵滴丸
12537,药物,氯膦酸二钠胶囊
12538,药物,知柏地黄丸
12539,药物,利巴韦林片
12540,药物,盐酸丁螺环酮片
12541,药物,京万红软膏
12542,药物,益肾液
12543,药物,复方樟柳碱注射液
12544,药物,解毒散结胶囊
12545,药物,卡培他滨片
12546,药物,还少丹
12547,药物,睡安胶囊
12548,药物,小活络丸
12549,药物,舒肝颗粒
12550,药物,乌蛇止痒丸
12551,药物,更昔洛韦胶囊
12552,药物,阿莫西林分散片
12553,药物,参附脱毒胶囊
12554,药物,愈美胶囊
12555,药物,青鹏膏剂
12556,药物,红芪口服液
12557,药物,毒毛花苷K注射液
12558,药物,谷维素片
12559,药物,头孢克洛缓释胶囊
12560,药物,吡拉西坦葡萄糖注射液
12561,药物,重组人生长激素注射液
12562,药物,麒麟丸
12563,药物,海马补肾丸
12564,药物,心可舒胶囊
12565,药物,胆香鼻炎片
12566,药物,丙酸交沙霉素颗粒
12567,药物,赛霉安乳膏
12568,药物,振源胶囊
12569,药物,散结镇痛胶囊
12570,药物,苄达赖氨酸滴眼液
12571,药物,盐酸舍曲林分散片
12572,药物,生血宝合剂
12573,药物,复方甘草酸苷片
12574,药物,复方紫参颗粒
12575,药物,小儿止泻片
12576,药物,调经止痛胶囊
12577,药物,盐酸赛庚啶片
12578,药物,薏芽健脾凝胶
12579,药物,尼莫地平缓释胶囊
12580,药物,冠心康胶囊
12581,药物,复方万年青胶囊
12582,药物,板蓝根注射液
12583,药物,清热化毒丸
12584,药物,枸橼酸钙片
12585,药物,强力碘溶液
12586,药物,甲磺酸托烷司琼片
12587,药物,胃乐舒口服液
12588,药物,四季三黄片
12589,药物,舒筋活血胶囊
12590,药物,景天祛斑片
12591,药物,酒石酸托特罗定胶囊
12592,药物,人血白蛋白
12593,药物,四妙丸
12594,药物,糠甾醇片
12595,药物,金刚藤糖浆
12596,药物,葡萄糖酸锌口服溶液
12597,药物,菠萝蛋白酶肠溶片
12598,药物,供口服用
12599,药物,维胺酯胶丸
12600,药物,卡介菌多糖核酸注射液
12601,药物,奥硝唑片
12602,药物,复方角菜酸酯栓
12603,药物,盐酸异丙嗪片
12604,药物,酒石酸美托洛尔胶囊
12605,药物,复方白芷酊
12606,药物,蚕蛾公补片
12607,药物,结石通茶
12608,药物,盐酸索他洛尔片
12609,药物,抱龙丸
12610,药物,甘草酸二铵注射液
12611,药物,补肾强身片
12612,药物,盐酸多巴酚丁胺葡萄糖注射液
12613,药物,如意金黄散
12614,药物,抗病毒口服液
12615,药物,参龙宁心胶囊
12616,药物,注射用盐酸头孢替安
12617,药物,小儿功劳止泻颗粒
12618,药物,外伤如意膏
12619,药物,菖麻熄风片
12620,药物,葫芦素片
12621,药物,罗红霉素胶囊
12622,药物,肾茶袋泡茶
12623,药物,肠炎宁颗粒
12624,药物,左氧氟沙星氯化钠注射液
12625,药物,注射用甲硫氨酸维B1
12626,药物,抑眩宁胶囊
12627,药物,蒺藜药酒
12628,药物,甲磺酸帕珠沙星氯化钠注射液
12629,药物,复方硫酸亚铁颗粒
12630,药物,氯化钾注射液
12631,药物,藏青果颗粒
12632,药物,断血流滴丸
12633,药物,片仔癀胶囊
12634,药物,参归润燥搽剂
12635,药物,清热散结胶囊
12636,药物,除疤膏
12637,药物,盐酸胺碘酮片
12638,药物,复方苁蓉补肾合剂
12639,药物,维生素A棕榈酸酯眼用凝胶
12640,药物,小牛脾提取物注射液
12641,药物,复方天麻蜜环糖肽片
12642,药物,滴耳油
12643,药物,浓氯化钠注射液
12644,药物,盐酸坦洛新缓释胶囊
12645,药物,云南白药胶囊
12646,药物,维生素C咀嚼片
12647,药物,舒心通脉胶囊
12648,药物,克霉唑乳膏
12649,药物,维生素K1注射液
12650,药物,香砂胃痛散
12651,药物,盐酸替利定口服溶液
12652,药物,己酮可可碱肠溶片
12653,药物,注射用盐酸多沙普仑
12654,药物,醋酸氢化可的松注射液
12655,药物,复方右旋糖酐70滴眼液
12656,药物,镇脑宁胶囊
12657,药物,脑灵素片
12658,药物,小儿消咳片
12659,药物,川贝枇杷糖浆
12660,药物,西吡氯铵含漱液
12661,药物,多烯磷脂酰胆碱胶囊
12662,药物,葡萄糖酸氯己定软膏
12663,药物,重组人干扰素α2a注射液
12664,药物,注射用达卡巴嗪
12665,药物,五加参颗粒
12666,药物,地奥司明片
12667,药物,疏风再造丸
12668,药物,异烟肼片
12669,药物,十五味赛尔斗丸
12670,药物,双氯芬酸二乙胺乳胶剂
12671,药物,氟哌啶醇注射液
12672,药物,Vero细胞
12673,药物,麦角隐亭咖啡因口服液
12674,药物,归脾合剂
12675,药物,葛根素葡萄糖注射液
12676,药物,注射用盐酸罗哌卡因
12677,药物,益视颗粒
12678,药物,亚硒酸钠片
12679,药物,芪蛭降糖片
12680,药物,右旋糖酐铁注射液
12681,药物,痛风舒片
12682,药物,补中益气口服液
12683,药物,二十五味珊瑚丸
12684,药物,富马酸亚铁咀嚼片
12685,药物,补肾益脑胶囊
12686,药物,头孢呋辛酯片
12687,药物,乳康丸
12688,药物,21
12689,药物,狂犬病人免疫球蛋白
12690,药物,冬凌草片
12691,药物,三七胶囊
12692,药物,聚维酮碘栓
12693,药物,烫伤油
12694,药物,血塞通注射液
12695,药物,抗衰老片
12696,药物,腋臭粉
12697,药物,清肝利胆胶囊
12698,药物,螺旋藻片
12699,药物,双歧杆菌三联活菌胶囊
12700,药物,参芪升阳补血胶囊
12701,药物,补肾斑龙片
12702,药物,注射用重组人白介素-2
12703,药物,双料喉风散
12704,药物,外用重组人碱性成纤维细胞生长因子
12705,药物,萘普生分散片
12706,药物,益肾养元颗粒
12707,药物,吗替麦考酚酯胶囊
12708,药物,排毒养颜片
12709,药物,黄莪胶囊
12710,药物,醋酸戈舍瑞林缓释植入剂
12711,药物,藿香正气丸
12712,药物,温胃舒胶囊
12713,药物,红霉素软膏
12714,药物,复方斯亚旦生发酊
12715,药物,甲硫酸新斯的明注射液
12716,药物,硫酸镁葡萄糖注射液
12717,药物,复方消旋山莨菪碱滴眼液
12718,药物,磷霉素钙胶囊
12719,药物,硫酸西索米星注射液
12720,药物,葡萄糖酸钙口服溶液
12721,药物,头孢氨苄胶囊
12722,药物,酒石酸托特罗定缓释片
12723,药物,脑蛋白水解物口服液
12724,药物,注射用头孢曲松钠
12725,药物,醋酸可的松片
12726,药物,颈痛灵药酒
12727,药物,复方酮康唑发用洗剂
12728,药物,天然胡萝卜素胶丸
12729,药物,头孢氨苄缓释片
12730,药物,注射用抑肽酶
12731,药物,低分子肝素钠注射液
12732,药物,宫瘤清胶囊
12733,药物,马来酸氟吡汀胶囊
12734,药物,盐酸环丙沙星滴耳液
12735,药物,盐酸氨溴索糖浆
12736,药物,环吡酮胺乳膏
12737,药物,盐酸雷尼替丁胶囊
12738,药物,重酒石酸去甲肾上腺素注射液
12739,药物,复方倍氯米松樟脑乳膏
12740,药物,愈酚溴新口服溶液
12741,药物,替硝唑胶囊
12742,药物,盐酸消旋山莨菪碱注射液
12743,药物,蹄鞘胶囊
12744,药物,益气聪明丸
12745,药物,倍他胡萝卜素咀嚼片
12746,药物,阴痒康洗剂
12747,药物,注射用奥拉西坦
12748,药物,喷托维林氯化铵糖浆
12749,药物,奥替溴铵片
12750,药物,氨咖黄敏胶囊
12751,药物,耳聋通窍丸
12752,药物,吲哚美辛贴片
12753,药物,甘草酸二铵胶囊
12754,药物,芪葛颗粒
12755,药物,天紫红女金胶囊
12756,药物,济生橘核丸
12757,药物,尿素软膏
12758,药物,氢溴酸加兰他敏注射液
12759,药物,复方丁香开胃贴
12760,药物,柏子养心丸
12761,药物,季德胜蛇药片
12762,药物,金胆片
12763,药物,无糖型
12764,药物,消癌平糖浆
12765,药物,接骨丸
12766,药物,甲苯咪唑片
12767,药物,氨咖甘片
12768,药物,呱西替柳干混悬剂
12769,药物,乳癖消胶囊
12770,药物,小儿感冒颗粒
12771,药物,注射用青霉素钾
12772,药物,复方米非司酮片
12773,药物,吡诺克辛钠滴眼液
12774,药物,滑膜炎颗粒
12775,药物,氟氯西林钠胶囊
12776,药物,莲芝消炎滴丸
12777,药物,复方蛋氨酸胆碱片
12778,药物,氨苄西林丙磺舒胶囊
12779,药物,无敌药酒
12780,药物,头孢克肟胶囊
12781,药物,清肺十八味丸
12782,药物,环磷酰胺片
12783,药物,琥珀酸索利那新片
12784,药物,沉香十七味丸
12785,药物,当归苦参丸
12786,药物,注射用头孢唑肟钠
12787,药物,前列安通胶囊
12788,药物,止泻颗粒
12789,药物,多潘立酮口腔崩解片
12790,药物,硝酸甘油片
12791,药物,灯盏花素片
12792,药物,积雪苷霜软膏
12793,药物,三合钙咀嚼片
12794,药物,牛黄清胃丸
12795,药物,伸筋丹胶囊
12796,药物,腰痛宁胶囊
12797,药物,保心宁片
12798,药物,抗病毒软胶囊
12799,药物,众生片
12800,药物,妇女痛经颗粒
12801,药物,苍夷滴鼻剂
12802,药物,肺力咳胶囊
12803,药物,碳酸锂片
12804,药物,双氯芬酸钠缓释胶囊
12805,药物,维A酸片
12806,药物,卡络磺钠片
12807,药物,妇炎净片
12808,药物,养阴清肺口服液
12809,药物,地衣芽孢杆菌活菌胶囊
12810,药物,产后逐瘀片
12811,药物,复方丹参片
12812,药物,玄麦甘桔颗粒
12813,药物,注射用托拉塞米
12814,药物,复方天仙胶囊
12815,药物,依帕司他片
12816,药物,注射用盐酸丁卡因
12817,药物,上清胶囊
12818,药物,二母宁嗽丸
12819,药物,小儿广朴止泻口服液
12820,药物,夏枯草片
12821,药物,拨云眼膏
12822,药物,富马酸酮替芬滴鼻液
12823,药物,盐酸氨溴索片
12824,药物,法莫替丁片
12825,药物,卵磷脂络合碘片
12826,药物,替硝唑片
12827,药物,脱氧核苷酸钠注射液
12828,药物,杞枣口服液
12829,药物,退障眼膏
12830,药物,多糖蛋白片
12831,药物,金嗓散结颗粒
12832,药物,三乙醇胺乳膏
12833,药物,盐酸艾司洛尔注射液
12834,药物,盐酸洛美沙星眼用凝胶
12835,药物,苯甲酸雌二醇注射液
12836,药物,调经促孕丸
12837,药物,盐酸异可利定片
12838,药物,产妇安胶囊
12839,药物,双唑泰栓
12840,药物,醋酸曲安奈德尿素乳膏
12841,药物,肺宁片
12842,药物,鼻渊片
12843,药物,罗红霉素片
12844,药物,痔速宁片
12845,药物,紫杉醇注射液
12846,药物,复方驱虫斑鸠菊丸
12847,药物,吡拉西坦分散片
12848,药物,盐酸普萘洛尔片
12849,药物,丙戊酸钠糖浆
12850,药物,妇炎康软胶囊
12851,药物,葡萄糖酸锑钠注射液
12852,药物,复方地蒽酚软膏
12853,药物,复方片仔癀痔疮软膏
12854,药物,氨氯地平阿托伐他汀钙片
12855,药物,前列癃闭通片
12856,药物,柳氮磺吡啶结肠溶胶囊
12857,药物,鲜益母草胶囊
12858,药物,乌苯美司胶囊
12859,药物,干酵母片
12860,药物,小儿泻止散
12861,药物,注射用更昔洛韦
12862,药物,吉祥安坤丸
12863,药物,右旋糖酐40葡萄糖注射液
12864,药物,卵磷脂络合碘胶囊
12865,药物,冻干
12866,药物,肾康宁片
12867,药物,盐酸曲美他嗪片
12868,药物,止血宁片
12869,药物,乳酸亚铁胶囊
12870,药物,沙利度胺片
12871,药物,夜尿宁丸
12872,药物,加味逍遥丸
12873,药物,原百仙妇炎清栓
12874,药物,多烯磷脂酰胆碱注射液
12875,药物,泮托拉唑钠肠溶片
12876,药物,金牛眼药
12877,药物,养肺丸
12878,药物,注射用盐酸克林霉素
12879,药物,参苓白术散
12880,药物,硫辛酸胶囊
12881,药物,速效止泻胶囊
12882,药物,芪枣健胃茶
12883,药物,心脑健胶囊
12884,药物,奥卡西平片
12885,药物,宁神灵颗粒
12886,药物,肺气肿片
12887,药物,益肾康胶囊
12888,药物,醋酸钙胶囊
12889,药物,熊去氧胆酸片
12890,药物,盐酸班布特罗胶囊
12891,药物,盐酸非索非那定片
12892,药物,雪山金罗汉止痛涂膜剂
12893,药物,参梅养胃颗粒
12894,药物,复方磺胺甲噁唑口服混悬液
12895,药物,十香暖脐膏
12896,药物,盐酸芦氟沙星胶囊
12897,药物,辛伐他汀胶囊
12898,药物,注射用维生素B6
12899,药物,卡左双多巴控释片
12900,药物,清肺抑火片
12901,药物,樟脑磺酸钠注射液
12902,药物,环孢素口服溶液
12903,药物,消旋山莨菪碱片
12904,药物,润肌皮肤膏
12905,药物,注射用卡铂
12906,药物,贝诺酯片
12907,药物,注射用头孢哌酮钠
12908,药物,槐角丸
12909,药物,结核丸
12910,药物,猴头菌片
12911,药物,地红霉素肠溶胶囊
12912,药物,珍芪降糖胶囊
12913,药物,消炎灵胶囊
12914,药物,肾上腺色腙注射液
12915,药物,金嗓散结片
12916,药物,甘草锌颗粒
12917,药物,健儿糖浆
12918,药物,冠脉康片
12919,药物,法莫替丁钙镁咀嚼片
12920,药物,利可君片
12921,药物,藿阳补肾胶囊
12922,药物,鹿角胶
12923,药物,复方珍珠解毒口服液
12924,药物,注射用美洛西林钠舒巴坦钠
12925,药物,马蔺子素胶囊
12926,药物,桂蒲肾清片
12927,药物,冠心生脉丸
12928,药物,阿昔洛韦凝胶
12929,药物,鸡胚细胞
12930,药物,盐酸溴己新葡萄糖注射液
12931,药物,非普拉宗片
12932,药物,豨蛭络达胶囊
12933,药物,布洛芬软胶囊
12934,药物,舒神灵胶囊
12935,药物,阿奇霉素颗粒
12936,药物,注射用去水卫矛醇
12937,药物,消朦胶囊
12938,药物,丹参酮ⅡA磺酸钠注射液
12939,药物,鞣柳硼三酸散
12940,药物,丹红注射液
12941,药物,通脉颗粒
12942,药物,肛安栓
12943,药物,牛黄上清片
12944,药物,鞣酸苦参碱胶囊
12945,药物,孟鲁司特钠咀嚼片
12946,药物,千柏鼻炎片
12947,药物,八珍益母丸
12948,药物,双蚁祛湿通络胶囊
12949,药物,急支糖浆
12950,药物,吲哚美辛栓
12951,药物,醋酸曲普瑞林注射液
12952,药物,格列吡嗪胶囊
12953,药物,强力定眩片
12954,药物,盐酸小檗碱片
12955,药物,双氯芬酸钠缓释片
12956,药物,盐酸西那卡塞片
12957,药物,妥布霉素滴眼液
12958,药物,氯霉素片
12959,药物,丙硫氧嘧啶肠溶片
12960,药物,骨苓通痹丸
12961,药物,和血明目片
12962,药物,注射用醋酸亮丙瑞林微球
12963,药物,尿清舒颗粒
12964,药物,十全大补酒
12965,药物,富马酸亚铁颗粒
12966,药物,清肺散结丸
12967,药物,小儿豉翘清热颗粒
12968,药物,驱虫消食片
12969,药物,注射用卡络磺钠
12970,药物,复方雪莲胶囊
12971,药物,滋补生发片
12972,药物,注射用奥沙利铂
12973,药物,盐酸阿罗洛尔片
12974,药物,晕可平颗粒
12975,药物,溶菌酶肠溶片
12976,药物,氢化泼尼松注射液
12977,药物,梅苏颗粒
12978,药物,甲状腺片
12979,药物,硫酸锌口服溶液
12980,药物,阿法骨化醇胶囊
12981,药物,血塞通片
12982,药物,养血生发胶囊
12983,药物,阑尾灵颗粒
12984,药物,生理氯化钠溶液
12985,药物,黄藤素片
12986,药物,儿肤康搽剂
12987,药物,匹多莫德胶囊
12988,药物,复方谷氨酰胺肠溶胶囊
12989,药物,依诺沙星滴眼液
12990,药物,咪唑斯汀缓释片
12991,药物,狼疮丸
12992,药物,伤科跌打片
12993,药物,十五味萝蒂明目丸
12994,药物,磺胺嘧啶片
12995,药物,麝香抗栓丸
12996,药物,复方熊胆薄荷含片
12997,药物,黄体酮胶丸
12998,药物,林旦乳膏
12999,药物,法罗培南钠胶囊
13000,药物,复方吡拉西坦脑蛋白水解物片
13001,药物,十全大补膏
13002,药物,维生素D2注射液
13003,药物,风湿圣药胶囊
13004,药物,宫颈癌栓
13005,药物,养血当归糖浆
13006,药物,十八味欧曲丸
13007,药物,枸橼酸钾缓释片
13008,药物,如意定喘片
13009,药物,健骨生丸
13010,药物,腹可安片
13011,药物,醋酸泼尼松龙注射液
13012,药物,盐酸氮卓斯汀鼻喷剂
13013,药物,通络生骨胶囊
13014,药物,酮洛芬缓释胶囊
13015,药物,脑灵素胶囊
13016,药物,当归养血口服液
13017,药物,复方尿维氨滴眼液
13018,药物,盐酸舍曲林胶囊
13019,药物,枸橼酸钾颗粒
13020,药物,速效牙痛宁酊
13021,药物,盐酸依匹斯汀胶囊
13022,药物,丙戊酸钠缓释片
13023,药物,粉剂
13024,药物,止血宝片
13025,药物,妇乐冲剂
13026,药物,地牡宁神口服液
13027,药物,氯雷他定片
13028,药物,复方醋酸氯己定喷剂
13029,药物,妥布霉素地塞米松滴眼液
13030,药物,熊去氧胆酸胶囊
13031,药物,复方甘草酸单铵注射液
13032,药物,刺五加颗粒
13033,药物,晕可平糖浆
13034,药物,乌拉地尔缓释片
13035,药物,肌醇烟酸酯片
13036,药物,伤科七味片
13037,药物,解毒烧伤软膏
13038,药物,胆胃康胶囊
13039,药物,回春散
13040,药物,雌二醇凝胶
13041,药物,石斛夜光丸
13042,药物,匹多莫德颗粒剂
13043,药物,头孢克洛分散片
13044,药物,短棒状杆菌制剂
13045,药物,苯妥英钠片
13046,药物,大黄碳酸氢钠片
13047,药物,六神丸
13048,药物,替莫唑胺胶囊
13049,药物,奥沙普秦肠溶胶囊
13050,药物,23
13051,药物,再造生血片
13052,药物,羟基脲片
13053,药物,乳块消糖浆
13054,药物,注射用醋酸奥曲肽微球
13055,药物,格列吡嗪片
13056,药物,固肾生发丸
13057,药物,阿咖片
13058,药物,咳特灵片
13059,药物,盐酸氟西汀胶囊
13060,药物,黄藤素分散片
13061,药物,复方乌鳢口服液
13062,药物,甘桔冰梅片
13063,药物,生力雄丸
13064,药物,麝香镇痛膏
13065,药物,痔宁片
13066,药物,活血止痛胶囊
13067,药物,克痒敏醑
13068,药物,眼氨肽注射液
13069,药物,注射用盐酸溴己新
13070,药物,复方杜仲健骨颗粒
13071,药物,复方鱼腥草滴丸
13072,药物,粉尘螨滴剂
13073,药物,凉血解毒颗粒
13074,药物,己酮可可碱缓释片
13075,药物,安那度尔注射液
13076,药物,消瘿五海丸
13077,药物,双氯芬酸钠凝胶
13078,药物,复方甲硝唑阴道栓
13079,药物,小儿复方氨基酸注射液(18AA-Ⅰ)
13080,药物,阿昔洛韦分散片
13081,药物,驱白巴布期片
13082,药物,地塞米松磷酸钠注射液
13083,药物,注射用头孢美唑钠
13084,药物,复合维生素B片
13085,药物,止血祛瘀明目片
13086,药物,止血宝颗粒
13087,药物,注射用硫普罗宁
13088,药物,抗菌消炎胶囊
13089,药物,天智颗粒
13090,药物,止痛化癥胶囊
13091,药物,麝香接骨胶囊
13092,药物,银参通络胶囊
13093,药物,人免疫球蛋白
13094,药物,地巴唑片
13095,药物,硫酸庆大霉素碳酸铋胶囊
13096,药物,氨甲环酸氯化钠注射液
13097,药物,双氯芬酸钠盐酸利多卡因注射液
13098,药物,维胺酯胶囊
13099,药物,孕康颗粒
13100,药物,清心沉香八味丸
13101,药物,养血安神片
13102,药物,盐酸洛非西定片
13103,药物,小儿肺咳颗粒
13104,药物,复方蚂蚁养肝胶囊
13105,药物,铝碳酸镁片
13106,药物,布洛芬颗粒
13107,药物,注射用氢化可的松琥珀酸钠
13108,药物,小儿牛黄清肺片
13109,药物,参麦注射液
13110,药物,酮康唑洗剂
13111,药物,阿司匹林肠溶胶囊
13112,药物,咪唑立宾片
13113,药物,板蓝根滴丸
13114,药物,布洛芬凝胶
13115,药物,增光胶囊
13116,药物,细胞色素C注射液
13117,药物,法莫替丁胶囊
13118,药物,大黄
13119,药物,辛芳鼻炎胶囊
13120,药物,米非司酮胶囊
13121,药物,盐酸特比萘芬乳膏
13122,药物,补中益气片
13123,药物,感冒清热颗粒
13124,药物,双红活血胶囊
13125,药物,心通颗粒
13126,药物,卡马西平片
13127,药物,排毒清脂胶囊
13128,药物,甲磺酸-a-二氢麦角隐亭片
13129,药物,铝碳酸镁咀嚼片
13130,药物,环孢素软胶囊
13131,药物,注射用盐酸硫必利
13132,药物,银黄胶囊
13133,药物,左羟丙哌嗪分散片
13134,药物,谷氨酸钠注射液
13135,药物,奥硝唑胶囊
13136,药物,盐酸头孢他美酯片
13137,药物,蹄甲多肽片
13138,药物,葡萄糖氯化钠注射液
13139,药物,注射用缩宫素
13140,药物,盐酸奥布卡因凝胶
13141,药物,健胃固肠散
13142,药物,复方愈创木酚磺酸钾口服溶液
13143,药物,十八味诃子利尿胶囊
13144,药物,马应龙麝香痔疮膏
13145,药物,迈之灵片
13146,药物,二维葡醛内酯片
13147,药物,降糖舒胶囊
13148,药物,十一味甘露胶囊
13149,药物,关节克痹丸
13150,药物,注射用盐酸赖氨酸
13151,药物,冠通片
13152,药物,西罗莫司片
13153,药物,红花逍遥片
13154,药物,云芝肝泰颗粒
13155,药物,乳宁胶囊
13156,药物,尼古丁咀嚼胶
13157,药物,解痉镇痛酊
13158,药物,甘油果糖注射液
13159,药物,注射用英夫利西单抗
13160,药物,银杏达莫注射液
13161,药物,氟尿嘧啶植入剂
13162,药物,包醛氧淀粉胶囊
13163,药物,胞磷胆碱钠氯化钠注射液
13164,药物,轻身减肥胶囊
13165,药物,复方氯己定含漱液
13166,药物,酚氨咖敏颗粒
13167,药物,新霉素氟轻松乳膏
13168,药物,黄连上清丸
13169,药物,金嗓散结丸
13170,药物,注射用盐酸丁咯地尔
13171,药物,氧化樟脑注射液
13172,药物,精制狗皮膏
13173,药物,夏枯草胶囊
13174,药物,胆石片
13175,药物,乳酶生片
13176,药物,氟米龙滴眼液
13177,药物,兰索拉唑片
13178,药物,西帕依固龈液
13179,药物,培坤丸
13180,药物,舒筋定痛片
13181,药物,儿泻康贴膜
13182,药物,胃乐新胶囊
13183,药物,坤宝丸
13184,药物,回生甘露丸
13185,药物,胃肠宁颗粒
13186,药物,小牛血清去蛋白眼用凝胶
13187,药物,注射用氨酪酸
13188,药物,金钱草颗粒
13189,药物,硫酸软骨素滴眼液
13190,药物,白癜风丸
13191,药物,破伤风人免疫球蛋白
13192,药物,牙痛停滴丸
13193,药物,复方七叶皂苷钠凝胶
13194,药物,稀甘油
13195,药物,双氯芬酸钠肠溶片
13196,药物,注射用尿促卵泡激素
13197,药物,阿苯达唑片
13198,药物,复方枸橼酸铁铵糖浆
13199,药物,安胎丸
13200,药物,尿嘧啶替加氟片
13201,药物,双氯芬酸钠肠溶胶囊
13202,药物,克感额日敦片
13203,药物,豆腐果苷片
13204,药物,尿塞通片
13205,药物,利巴韦林注射液
13206,药物,狗皮膏
13207,药物,小青龙颗粒
13208,药物,口服五维葡萄糖
13209,药物,白及颗粒
13210,药物,复方水杨酸樟碘溶液Ⅰ
13211,药物,贝前列素钠片
13212,药物,甜梦口服液
13213,药物,蒙脱石散
13214,药物,盐酸地尔硫
13215,药物,杞菊地黄丸
13216,药物,人凝血因子Ⅷ
13217,药物,宫炎平滴丸
13218,药物,酒石酸溴莫尼定滴眼液
13219,药物,碳酸钙颗粒
13220,药物,亚硫酸氢钠甲萘醌注射液
13221,药物,IV
13222,药物,醋酸泼尼松片
13223,药物,注射用尿促卵泡素
13224,药物,维生素AD滴剂(胶囊型)
13225,药物,利巴韦林气雾剂
13226,药物,肾石通丸
13227,药物,注射用哌拉西林钠他唑巴坦钠
13228,药物,骨刺宁胶囊
13229,药物,奥沙拉秦钠胶囊
13230,药物,维生素E皇浆口服液
13231,药物,胸腺肽肠溶胶囊
13232,药物,安康颗粒
13233,药物,黄柏胶囊
13234,药物,利肺片
13235,药物,普卢利沙星片
13236,药物,琥乙红霉素颗粒
13237,药物,小儿肠胃康颗粒
13238,药物,黄蒲洁肤洗剂
