诊断方法:ID,:LABEL,name
18109,诊断方法,明胶液化试验
18110,诊断方法,指脉氧
18111,诊断方法,周围血白细胞计数及分类检验
18112,诊断方法,唾液钾
18113,诊断方法,精液颜色
18114,诊断方法,最大胃液分泌量
18115,诊断方法,抗Jo-1抗体
18116,诊断方法,痰液中弹力纤维
18117,诊断方法,碳源利用试验
18118,诊断方法,浅感觉检查
18119,诊断方法,尿钠
18120,诊断方法,肘后三角检查
18121,诊断方法,预产期推算
18122,诊断方法,血清谷胱甘肽过氧化物酶
18123,诊断方法,X线碘油造影
18124,诊断方法,深吸气量（IC）
18125,诊断方法,引颈试验
18126,诊断方法,血栓素B2
18127,诊断方法,尿co2测定
18128,诊断方法,泪膜破裂时间
18129,诊断方法,E-玫瑰花环形成试验
18130,诊断方法,直肠镜检查
18131,诊断方法,抗SS-A和SS-B抗体
18132,诊断方法,织网红细胞计数
18133,诊断方法,细胞角蛋白19片段抗原（CYFRA21-1）
18134,诊断方法,足轴线偏移
18135,诊断方法,真菌的分离与鉴定
18136,诊断方法,胸膜摩擦感
18137,诊断方法,精液乳酸脱氢酶-X
18138,诊断方法,蝇蛆检查
18139,诊断方法,尿促卵泡成熟素
18140,诊断方法,血液碳氧血红蛋白
18141,诊断方法,缩胆囊素
18142,诊断方法,血浆组织纤溶酶原活化物抗原检测
18143,诊断方法,角膜检查
18144,诊断方法,β-半乳糖苷酶试验
18145,诊断方法,肺泡-动脉氧分压差（PA-aDO2）
18146,诊断方法,出血时间
18147,诊断方法,胎盘泌乳素（PL）
18148,诊断方法,尿6-酮-前列素F1a
18149,诊断方法,血清α1微球蛋白（α1-MG）
18150,诊断方法,尿血红蛋白定性
18151,诊断方法,同色表检查法
18152,诊断方法,泪滴状红细胞
18153,诊断方法,抗血小板抗体
18154,诊断方法,抑癌基因Rb
18155,诊断方法,儿童体检
18156,诊断方法,尿锌
18157,诊断方法,深反射检查
18158,诊断方法,不孕的生殖系统检查
18159,诊断方法,不规则抗体筛选
18160,诊断方法,甲状旁腺显像
18161,诊断方法,侧方应力试验
18162,诊断方法,尿瘘检测
18163,诊断方法,抗组织相容性抗原-DR抗体（抗-HLA-DR）
18164,诊断方法,尿亮氨酸氨基肽酶
18165,诊断方法,羊水泡沫试验
18166,诊断方法,周围血管征
18167,诊断方法,羊水与尿液鉴别试验
18168,诊断方法,电子胃镜
18169,诊断方法,全血镉
18170,诊断方法,羊水细胞培养染色体检查
18171,诊断方法,甲状旁腺激素（PTH)
18172,诊断方法,粪寄生虫卵
18173,诊断方法,弥散容量测定
18174,诊断方法,腹部外形触诊
18175,诊断方法,粪特里布累
18176,诊断方法,血清铯
18177,诊断方法,T3T4抗体
18178,诊断方法,一小时尿沉渣计数
18179,诊断方法,肿瘤前哨淋巴结显像
18180,诊断方法,线索细胞
18181,诊断方法,血清免疫球蛋白G（IgG）
18182,诊断方法,抗心磷脂抗体（ACA）
18183,诊断方法,睫状血管检查法
18184,诊断方法,补液试验
18185,诊断方法,肺部检查
18186,诊断方法,体液免疫检测法
18187,诊断方法,输精管造影
18188,诊断方法,尿果糖
18189,诊断方法,痰液气味
18190,诊断方法,颗粒膜蛋白-140
18191,诊断方法,洛日埃征
18192,诊断方法,卵磷脂小体
18193,诊断方法,唾液中的细胞
18194,诊断方法,鞠躬试验
18195,诊断方法,唾液肌酐
18196,诊断方法,呼吸动度
18197,诊断方法,5＇-核苷酸酶
18198,诊断方法,尿睾酮
18199,诊断方法,流式细胞DNA分析
18200,诊断方法,白带pH值
18201,诊断方法,甲状腺结合球蛋白（TBG）
18202,诊断方法,红细胞变形性
18203,诊断方法,脑脊液蛋白定性
18204,诊断方法,功能残气量（FRC）
18205,诊断方法,腹股沟外环冲击试验
18206,诊断方法,尿胆原（URO）
18207,诊断方法,髂胫束紧张试验
18208,诊断方法,冠状动脉CT检查
18209,诊断方法,转头试验
18210,诊断方法,脑脊液铅
18211,诊断方法,血清过氧化脂质
18212,诊断方法,强弱
18213,诊断方法,脑脊液病原体检查
18214,诊断方法,T管造影
18215,诊断方法,痰液显微镜检查
18216,诊断方法,乳房淋巴结实验
18217,诊断方法,大型血小板比例(P-LCR)
18218,诊断方法,尿铜
18219,诊断方法,无离子水（自由水）清除率
18220,诊断方法,精囊检查
18221,诊断方法,叠氮高铁血红蛋白
18222,诊断方法,纤维蛋白溶解时间
18223,诊断方法,螺旋体蛋白补体结合试验
18224,诊断方法,包皮包茎检查
18225,诊断方法,眼压描记检查法
18226,诊断方法,"维生素K(VitK,VK)"
18227,诊断方法,痰液细胞学检查
18228,诊断方法,盆腔MRI检查
18229,诊断方法,中枢神经递质和受体显像
18230,诊断方法,颞下颌关节造影
18231,诊断方法,输卵管亚甲蓝通畅试验
18232,诊断方法,尿肾上腺素
18233,诊断方法,可提取核抗原（ENA）自身抗体谱带分析
18234,诊断方法,握拳尺偏试验
18235,诊断方法,血管壁的检测
18236,诊断方法,腹部血管杂音
18237,诊断方法,梅毒螺旋体抗体
18238,诊断方法,鼻腔检查
18239,诊断方法,骨盆内测量
18240,诊断方法,Cochet和Bonnet氏角膜知觉测量计
18241,诊断方法,尿素酶试验
18242,诊断方法,胃液潜血试验
18243,诊断方法,降钙素
18244,诊断方法,血液葡萄糖
18245,诊断方法,钼
18246,诊断方法,外阴部妇科常规检查
18247,诊断方法,抗登革病毒IgG抗体
18248,诊断方法,血浆蛋白C抗原
18249,诊断方法,氧化酶试验
18250,诊断方法,单相琼脂扩散试验
18251,诊断方法,糖链抗原242
18252,诊断方法,抗角蛋白抗体(AKA)
18253,诊断方法,脑脊液免疫球蛋白
18254,诊断方法,寄生虫血液检查
18255,诊断方法,神经系统细胞学检查
18256,诊断方法,抗组蛋白抗体
18257,诊断方法,小指屈指试验
18258,诊断方法,皮肤病的物理检查
18259,诊断方法,毒素皮肤试验
18260,诊断方法,阴囊超声检查
18261,诊断方法,血清载脂蛋白a测定
18262,诊断方法,尿亚硝酸盐
18263,诊断方法,寄生虫检查的浓聚法
18264,诊断方法,部分凝血活酶活性时间
18265,诊断方法,尿含铁血红黄素
18266,诊断方法,白带检查
18267,诊断方法,谷胱甘肽S转移酶
18268,诊断方法,尿17-生酮类固醇
18269,诊断方法,肺量计检测
18270,诊断方法,滑膜液常规检查
18271,诊断方法,羊膜镜检查
18272,诊断方法,伸肌紧张试验
18273,诊断方法,随意运动检查
18274,诊断方法,凝集实验
18275,诊断方法,刮宫检查
18276,诊断方法,尿α1-微球蛋白
18277,诊断方法,腹部透视
18278,诊断方法,血浆渗透压（POP）
18279,诊断方法,促甲状腺激素释放激素兴奋试验
18280,诊断方法,坐位旋转试验
18281,诊断方法,血浆内皮素测定
18282,诊断方法,前鼻镜检查
18283,诊断方法,闭孔内肌试验
18284,诊断方法,选择蛋白指数（SPI）
18285,诊断方法,过敏原检测仪
18286,诊断方法,动态血压监测(ABPM)
18287,诊断方法,二硝基氟苯皮肤试验
18288,诊断方法,血清骨钙素（BGP）
18289,诊断方法,血清N-乙酰-β-氨基葡萄糖酶（NAG）
18290,诊断方法,自身溶血试验
18291,诊断方法,ABO血型鉴定
18292,诊断方法,鼻部功能检查
18293,诊断方法,ASO试验
18294,诊断方法,红斑狼疮细胞(LEC)
18295,诊断方法,外-斐二氏反应
18296,诊断方法,胎儿脐动脉收缩压与舒张压的比值
18297,诊断方法,全身骨骼疾病排查
18298,诊断方法,血浆二氢睾酮（DHT）
18299,诊断方法,维生素B1
18300,诊断方法,骨骼动诊
18301,诊断方法,尿铁（Fe）
18302,诊断方法,脑脊液氯化物
18303,诊断方法,肾血浆流量
18304,诊断方法,抗平滑肌抗体
18305,诊断方法,脑血流图
18306,诊断方法,"抗神经元核抗体(Hu,Ri)"
18307,诊断方法,透明质酸
18308,诊断方法,纤维结肠镜检查
18309,诊断方法,血清α1-抗胰蛋白酶蛋白
18310,诊断方法,C-myc基因（C-myc）
18311,诊断方法,脑脊液降钙素基因相关肽
18312,诊断方法,伸腕试验
18313,诊断方法,粪便脓液
18314,诊断方法,姐妹染色单体互换
18315,诊断方法,促甲状腺激素
18316,诊断方法,血沉方程K值
18317,诊断方法,尿17-酮类固醇
18318,诊断方法,血小板粘附功能测定
18319,诊断方法,关节腔液检查
18320,诊断方法,副神经检查
18321,诊断方法,单胺氧化酶
18322,诊断方法,膀胱逼尿肌功能检查
18323,诊断方法,血清冷球蛋白（CG）
18324,诊断方法,腹部体毛检查
18325,诊断方法,阿-曼氏试验
18326,诊断方法,脑脊液天门冬氨酸氨基转移酶
18327,诊断方法,描图试验
18328,诊断方法,腹壁反射
18329,诊断方法,红细胞大小异常
18330,诊断方法,潮气容量
18331,诊断方法,血清γ-谷氨酰转肽酶同工酶
18332,诊断方法,皮肤颜色
18333,诊断方法,阴茎夜间勃起试验检查
18334,诊断方法,被动血凝测定
18335,诊断方法,脑脊液谷氨酰胺
18336,诊断方法,抗胃壁细胞抗体（APCA）
18337,诊断方法,电子肠镜
18338,诊断方法,14C呼气试验
18339,诊断方法,抗胰腺腺泡抗体(PAB)
18340,诊断方法,痰液量
18341,诊断方法,胎盘生乳素
18342,诊断方法,芬斯特弗征
18343,诊断方法,常量元素
18344,诊断方法,维生素D
18345,诊断方法,抗柯萨奇B病毒IgG抗体
18346,诊断方法,血清铁（Fe）
18347,诊断方法,甲状腺素(T4)
18348,诊断方法,红细胞压积(HCT)
18349,诊断方法,糖发酵试验
18350,诊断方法,卵巢功能检查
18351,诊断方法,纤维蛋白原测定
18352,诊断方法,阴道尿道瘘显象
18353,诊断方法,二硝基氯苯（DNCB）
18354,诊断方法,血小板黏附试验
18355,诊断方法,膀胱超声检查
18356,诊断方法,联合屈曲征
18357,诊断方法,心包积液检查
18358,诊断方法,木糖测定
18359,诊断方法,丁型肝炎病毒(HDV)
18360,诊断方法,胆固醇酯与总胆固醇比值
18361,诊断方法,幽门螺杆菌检测
18362,诊断方法,脑脊液细菌培养
18363,诊断方法,脊柱活动度
18364,诊断方法,棘形红细胞
18365,诊断方法,子宫颈黏液检查
18366,诊断方法,肾动态显像
18367,诊断方法,尿卟胆原
18368,诊断方法,狼疮带试验
18369,诊断方法,窦道及瘘管造影
18370,诊断方法,ECT检查
18371,诊断方法,血块收缩试验
18372,诊断方法,热放散试验
18373,诊断方法,全血铅
18374,诊断方法,Nagel色觉镜检查法
18375,诊断方法,抗巨细胞病毒抗体（CMV－AB）
18376,诊断方法,血清冷纤维蛋白原
18377,诊断方法,血氧饱和度
18378,诊断方法,痰液中分泌型IgE
18379,诊断方法,动物实验
18380,诊断方法,血清钠
18381,诊断方法,脑脊液P物质
18382,诊断方法,组胺试验
18383,诊断方法,抗甲型肝炎病毒IgA抗体
18384,诊断方法,肝功能检查
18385,诊断方法,中性杆状核粒细胞
18386,诊断方法,鳞状上皮细胞癌抗原（SCC）
18387,诊断方法,β2-微球蛋白清除试验
18388,诊断方法,PPD试验
18389,诊断方法,血清铜
18390,诊断方法,氯丙嗪试验
18391,诊断方法,碳13尿素呼气试验
18392,诊断方法,产后检查
18393,诊断方法,蛋白C
18394,诊断方法,血浆肝素含量测定
18395,诊断方法,抗卵子透明带抗体（AZP）
18396,诊断方法,溴隐亭（BCT）抑制PRL试验
18397,诊断方法,血浆渗量检查
18398,诊断方法,胎儿生物物理相评分
18399,诊断方法,肺容量测定
18400,诊断方法,皮肤涂片显微镜检查
18401,诊断方法,肝胆动态显像
18402,诊断方法,"维生素B1（VitB1,VB1）"
18403,诊断方法,抗单链DNA(ssDNA)抗体
18404,诊断方法,葡萄糖氧化酶电极膜法
18405,诊断方法,唾液富组蛋白
18406,诊断方法,负荷试验脑血流灌注显像
18407,诊断方法,二硝基氯苯斑贴试验
18408,诊断方法,遗传筛查
18409,诊断方法,阴道触诊
18410,诊断方法,尿砷
18411,诊断方法,血清肌钙蛋白I(TnI)和肌钙蛋白T(TnT)
18412,诊断方法,儿童龋齿预防保健
18413,诊断方法,脑氧代谢显像
18414,诊断方法,颌面部检查
18415,诊断方法,隐血试验与含铁血黄素检查
18416,诊断方法,食管压力测定
18417,诊断方法,肝实质显像
18418,诊断方法,红细胞血清总胆红素
18419,诊断方法,尿路平片
18420,诊断方法,尿碱性磷酸酶（UALP）
18421,诊断方法,中性炎症细胞吞噬试验
18422,诊断方法,职业病检查项目
18423,诊断方法,鼠红细胞花环形成试验
18424,诊断方法,弗里德瑞希征
18425,诊断方法,冷热溶血试验
18426,诊断方法,脂蛋白a（Lp-a）
18427,诊断方法,尿5-羟吲哚乙酸
18428,诊断方法,肠镜
18429,诊断方法,6-酮前列腺素F1α
18430,诊断方法,尿苦杏仁酸
18431,诊断方法,脑脊液结合型髓鞘碱性蛋白
18432,诊断方法,异型淋巴细胞
18433,诊断方法,肝、胆、胰、脾的MRI检查
18434,诊断方法,乳酸（LA）
18435,诊断方法,国际标准智力测试
18436,诊断方法,落臂试验
18437,诊断方法,红细胞流动系数TK值
18438,诊断方法,血清叶酸
18439,诊断方法,酸返流试验
18440,诊断方法,于夏征
18441,诊断方法,脑脊液脑膜炎球菌抗原
18442,诊断方法,抗核抗体(ANA)或抗核因子(ANF)
18443,诊断方法,肾血管造影
18444,诊断方法,胎儿碱性蛋白（BFP）
18445,诊断方法,球囊逼出试验
18446,诊断方法,衣原体检查法
18447,诊断方法,胸腔积液一般性状检查
18448,诊断方法,肝表面状态和边缘
18449,诊断方法,过氯酸钾释放试验
18450,诊断方法,阴囊检查
18451,诊断方法,黄体生成素
18452,诊断方法,土拉伦斯杆菌凝集试验
18453,诊断方法,血清免疫球蛋白（Ig）
18454,诊断方法,桡骨膜反射
18455,诊断方法,红细胞检查
18456,诊断方法,梅毒螺旋体抗原血清试验
18457,诊断方法,高考体检
18458,诊断方法,尿羟脯氨酸
18459,诊断方法,腹部血管超声检查
18460,诊断方法,非梅毒螺旋体抗原血清试验
18461,诊断方法,提腿试验
18462,诊断方法,动脉血氧分压(PaO2)
18463,诊断方法,光学相干断层扫描（OCT）
18464,诊断方法,十二指肠钡餐造影
18465,诊断方法,肺灌注显像
18466,诊断方法,异常红细胞形态检查
18467,诊断方法,眼震电图描记法
18468,诊断方法,螺旋CT检查
18469,诊断方法,肺上皮细胞通透性（LEP）测定
18470,诊断方法,乙型肝炎核心抗体
18471,诊断方法,人工周期试验
18472,诊断方法,脑脊液胆固醇酯
18473,诊断方法,嗜中性粒细胞核鼓槌小体
18474,诊断方法,结节病抗原（Kveim）试验
18475,诊断方法,研磨试验
18476,诊断方法,极低密度脂蛋白-胆固醇
18477,诊断方法,尿液颜色
18478,诊断方法,子宫大小
18479,诊断方法,一秒用力呼气量
18480,诊断方法,粪便氯化物
18481,诊断方法,糖链抗原19-9
18482,诊断方法,精子凝集试验
18483,诊断方法,体位
18484,诊断方法,反弓抗阻试验
18485,诊断方法,尿谷草转氨酶（GOT）
18486,诊断方法,淀粉酶同工酶
18487,诊断方法,巴氏或H-E染色检查
18488,诊断方法,血清甘油三脂
18489,诊断方法,血清铁/铜比值
18490,诊断方法,拉塞格征
18491,诊断方法,EA花环激活试验
18492,诊断方法,睡眠试验
18493,诊断方法,尿游离皮质醇(UFC)
18494,诊断方法,血清补体C9含量
18495,诊断方法,子宫疾病自检
18496,诊断方法,阿米巴原虫抗原
18497,诊断方法,前列腺、精囊腺的超声检查
18498,诊断方法,凝血因子ⅩⅢ定性测定
18499,诊断方法,血红蛋白热不稳定试验
18500,诊断方法,系统胎儿超声检查
18501,诊断方法,对氨马尿酸清除率
18502,诊断方法,肠道真菌病检测
18503,诊断方法,血清纤维蛋白降解产物测定
18504,诊断方法,小白鼠毒力试验
18505,诊断方法,肝血流灌注显像
18506,诊断方法,抗促甲状腺素受体抗体（TRAb）
18507,诊断方法,IgG抗A-效价测定
18508,诊断方法,粪便酵母菌
18509,诊断方法,抗线粒体抗体
18510,诊断方法,红细胞计数(RBC)
18511,诊断方法,呼气试验
18512,诊断方法,烟碱型乙酰胆碱受体抗体
18513,诊断方法,姿势与步态
18514,诊断方法,"皮质醇结合球蛋白(CBC,CBG)"
18515,诊断方法,腹水甘油三酯
18516,诊断方法,脑脊液常规检验（CSF）
18517,诊断方法,近视力检查法
18518,诊断方法,透光试验
18519,诊断方法,巨淀粉酶
18520,诊断方法,尿沉渣细胞学
18521,诊断方法,淋巴细胞比值(LY%)
18522,诊断方法,肾脏MRI检查
18523,诊断方法,后仰位椎间孔挤压试验
18524,诊断方法,直肠-肛门运动功能测定
18525,诊断方法,腹部外形检查
18526,诊断方法,细菌学检验
18527,诊断方法,雌酮(E1)
18528,诊断方法,口腔内窥镜
18529,诊断方法,尿比重（SG）
18530,诊断方法,抗丁型肝炎病毒IgG抗体
18531,诊断方法,梳头试验
18532,诊断方法,拇收肌肌力试验
18533,诊断方法,葡萄糖-6-磷酸脱氢酶缺乏症筛查
18534,诊断方法,不孕的基础体温测定
18535,诊断方法,半胱胺酸试验
18536,诊断方法,直接抗人球蛋白试验
18537,诊断方法,颈部MRI检查
18538,诊断方法,血清砷（As）
18539,诊断方法,尿道分泌物检查
18540,诊断方法,胸部CT检查
18541,诊断方法,去甲基肾上腺素（NM）
18542,诊断方法,痰液颜色
18543,诊断方法,硝酸盐还原试验
18544,诊断方法,浆膜腔积液细胞学检查
18545,诊断方法,男性性功能测试全面测试
18546,诊断方法,前列腺检查
18547,诊断方法,C-反应蛋白检验（CRP）
18548,诊断方法,血清补体旁路途径活性
18549,诊断方法,血浆18-羟-脱氧皮质酮
18550,诊断方法,达阿马托征
18551,诊断方法,红细胞乳酸生成率
18552,诊断方法,单视标检查法
18553,诊断方法,苷-鹅脱氧胆酸
18554,诊断方法,总胆汁酸
18555,诊断方法,简易凝血酶生成试验
18556,诊断方法,胫骨后肌肌力试验
18557,诊断方法,脑脊液葡萄糖和血清葡萄糖比值
18558,诊断方法,脑电图尖波
18559,诊断方法,血清腺苷脱氨酶
18560,诊断方法,后穹窿穿刺术
18561,诊断方法,转铁蛋白饱和度
18562,诊断方法,抗戊型肝炎病毒抗体
18563,诊断方法,血清钴（Co）
18564,诊断方法,基础代谢
18565,诊断方法,肝脏及胆囊叩诊
18566,诊断方法,红细胞体积指数
18567,诊断方法,基础胃液分泌量
18568,诊断方法,中性粒细胞比例(NEUT%)
18569,诊断方法,人绒毛膜促性腺激素
18570,诊断方法,宫腔细菌培养
18571,诊断方法,肝区及胆囊叩击痛
18572,诊断方法,阴道病原体检查
18573,诊断方法,酚妥拉明阻滞试验
18574,诊断方法,胰脏触诊
18575,诊断方法,脑脊液钾
18576,诊断方法,三叉神经的面部感觉检查
18577,诊断方法,维生素B6
18578,诊断方法,弓形体筛选
18579,诊断方法,囊虫病补体结合试验
18580,诊断方法,捏鼻闭口呼气法
18581,诊断方法,脑脊液心钠素
18582,诊断方法,细胞组织化学染色
18583,诊断方法,半饱和氧分压
18584,诊断方法,脑脊液单克隆抗体检测癌细胞
18585,诊断方法,羊水渗透压
18586,诊断方法,骨髓增生程度
18587,诊断方法,支气管舒张试验
18588,诊断方法,脊柱椎体平扫
18589,诊断方法,血清酸性磷酸酶同工酶
18590,诊断方法,脐检查
18591,诊断方法,脑血流灌注断层显像
18592,诊断方法,精子制动试验
18593,诊断方法,通气贮量比
18594,诊断方法,脊柱压痛与叩击痛
18595,诊断方法,Ⅰ级产前超声检查
18596,诊断方法,毛蚴孵化法
18597,诊断方法,吞线试验
18598,诊断方法,角膜反射检查
18599,诊断方法,尿维生素C（VitC）
18600,诊断方法,耳的一般检查法
18601,诊断方法,小气脑CT扫描
18602,诊断方法,直接胆红素/间接胆红素比值
18603,诊断方法,血清运铁蛋白
18604,诊断方法,抗链球菌溶血素“O”试验
18605,诊断方法,睾丸自我检查
18606,诊断方法,全血铁
18607,诊断方法,四肢透视
18608,诊断方法,触觉
18609,诊断方法,"c-erbB-2基因检测（c-erbB-2,neu,HER-2）"
18610,诊断方法,抗胰岛细胞抗体（ICA）
18611,诊断方法,双气囊小肠镜
18612,诊断方法,血清钙
18613,诊断方法,尿流率测定
18614,诊断方法,维生素B2
18615,诊断方法,肝胶体显像
18616,诊断方法,细菌感染免疫检测
18617,诊断方法,声阻抗检查
18618,诊断方法,糖链抗原50
18619,诊断方法,纤维连接蛋白
18620,诊断方法,睾酮
18621,诊断方法,"脱氢异雄酮(DHEA,DHA)"
18622,诊断方法,胆道支架引流（ERBD）
18623,诊断方法,血清α1-微球蛋白
18624,诊断方法,尿环磷酸鸟苷
18625,诊断方法,血清C1q
18626,诊断方法,精液细菌
18627,诊断方法,粪便淀粉颗粒
18628,诊断方法,精液量
18629,诊断方法,脑脊液C-反应蛋白
18630,诊断方法,尿N-乙酰β-D氨基葡萄糖苷酶
18631,诊断方法,EB病毒壳抗原IgA抗体
18632,诊断方法,血管造影
18633,诊断方法,流行性出血热病毒抗体
18634,诊断方法,肝脏疾病超声诊断
18635,诊断方法,胸腔积液显微镜检查
18636,诊断方法,血清胆固醇酯
18637,诊断方法,非接触眼压计
18638,诊断方法,前列腺液中淀粉样体
18639,诊断方法,真菌组织病理学
18640,诊断方法,粪钾
18641,诊断方法,阴道分泌物细胞学检查
18642,诊断方法,脑池显象
18643,诊断方法,凝血时间
18644,诊断方法,紧张度与动脉壁状态
18645,诊断方法,尿素
18646,诊断方法,丙氨酸氨基转移酶(ALT）
18647,诊断方法,羊水检查
18648,诊断方法,输尿管镜检查
18649,诊断方法,中性粒细胞计数（NEUT）
18650,诊断方法,尿微量清蛋白（mA1B）
18651,诊断方法,垂体后叶素
18652,诊断方法,宫颈粘液相合试验
18653,诊断方法,脑电图棘波
18654,诊断方法,抗肝细胞膜抗原抗体
18655,诊断方法,红外热象图检查
18656,诊断方法,猪囊虫抗体
18657,诊断方法,c肽释放试验
18658,诊断方法,血支原体抗体测定
18659,诊断方法,血清铝
18660,诊断方法,雌二醇
18661,诊断方法,抗肝细胞膜抗原抗体(ALMA)
18662,诊断方法,子宫内膜活检
18663,诊断方法,"白蛋白(A,Alb)"
18664,诊断方法,B因子溶血活性
18665,诊断方法,尿液颜色（UCO）
18666,诊断方法,血管镜
18667,诊断方法,活化部分凝血活酶时间（APTT）
18668,诊断方法,蔗糖水溶血试验
18669,诊断方法,膀胱注水试验
18670,诊断方法,羊水细胞培养
18671,诊断方法,泌乳素（PRL）兴奋试验
18672,诊断方法,肾盂镜
18673,诊断方法,血浆游离皮质醇
18674,诊断方法,后鼻镜检查
18675,诊断方法,尼拉通线测量
18676,诊断方法,人体重心平衡仪
18677,诊断方法,常规体检
18678,诊断方法,肝-颈静脉返流征
18679,诊断方法,前S抗体
18680,诊断方法,基础胃液分泌量/最大胃酸排量
18681,诊断方法,甲基红试验
18682,诊断方法,糖化血清蛋白
18683,诊断方法,麻风病的间接荧光抗体吸收试验（FLA-ABS试验）
18684,诊断方法,骨髓显像
18685,诊断方法,精子形态
18686,诊断方法,献血者健康检查
18687,诊断方法,尿纤维蛋白降解产物
18688,诊断方法,前锯肌肌力试验
18689,诊断方法,胸腔积液微生物学检查
18690,诊断方法,脑脊液检查-化学检查-蛋白质检查
18691,诊断方法,膀胱输尿管返流显象
18692,诊断方法,维生素B12
18693,诊断方法,细菌内毒素检查法
18694,诊断方法,竖毛反射
18695,诊断方法,三面镜
18696,诊断方法,生理盐水皮肤试验
18697,诊断方法,抗Scl-70抗体
18698,诊断方法,有核红细胞
18699,诊断方法,节育器的X线检查
18700,诊断方法,抗网蛋白抗体
18701,诊断方法,尿硒
18702,诊断方法,床边试验
18703,诊断方法,健肢抬高试验
18704,诊断方法,头颅运动
18705,诊断方法,乙醇胶试验
18706,诊断方法,尿卟啉
18707,诊断方法,全身软组织MRI检查
18708,诊断方法,胃液乳酸定性试验
18709,诊断方法,精子顶体酶
18710,诊断方法,盆腔和阴道B超
18711,诊断方法,甲种胎儿球蛋白试验
18712,诊断方法,血红蛋白F包涵体生成试验
18713,诊断方法,性传播疾病免疫检测
18714,诊断方法,尿比重
18715,诊断方法,血清β2-微球蛋白
18716,诊断方法,脐带血穿刺
18717,诊断方法,肺功能检查
18718,诊断方法,梅毒螺旋体血凝试验
18719,诊断方法,寒冷性升压试验
18720,诊断方法,胃基础胃酸分泌量测定（BAO）
18721,诊断方法,脾显像
18722,诊断方法,羊水细胞性染色质检查
18723,诊断方法,抗骨骼肌柠檬酸提取物抗体
18724,诊断方法,TORCH检查
18725,诊断方法,鼻内激发试验
18726,诊断方法,胆囊触诊
18727,诊断方法,中性粒细胞趋化试验
18728,诊断方法,血浆凝血酶原片段1+2检测
18729,诊断方法,内镜下乳头括约肌切开术（EST）
18730,诊断方法,脊椎平片
18731,诊断方法,平均红细胞血红蛋白含量(MCH)
18732,诊断方法,泪液pH
18733,诊断方法,脑脊液促甲状腺素
18734,诊断方法,F-波
18735,诊断方法,性交后试验
18736,诊断方法,血清Ⅳ型胶原蛋白
18737,诊断方法,红细胞膜磷脂
18738,诊断方法,灭吐灵（MCP）兴奋PRL试验
18739,诊断方法,泪液溶菌酶
18740,诊断方法,血型鉴定
18741,诊断方法,T细胞花环形成试验
18742,诊断方法,红细胞δ-氨基-γ-酮戊酸脱水酶
18743,诊断方法,痰液中分泌型IgA
18744,诊断方法,中段尿细菌培养计数
18745,诊断方法,血清精氨酸酶（ARG）
18746,诊断方法,组织多肽抗原
18747,诊断方法,游离三碘甲状腺原氨酸（FT3）
18748,诊断方法,尿TH糖蛋白
18749,诊断方法,前庭功能检查
18750,诊断方法,SST受体显像
18751,诊断方法,精子子宫黏液贯通试验
18752,诊断方法,阴道细胞学检查
18753,诊断方法,听力检查法
18754,诊断方法,载脂蛋白E基因分型
18755,诊断方法,滤过紫外线检查
18756,诊断方法,血清脯氨酸羟化酶
18757,诊断方法,血清免疫球蛋白E（IgE）
18758,诊断方法,载脂蛋白CⅢ
18759,诊断方法,呼吸运动检查
18760,诊断方法,血清超敏促甲状腺激素测定
18761,诊断方法,癌症普查
18762,诊断方法,Alder试验
18763,诊断方法,复钙时间
18764,诊断方法,外鼻检查
18765,诊断方法,轮状病毒抗体（RV Ab）
18766,诊断方法,半乳糖血症筛查
18767,诊断方法,血浆纤溶酶―抗纤溶酶复合物测定
18768,诊断方法,红细胞乙酰胆碱脂酶
18769,诊断方法,肠鸣音
18770,诊断方法,拳叩试验
18771,诊断方法,中性粒细胞核鼓槌小体
18772,诊断方法,髋关节超伸试验
18773,诊断方法,血清乙酰乙酸
18774,诊断方法,产前的口腔检查
18775,诊断方法,痛觉
18776,诊断方法,胆碱酯酶
18777,诊断方法,粪细菌培养
18778,诊断方法,淋巴细胞计数（LY）
18779,诊断方法,血栓与止血检测
18780,诊断方法,磁共振血管造影
18781,诊断方法,弹跳征
18782,诊断方法,胃游离盐酸测定
18783,诊断方法,裸眼检查法
18784,诊断方法,肺和胸膜触诊
18785,诊断方法,免疫浊度技术
18786,诊断方法,淀粉酶
18787,诊断方法,全血细胞计数
18788,诊断方法,血清苯丙氨酸（Phe）
18789,诊断方法,高密度脂蛋白2-胆固醇
18790,诊断方法,无痛肠镜
18791,诊断方法,尿氨（NH3）
18792,诊断方法,夹纸试验
18793,诊断方法,神经元特异性烯醇化酶
18794,诊断方法,血清粘蛋白（SM）
18795,诊断方法,口服胆囊造影
18796,诊断方法,改良加藤法
18797,诊断方法,色素内镜检查
18798,诊断方法,抗可溶性肝抗原抗体（SLA）
18799,诊断方法,积液β2-微球蛋白
18800,诊断方法,女性性发育自我检查
18801,诊断方法,厌氧菌检测
18802,诊断方法,优生五项
18803,诊断方法,炭疽的凝集反应
18804,诊断方法,头盆不称的估计法
18805,诊断方法,早早孕胶体金试条
18806,诊断方法,囊虫胶乳凝集试验
18807,诊断方法,阴茎超声检查
18808,诊断方法,幽门螺旋杆菌的直接检查
18809,诊断方法,心理年龄测试
18810,诊断方法,酶联合吸附测定
18811,诊断方法,利多卡因代谢试验
18812,诊断方法,子宫颈活检
18813,诊断方法,雾视验光
18814,诊断方法,血浆抗利尿激素（ADH）
18815,诊断方法,手背浅静脉充盈度
18816,诊断方法,脑脊液酸碱度值
18817,诊断方法,氨基酸清除率测定
18818,诊断方法,阴道出血量检查
18819,诊断方法,抗凝血活性试验
18820,诊断方法,抗线粒体抗体（AMA）
18821,诊断方法,男性生殖器发育自我检测
18822,诊断方法,粪便菌群失调
18823,诊断方法,血氨
18824,诊断方法,甘氨酰脯氨酸二肽氨基肽酶
18825,诊断方法,足畸形检查
18826,诊断方法,指鼻试验
18827,诊断方法,肺吸虫皮内试验
18828,诊断方法,积液溶菌酶
18829,诊断方法,粪便吞噬细胞
18830,诊断方法,1分钟胆红素
18831,诊断方法,肾小球滤过分数(GFF)
18832,诊断方法,计算机三维重建技术
18833,诊断方法,尿氟
18834,诊断方法,脏器断层显像
18835,诊断方法,血清丁醇提取碘
18836,诊断方法,毛发矿物质检查
18837,诊断方法,病毒感染免疫检测
18838,诊断方法,脑脊液游离型髓鞘碱性蛋白
18839,诊断方法,阴道真菌检验
18840,诊断方法,青霉素皮内试验
18841,诊断方法,血小板凝集试验（PAgT）
18842,诊断方法,气体分布
18843,诊断方法,昂德腊耳征
18844,诊断方法,血清结合球蛋白
18845,诊断方法,嗜碱性点彩红细胞
18846,诊断方法,蛇毒因子溶血试验
18847,诊断方法,沙眼衣原体抗体
18848,诊断方法,骨髓异常细胞和寄生虫
18849,诊断方法,血清碱性磷酸酶同工酶测定（iso-ALP）
18850,诊断方法,粪便显微镜检查
18851,诊断方法,术后经T形管胆道造影
18852,诊断方法,维生素E
18853,诊断方法,虹膜检查法
18854,诊断方法,甲状腺、甲状旁腺的超声检查
18855,诊断方法,乙型肝炎抗原抗体检测
18856,诊断方法,支气管造影
18857,诊断方法,指指试验
18858,诊断方法,甲型肝炎抗原
18859,诊断方法,抗流行性乙型脑炎病毒IgM抗体
18860,诊断方法,血清总铁结合力
18861,诊断方法,两下肢长度
18862,诊断方法,肛腹诊
18863,诊断方法,尿铅
18864,诊断方法,血清脂肪酶（LPS）
18865,诊断方法,尿谷草转移酶
18866,诊断方法,淋巴细胞毒试验
18867,诊断方法,血清免疫蛋白电泳
18868,诊断方法,过敏原筛选
18869,诊断方法,胃镜
18870,诊断方法,谷氨酸
18871,诊断方法,抗心肌细胞膜抗体
18872,诊断方法,脊柱MRI检查
18873,诊断方法,乙醇凝胶试验
18874,诊断方法,甲状腺摄131碘试验
18875,诊断方法,4字试验
18876,诊断方法,全血黏度
18877,诊断方法,肾上腺MRI检查
18878,诊断方法,尿碘(I)
18879,诊断方法,尿瓜氨酸
18880,诊断方法,尿比重3h试验
18881,诊断方法,积液乳酸脱氢酶
18882,诊断方法,促甲状腺激素（TSH）
18883,诊断方法,粪卟啉
18884,诊断方法,温度与出汗
18885,诊断方法,磁共振水成像
18886,诊断方法,氧分压
18887,诊断方法,抗桥粒自身抗体
18888,诊断方法,抗核苷酶试验
18889,诊断方法,精浆α-葡萄糖苷酶
18890,诊断方法,弓形体抗体测定
18891,诊断方法,静态显像
18892,诊断方法,淋球菌免疫学检测
18893,诊断方法,胸部外部检查
18894,诊断方法,针刺试验
18895,诊断方法,立克次体补体结合试验
18896,诊断方法,血浆结合球蛋白半定量测定
18897,诊断方法,Trousseau征
18898,诊断方法,屈指试验
18899,诊断方法,菊糖发酵试验
18900,诊断方法,β-半乳糖苷酶
18901,诊断方法,碘黄试验
18902,诊断方法,马尿酸钠水解试验
18903,诊断方法,粪隐血试验
18904,诊断方法,散光表验光法
18905,诊断方法,维生素B6（VitB6）
18906,诊断方法,纤维蛋白肽Bβ1～42
18907,诊断方法,腹部平片
18908,诊断方法,经皮肝穿胆道引流（PTD）
18909,诊断方法,促黄体生成素LH
18910,诊断方法,腹部搏动检查
18911,诊断方法,超氧化物歧化酶（SOD）
18912,诊断方法,亮氨酸氨基肽酶
18913,诊断方法,血清5'-核苷酸酶（5'-NT）
18914,诊断方法,体位引流
18915,诊断方法,脊柱弯曲度
18916,诊断方法,3-甲氧基肾上腺素
18917,诊断方法,脑脊液瘘孔定位
18918,诊断方法,血清肌酐
18919,诊断方法,脾显象
18920,诊断方法,痰液的一般性状检查
18921,诊断方法,抬腿试验
18922,诊断方法,平均血小板体积(MPV)
18923,诊断方法,定量肝功能试验
18924,诊断方法,抗双链DNA抗体（ani-DNA）
18925,诊断方法,脑脊液透明度
18926,诊断方法,新生儿体格检查
18927,诊断方法,沙眼衣原体IgM和IgG
18928,诊断方法,前臂屈肌紧张试验
18929,诊断方法,肝纤维化指标检查
18930,诊断方法,尿锰
18931,诊断方法,脑脊液髓鞘碱性蛋白片段
18932,诊断方法,五官MRI检查
18933,诊断方法,震动觉
18934,诊断方法,生殖系统肿瘤检查项目
18935,诊断方法,乳房视诊
18936,诊断方法,脑脊液的化学检查
18937,诊断方法,毛果芸香碱出汗试验
18938,诊断方法,人白细胞抗原B27（HLA―B27）
18939,诊断方法,运动功能检查
18940,诊断方法,羊水胆红素
18941,诊断方法,血清腺苷脱氨酶（ADA）
18942,诊断方法,痰培养+药敏试验
18943,诊断方法,可乐定试验
18944,诊断方法,天门冬氨酸
18945,诊断方法,红细胞滤过指数（IF）
18946,诊断方法,T4/T8比值
18947,诊断方法,蛋白质、氨基酸分解产物试验
18948,诊断方法,闭目直立试验
18949,诊断方法,内分泌功能试验
18950,诊断方法,细菌性食物中毒检测
18951,诊断方法,粪便植物细胞与植物纤维
18952,诊断方法,抗胰岛素抗体
18953,诊断方法,血清总补体活性（CH50）
18954,诊断方法,儿童生长发育检测
18955,诊断方法,甘氨酸
18956,诊断方法,葡萄糖氧化酶生化分析仪法
18957,诊断方法,反跳试验
18958,诊断方法,食管24hpH监测
18959,诊断方法,膀胱叩诊
18960,诊断方法,血清冷球蛋白
18961,诊断方法,血清三碘甲状腺原氨酸
18962,诊断方法,红细胞比积(PCV)
18963,诊断方法,血糖仪试纸带法
18964,诊断方法,"血清氯(Cl-,Cl)"
18965,诊断方法,血小板体积分布宽度(PDW)
18966,诊断方法,结核杆菌的抗原、抗体检查
18967,诊断方法,望远镜试验
18968,诊断方法,锡克试验
18969,诊断方法,骨密度测定
18970,诊断方法,孕激素试验
18971,诊断方法,活化蛋白C抵抗试验
18972,诊断方法,四肢与关节运动功能
18973,诊断方法,结肠造影
18974,诊断方法,直接涂片检查
18975,诊断方法,类风湿因子（RF）
18976,诊断方法,血清锂
18977,诊断方法,电阻抗体积描记检查
18978,诊断方法,静脉注射肾盂摄影检查
18979,诊断方法,面神经检查
18980,诊断方法,纤维支气管镜检查
18981,诊断方法,尿道口检查
18982,诊断方法,过氧化酶染色
18983,诊断方法,脑蛋白质代谢显像
18984,诊断方法,脑脊液5-羟吲哚乙酸
18985,诊断方法,妇科检查
18986,诊断方法,餐后血清锌浓度反应试验(PICR)
18987,诊断方法,血管紧张素转化酶
18988,诊断方法,口腔X光片检查
18989,诊断方法,循环免疫复合物
18990,诊断方法,肾血流量（RPF）
18991,诊断方法,骨盆外测量
18992,诊断方法,阴道分泌物清洁度
18993,诊断方法,脏器触诊
18994,诊断方法,汉坦病毒抗体（VH-Ab）
18995,诊断方法,上消化道X线钡餐
18996,诊断方法,血清蛋白电泳
18997,诊断方法,下消化道内镜检查
18998,诊断方法,胰岛素
18999,诊断方法,M型超声心动图（ME）
19000,诊断方法,甘油三酯
19001,诊断方法,前列腺液显微镜检查
19002,诊断方法,膝侧向运动试验
19003,诊断方法,葡萄糖-6-磷酸脱氢酶
19004,诊断方法,汗液电解质检查
19005,诊断方法,脑葡萄糖代谢显像
19006,诊断方法,脑脊液纤维连接蛋白
19007,诊断方法,磷酸肌酸激同工酶
19008,诊断方法,阿司匹林耐量试验
19009,诊断方法,血清乳糖
19010,诊断方法,遮盖法
19011,诊断方法,肝区腹膜摩擦感
19012,诊断方法,束臂试验
19013,诊断方法,乙型肝炎病毒核心抗体（HBcAb）
19014,诊断方法,水溶性维生素
19015,诊断方法,尿去氢异雄酮
19016,诊断方法,血清甘-鹅去氧胆酸
19017,诊断方法,HCG半定量
19018,诊断方法,"复钙交叉试验（CRT,PRT）"
19019,诊断方法,腺病毒抗体
19020,诊断方法,三合诊
19021,诊断方法,布氏杆菌凝集试验
19022,诊断方法,脑脊液钙
19023,诊断方法,体重指数
19024,诊断方法,试管凝集试验
19025,诊断方法,激发试验
19026,诊断方法,胆囊胆道B超检查
19027,诊断方法,花托试验
19028,诊断方法,结膜的检查
19029,诊断方法,肾脏触诊
19030,诊断方法,干扰素
19031,诊断方法,粪便气味
19032,诊断方法,凝血酶时间
19033,诊断方法,催乳素(PRL)
19034,诊断方法,精子运动速度
19035,诊断方法,康氏反应
19036,诊断方法,解脲脲原体
19037,诊断方法,血浆酮体
19038,诊断方法,尿结晶
19039,诊断方法,冈上肌肌腱断裂试验
19040,诊断方法,身体质量指数
19041,诊断方法,空腹血葡萄糖
19042,诊断方法,生理无效腔（Vd/Vt）
19043,诊断方法,黄疸检查
19044,诊断方法,芬科斯试验
19045,诊断方法,肌酸激酶
19046,诊断方法,抗类风湿性关节炎33抗体
19047,诊断方法,抗丁型肝炎病毒IgM抗体
19048,诊断方法,血清醛缩酶
19049,诊断方法,phi(φ)小体染色
19050,诊断方法,颞下颌关节检查
19051,诊断方法,异柠檬酸脱氢酶
19052,诊断方法,小指短屈肌肌力试验
19053,诊断方法,尿胆素
19054,诊断方法,肿瘤基因P53抗体（P53-AB）
19055,诊断方法,"血清醛固酮(ALD,ALS)"
19056,诊断方法,胎儿血红蛋白(HbF)酸洗脱试验
19057,诊断方法,心脏血管超声检查
19058,诊断方法,刮髌试验
19059,诊断方法,钼靶照相
19060,诊断方法,位听神经检查
19061,诊断方法,眼底微血管检查
19062,诊断方法,染色体核型分析
19063,诊断方法,胰蛋白酶(Try)
19064,诊断方法,粪便氮
19065,诊断方法,粪便隐血试验(OBT)
19066,诊断方法,新生儿疾病筛查
19067,诊断方法,封闭抗体检查
19068,诊断方法,脑脊液β2微球蛋白（β2-MG）
19069,诊断方法,刚果红试验
19070,诊断方法,尿γ-谷氨酰转移酶
19071,诊断方法,尿蛋白试验（PRO）
19072,诊断方法,二维超声心动图
19073,诊断方法,葡萄糖胰岛素释放试验
19074,诊断方法,血吸虫抗体
19075,诊断方法,尿浓缩与稀释功能试验
19076,诊断方法,Frenzel氏眼镜检查法
19077,诊断方法,飞行员体格检查
19078,诊断方法,用力肺活量（FVC)
19079,诊断方法,抗甲状腺微粒体抗体
19080,诊断方法,压颈试验
19081,诊断方法,尿道抬举试验
19082,诊断方法,胃液乳酸测定
19083,诊断方法,白细胞数
19084,诊断方法,无痛胃镜
19085,诊断方法,红细胞花环试验
19086,诊断方法,促肾上腺皮质激素
19087,诊断方法,总甲状腺素
19088,诊断方法,抗表皮基底膜抗体
19089,诊断方法,血凝抑制试验
19090,诊断方法,浆膜腔积液病原体
19091,诊断方法,肾血浆流量测定
19092,诊断方法,血清比黏度
19093,诊断方法,局部显像
19094,诊断方法,血清磷脂
19095,诊断方法,尿卟啉原试验（UP）
19096,诊断方法,气钡双对比造影
19097,诊断方法,尿蛋氨酸（Met）
19098,诊断方法,胱氨酸
19099,诊断方法,糖脂类肿瘤标志物检测
19100,诊断方法,前列腺液颜色
19101,诊断方法,支气管哮喘运动激发试验
19102,诊断方法,痰培养
19103,诊断方法,尿蛋白定量
19104,诊断方法,乳糜尿定性试验
19105,诊断方法,血小板体积分布宽度（PDW）
19106,诊断方法,早产视网膜病变筛查
19107,诊断方法,泪道探术
19108,诊断方法,高峰胃酸分泌量测定（PAO）
19109,诊断方法,巴氏(Pap) 阴道细胞涂片检查
19110,诊断方法,纤维蛋白肽Bβ15～42
19111,诊断方法,电子束CT
19112,诊断方法,血吸虫酶联免疫吸附试验
19113,诊断方法,"尿维生素B2（VitB2,VB2）"
19114,诊断方法,磁共振波谱成像
19115,诊断方法,小气道功能
19116,诊断方法,虎红平板凝集试验
19117,诊断方法,舌下神经检查
19118,诊断方法,羊水钠
19119,诊断方法,血浆促甲状腺激素释放激素(TRH)
19120,诊断方法,血清蛋白电泳（SPE）
19121,诊断方法,抗RNP抗体
19122,诊断方法,芽生菌补体结合试验
19123,诊断方法,光觉检查
19124,诊断方法,色氨酸
19125,诊断方法,染色体
19126,诊断方法,肿瘤受体显像
19127,诊断方法,泪液乳铁蛋白
19128,诊断方法,髋外旋外展试验
19129,诊断方法,胰岛素低血糖兴奋GH、ACTH试验
19130,诊断方法,尿维生素B1
19131,诊断方法,"碱性磷酸酶(ALP,AKP)"
19132,诊断方法,血清磷（Pi）
19133,诊断方法,灭活血清反应素试验
19134,诊断方法,分侧肾静脉肾素活性测定
19135,诊断方法,B因子
19136,诊断方法,血清淀粉酶同工酶（AMY-I）
19137,诊断方法,红细胞碱粒凝集试验
19138,诊断方法,肝脏触诊
19139,诊断方法,搔弹音
19140,诊断方法,抗环瓜氨酸多肽抗体（抗CCP）
19141,诊断方法,眼及眶区CT检查
19142,诊断方法,凝血因子活性测定
19143,诊断方法,流行性脑脊髓膜炎免疫学试验
19144,诊断方法,肿瘤坏死因子α
19145,诊断方法,CT血管成像
19146,诊断方法,嗜酸性粒细胞数
19147,诊断方法,饱餐试验
19148,诊断方法,核酸的分子杂交
19149,诊断方法,尿铜（Cu）
19150,诊断方法,胰腺特异性抗原（PaA）
19151,诊断方法,血清脂蛋白-α
19152,诊断方法,嗅神经检查
19153,诊断方法,血清汞（Hg）
19154,诊断方法,红细胞丙酮酸激酶活性
19155,诊断方法,尿乳糖
19156,诊断方法,食管造影
19157,诊断方法,三碘甲状腺原氨酸摄取率
19158,诊断方法,血清亮氨酸氨基转肽酶（LAP）
19159,诊断方法,沙门氏菌的鉴定
19160,诊断方法,因子VIII/因子IX促凝活性
19161,诊断方法,厌氧菌的分离与鉴定
19162,诊断方法,TRH兴奋TSH、PRL试验
19163,诊断方法,快速血浆反应素环状卡片试验
19164,诊断方法,逆行肾盂造影
19165,诊断方法,尿铬（Cr）
19166,诊断方法,脑脊液髓鞘碱性蛋白
19167,诊断方法,脑脊液钠
19168,诊断方法,微量元素中毒检测
19169,诊断方法,压顶试验
19170,诊断方法,胎心监护
19171,诊断方法,骨髓淋巴细胞系统
19172,诊断方法,血清学反应
19173,诊断方法,过指试验
19174,诊断方法,热溶血试验
19175,诊断方法,Lhermitte征
19176,诊断方法,血红蛋白A2
19177,诊断方法,膈现象
19178,诊断方法,免疫学检测
19179,诊断方法,血栓调节蛋白抗原
19180,诊断方法,血浆蛋白C活性测定
19181,诊断方法,血红蛋白电泳
19182,诊断方法,金伯克现象
19183,诊断方法,抗双链DNA抗体
19184,诊断方法,婴幼儿测量身长
19185,诊断方法,血清山梨醇脱氢酶
19186,诊断方法,拇短伸肌肌力试验
19187,诊断方法,黑加征
19188,诊断方法,脑脊液梅毒血清补体结合反应
19189,诊断方法,甲状腺血流显像
19190,诊断方法,床旁透视与术中透视
19191,诊断方法,挺胸试验
19192,诊断方法,枸橼酸盐利用试验
19193,诊断方法,胃肠道功能动力学检查
19194,诊断方法,单克隆丙种球蛋白（MMG）
19195,诊断方法,子宫颈涂片测试
19196,诊断方法,比格凝血活酶生成时间
19197,诊断方法,单纯疱疹病毒抗体
19198,诊断方法,阴茎海绵体血管活性物质注射
19199,诊断方法,释放抗体试验
19200,诊断方法,血清锌
19201,诊断方法,粪胆素
19202,诊断方法,血液检查
19203,诊断方法,血清阴离子测定
19204,诊断方法,药物刺激试验
19205,诊断方法,α1-抗胰蛋白酶
19206,诊断方法,新斯的明试验
19207,诊断方法,食管拉网检查
19208,诊断方法,酸性磷酸酶
19209,诊断方法,肾脏超声检查
19210,诊断方法,阴茎检查
19211,诊断方法,唾液溶菌酶
19212,诊断方法,血细胞分析仪
19213,诊断方法,不孕不育的免疫学检查
19214,诊断方法,肩关节外展试验
19215,诊断方法,尿维生素B6
19216,诊断方法,眼底荧光血管造影
19217,诊断方法,红细胞二磷酸甘油转移酶
19218,诊断方法,连续血浆鱼精蛋白稀释试验
19219,诊断方法,肺泡气-动脉血氧分压差
19220,诊断方法,维生素B3
19221,诊断方法,变性珠蛋白小体检测
19222,诊断方法,尿素氮
19223,诊断方法,尿常规
19224,诊断方法,面容表情
19225,诊断方法,肺活量体重指数
19226,诊断方法,腹部听诊
19227,诊断方法,肾素活性
19228,诊断方法,免疫印迹技术
19229,诊断方法,甲状腺球蛋白
19230,诊断方法,血浆维生素B12
19231,诊断方法,血吸虫尾蚴膜反应
19232,诊断方法,全血还原黏度
19233,诊断方法,抗甲状腺微粒体抗体(ATMA)
19234,诊断方法,胃液酸碱度(pH)
19235,诊断方法,荧光法密螺旋体抗体吸附试验
19236,诊断方法,D二聚体（DD）
19237,诊断方法,肺弥散功能测定（DL）
19238,诊断方法,红细胞比容
19239,诊断方法,尿无机磷（Pi）
19240,诊断方法,丁型肝炎抗体
19241,诊断方法,抗碱血红蛋白
19242,诊断方法,眼球及眼眶检查法
19243,诊断方法,胃肠道CT检查
19244,诊断方法,胃总酸度测定
19245,诊断方法,五肽胃泌素胃液分析
19246,诊断方法,羊水渗透量(压)
19247,诊断方法,语调与语态
19248,诊断方法,浅反射检查
19249,诊断方法,特里布累氏试验
19250,诊断方法,尿孕酮(P)
19251,诊断方法,脑多普勒超声（TCD）
19252,诊断方法,鼻胆管引流（ENBD）
19253,诊断方法,尿β-羟丁酸
19254,诊断方法,5-羟吲哚乙酸
19255,诊断方法,尿液肉眼检查
19256,诊断方法,血小板第3因子功能检测
19257,诊断方法,平均红细胞体积（MCV）
19258,诊断方法,果糖耐量试验
19259,诊断方法,翻转上睑方法
19260,诊断方法,胃液IgG IgA
19261,诊断方法,上消化道功能测定和显像
19262,诊断方法,抗麸质抗体
19263,诊断方法,催产素
19264,诊断方法,牙髓电活力测定
19265,诊断方法,淋巴细胞数
19266,诊断方法,血浆鱼精蛋白副凝试验（3p试验）
19267,诊断方法,黄体酮试验
19268,诊断方法,阴离子间隙（AG）
19269,诊断方法,颈静脉检查
19270,诊断方法,Optochin敏感试验
19271,诊断方法,HCO3-重吸收试验
19272,诊断方法,抗甲状腺抗体
19273,诊断方法,流速容量测定
19274,诊断方法,心肌灌注显像
19275,诊断方法,眼心反射
19276,诊断方法,间接抗人球蛋白试验
19277,诊断方法,平均红细胞血红蛋白浓度(MCHC)
19278,诊断方法,抗透明质酸酶
19279,诊断方法,"血清镁(Mg2+,Mg)"
19280,诊断方法,霍乱弧菌检测
19281,诊断方法,天门冬酰酸
19282,诊断方法,眼底接触镜
19283,诊断方法,血浆17-羟孕酮（17-OHP）
19284,诊断方法,导管吹张法
19285,诊断方法,液气胸征
19286,诊断方法,耳镜检查法
19287,诊断方法,脱氢表雄酮
19288,诊断方法,NST试验
19289,诊断方法,α2-纤溶酶抑制抗原
19290,诊断方法,膀胱镜
19291,诊断方法,血液黏度
19292,诊断方法,电子支气管镜检查
19293,诊断方法,肾脏切片
19294,诊断方法,平面显像
19295,诊断方法,腰大肌刺激试验
19296,诊断方法,唾液醛固酮
19297,诊断方法,拇指对掌试验
19298,诊断方法,粪便血液
19299,诊断方法,全血乳酸测定
19300,诊断方法,α-茶酚醋酸酯酶染色
19301,诊断方法,沙眼衣原体抗原
19302,诊断方法,布莱恩特三角检查
19303,诊断方法,拇指对掌肌肌力试验
19304,诊断方法,粪中结晶
19305,诊断方法,儿茶酚胺
19306,诊断方法,血清α-L-岩藻糖苷酶（α-FU）
19307,诊断方法,股四头肌肌力试验
19308,诊断方法,小指外展试验
19309,诊断方法,胃排空测定和显像
19310,诊断方法,骨盆倾斜试验
19311,诊断方法,动脉听诊
19312,诊断方法,白细胞分类计数
19313,诊断方法,林纳试验
19314,诊断方法,阴道前后壁膨出度
19315,诊断方法,真菌感染的实验室检查
19316,诊断方法,血清镁
19317,诊断方法,抗原皮内试验
19318,诊断方法,类风湿因子
19319,诊断方法,组织纤维溶酶原激活物(t-PA)
19320,诊断方法,烟酸(Niacin)
19321,诊断方法,DNA多聚酶
19322,诊断方法,血清谷草转氨酶与血清谷-丙转氨酶比值
19323,诊断方法,血清肌酸激酶
19324,诊断方法,趾长屈肌肌力试验
19325,诊断方法,50克葡萄糖耐量检查
19326,诊断方法,脑血管造影
19327,诊断方法,尿铍
19328,诊断方法,静态骨显像
19329,诊断方法,血浆皮质醇
19330,诊断方法,尿酮体（KET）
19331,诊断方法,精子顶体完整率检查
19332,诊断方法,粒细胞与红细胞比值
19333,诊断方法,抗军团菌抗体试验
19334,诊断方法,足长轴与两踝连线的测量
19335,诊断方法,实际碳酸氢盐（AB）
19336,诊断方法,心内电生理检查
19337,诊断方法,γ-干扰素
19338,诊断方法,抗Ku抗体
19339,诊断方法,粪便上皮细胞
19340,诊断方法,眼球异物定位摄影
19341,诊断方法,凝血酶原消耗试验
19342,诊断方法,脑脊液精氨酸加压素
19343,诊断方法,旋前圆肌和旋前方肌肌力试验
19344,诊断方法,药物迷走神经阻滞试验
19345,诊断方法,立体视觉
19346,诊断方法,超广谱β -内酰胺酶
19347,诊断方法,阴道分泌物检查
19348,诊断方法,双眼平衡检查
19349,诊断方法,膝反射
19350,诊断方法,抗骨骼肌抗体（ASA）
19351,诊断方法,血清醛缩酶同工酶
19352,诊断方法,雌激素试验
19353,诊断方法,链激酶-链道酶试验
19354,诊断方法,贝美格诱发试验
19355,诊断方法,人体各关节功能活动范围
19356,诊断方法,间α胰蛋酶抑制物
19357,诊断方法,泪道检查
19358,诊断方法,血清乳酸脱氢酶（LDH）
19359,诊断方法,尿沉渣结晶检查
19360,诊断方法,前房深度测量
19361,诊断方法,蛋白S抗原
19362,诊断方法,寒冷凝集试验
19363,诊断方法,拇短展肌肌力试验
19364,诊断方法,颌面五官CT检查
19365,诊断方法,抗中性粒细胞胞质抗体
19366,诊断方法,头颅正侧位片
19367,诊断方法,醋酸AS-茶酚酯酶染色
19368,诊断方法,雄烯二酮
19369,诊断方法,上消化道内窥镜检查
19370,诊断方法,俯卧伸腰试验
19371,诊断方法,隐球菌病补体结合试验
19372,诊断方法,斑疹伤寒血清学检测
19373,诊断方法,胎盘分级
19374,诊断方法,血清前白蛋白
19375,诊断方法,蔗糖溶血试验
19376,诊断方法,带状光检影法
19377,诊断方法,风疹病毒抗体
19378,诊断方法,血浆蝰蛇毒磷脂时间测定
19379,诊断方法,瞳孔检查
19380,诊断方法,透明质酸酶
19381,诊断方法,尿游离皮质醇
19382,诊断方法,速发型变态反应皮肤测试
19383,诊断方法,红细胞渗透脆性试验
19384,诊断方法,血清乳酸脱氢酶
19385,诊断方法,部分凝血活酶时间
19386,诊断方法,浆膜腔积液细胞计数
19387,诊断方法,产后盆底肌肉检查及评估
19388,诊断方法,纤维蛋白原
19389,诊断方法,兔感染试验
19390,诊断方法,极低密度脂蛋白胆固醇（VLDL-c，VLDL-ch ）
19391,诊断方法,白细胞介素2（iL-2）
19392,诊断方法,艾利斯征
19393,诊断方法,GnRH兴奋试验
19394,诊断方法,新生儿溶血症筛查
19395,诊断方法,导尿术
19396,诊断方法,嗜酸性粒细胞计数（E）
19397,诊断方法,植物血凝素皮内试验
19398,诊断方法,吞咽试验法
19399,诊断方法,尿总氮
19400,诊断方法,血清肌酸激酶同工酶（CKI）
19401,诊断方法,血浆11-脱氧皮质酮
19402,诊断方法,全血砷
19403,诊断方法,真菌检查
19404,诊断方法,钩端螺旋体补体结合试验
19405,诊断方法,半乳糖耐量试验
19406,诊断方法,胸腹水检查
19407,诊断方法,腹部叩诊
19408,诊断方法,聚合酶链式反应
19409,诊断方法,烟碱
19410,诊断方法,尿铬
19411,诊断方法,精浆的生化检查
19412,诊断方法,溶血性乙型脑炎补体结合试验
19413,诊断方法,尿苯丙酸试验
19414,诊断方法,现时身高预测法
19415,诊断方法,肛门指检
19416,诊断方法,乳糜尿
19417,诊断方法,脑脊液结核性脑膜炎抗体
19418,诊断方法,柯萨奇病毒抗体
19419,诊断方法,间接胆红素
19420,诊断方法,抗利尿激素
19421,诊断方法,红细胞流变特性检测
19422,诊断方法,嗜碱性粒细胞数
19423,诊断方法,75克葡萄糖耐量检查
19424,诊断方法,血液硫化血红蛋白
19425,诊断方法,婴幼儿视力检查
19426,诊断方法,深静脉通畅试验
19427,诊断方法,咽鼓管荧光素试验
19428,诊断方法,红细胞5＇-嘧啶核苷酸酶
19429,诊断方法,血清载脂蛋白E测定
19430,诊断方法,粪便红细胞
19431,诊断方法,淋病细菌学检测
19432,诊断方法,液波震颤(fluid thrill)
19433,诊断方法,血清免疫球蛋白A（IgA）
19434,诊断方法,泪液β2-微球蛋白
19435,诊断方法,醋酸AS-D茶酚脂酶染色
19436,诊断方法,肾上腺素试验
19437,诊断方法,血清谷丙转氨酶
19438,诊断方法,游离甲状腺素指数（FT4I）
19439,诊断方法,血清尿素氮
19440,诊断方法,特异性脂酶染色
19441,诊断方法,脑脊液溶菌酶
19442,诊断方法,血块或血浆凝块溶解时间测定
19443,诊断方法,尿镉
19444,诊断方法,剖胸术
19445,诊断方法,尿胆原
19446,诊断方法,血清胆固醇与磷脂比值
19447,诊断方法,尿黑酸定性试验
19448,诊断方法,抗麻疹病毒抗体
19449,诊断方法,牙髓温度试验（冷热诊）
19450,诊断方法,胎儿镜检查
19451,诊断方法,浆细胞
19452,诊断方法,抗心肌磷脂抗体
19453,诊断方法,δ-胆红素
19454,诊断方法,心血管疾病的超声诊断
19455,诊断方法,呼气流速
19456,诊断方法,醋酸白试验
19457,诊断方法,间接鼻咽镜
19458,诊断方法,皮损
19459,诊断方法,尿镁（Mg）
19460,诊断方法,髋臼指数
19461,诊断方法,妇科的保健体检
19462,诊断方法,药敏试验
19463,诊断方法,尿黑素
19464,诊断方法,血清胰高血糖素（PG）
19465,诊断方法,血清淀粉酶（AMS）
19466,诊断方法,血小板第3因子有效性测定
19467,诊断方法,组织纤溶酶原激活物
19468,诊断方法,三叉神经的运动功能检查
19469,诊断方法,人巨细胞病毒抗体
19470,诊断方法,男性生殖系X线检查
19471,诊断方法,支原体检查法
19472,诊断方法,血清触珠蛋白（Hp）
19473,诊断方法,淀粉样体
19474,诊断方法,尿黄体生成素
19475,诊断方法,血清淀粉样蛋白A
19476,诊断方法,颈椎CT检查
19477,诊断方法,肾功能检查
19478,诊断方法,尿碘
19479,诊断方法,妊娠试验
19480,诊断方法,鼻咽部活组织检查
19481,诊断方法,尿三氯化铁试验
19482,诊断方法,促卵泡激素（FSH）
19483,诊断方法,晶状体检查
19484,诊断方法,血清载脂蛋白CII测定
19485,诊断方法,回归热螺旋体（BR）
19486,诊断方法,脑电图检查
19487,诊断方法,红细胞葡萄糖磷酸异构酶
19488,诊断方法,脑脊液神经肽
19489,诊断方法,糖化血红蛋白
19490,诊断方法,裂隙灯
19491,诊断方法,血清游离胆固醇
19492,诊断方法,脂溶性维生素
19493,诊断方法,经支气管镜肺活检
19494,诊断方法,血清甲状腺素结合前白蛋白
19495,诊断方法,肝腹水的检查
19496,诊断方法,甲型肝炎抗体检测（抗-HAV）
19497,诊断方法,非必需微量元素
19498,诊断方法,角膜地形图检查
19499,诊断方法,疟原虫抗体和抗原
19500,诊断方法,梅毒血清反应的假阳性
19501,诊断方法,子宫输卵管造影
19502,诊断方法,鸭步检测
19503,诊断方法,胎儿体重预测
19504,诊断方法,核糖核酸染色
19505,诊断方法,乳酸与丙酮酸比值
19506,诊断方法,甲状旁腺激素（PTH）试验
19507,诊断方法,β-血小板球蛋白
19508,诊断方法,催产素激惹试验
19509,诊断方法,经阴道超声
19510,诊断方法,癌胚抗原（CEA）
19511,诊断方法,乳腺导管内窥镜
19512,诊断方法,细胞免疫检查
19513,诊断方法,十二指肠液和胆汁寄生虫检查
19514,诊断方法,脑脊液β-内啡肽
19515,诊断方法,尿液镜检法
19516,诊断方法,酶学检查
19517,诊断方法,泪液表皮生长因子
19518,诊断方法,尿磷
19519,诊断方法,血液生化六项检查
19520,诊断方法,尿铅（Pb）
19521,诊断方法,血清已糖
19522,诊断方法,氨基酸的检查
19523,诊断方法,两手互握试验
19524,诊断方法,组氨酸
19525,诊断方法,实际碳酸氢根
19526,诊断方法,琼脂扩散试验
19527,诊断方法,反映肝脏间质变化的试验
19528,诊断方法,尿妊娠试验（HCG）
19529,诊断方法,钒
19530,诊断方法,胆囊和胆道收缩功能检查
19531,诊断方法,粪便寄生虫
19532,诊断方法,"二氧化碳分压（PCO2,PCO2）"
19533,诊断方法,尿三胆检查
19534,诊断方法,口服法胆道造影
19535,诊断方法,全血镍
19536,诊断方法,双向琼脂扩散试验
19537,诊断方法,精液液化时间
19538,诊断方法,结核杆菌检查
19539,诊断方法,肱桡肌肌力试验
19540,诊断方法,铅笔滚动试验
19541,诊断方法,麻疹病毒抗体
19542,诊断方法,肝搏动
19543,诊断方法,胫化酶谷氨酸
19544,诊断方法,新生儿甲状腺功能检查
19545,诊断方法,脊髓灰质炎病毒抗体（Polio―Ab）
19546,诊断方法,血清γ-谷氨酰转肽酶同工酶（iso-r-GTP）
19547,诊断方法,迷走神经检查
19548,诊断方法,游离甲状腺素
19549,诊断方法,乳房活检
19550,诊断方法,多药耐药（MDR）基因检测
19551,诊断方法,呼吸肌张力的测定
19552,诊断方法,乙型肝炎病毒e抗原（HBeAg）
19553,诊断方法,麦卡兹尼试验
19554,诊断方法,腰骶部丛毛征
19555,诊断方法,腹腔穿刺
19556,诊断方法,血浆黏度（PV）
19557,诊断方法,破伤风抗毒素皮内试验（TAT)
19558,诊断方法,狼疮细胞
19559,诊断方法,脑脊液结合型髓鞘碱性蛋白抗体
19560,诊断方法,抗心肌抗体（AMA）
19561,诊断方法,自身免疫抗体检测
19562,诊断方法,寄生虫排泄物和分泌物检查
19563,诊断方法,肝促凝血活酶试验
19564,诊断方法,克利曼征
19565,诊断方法,前列腺B超检查
19566,诊断方法,脑脊液丙二醛
19567,诊断方法,巩膜透照
19568,诊断方法,细菌对抗生素敏感试验
19569,诊断方法,脑脊液葡萄糖(CSF-Glu)
19570,诊断方法,心电图
19571,诊断方法,儿童支气管镜检查
19572,诊断方法,双视标检查法
19573,诊断方法,粪便粘液
19574,诊断方法,脑电图弥漫性慢波
19575,诊断方法,IgG抗B-效价测定
19576,诊断方法,粪胆红素
19577,诊断方法,眼球突出度
19578,诊断方法,二氧化碳总量(TCO2)
19579,诊断方法,血清乳酸脱氢酶同工酶（LDHI）
19580,诊断方法,颈动脉彩超
19581,诊断方法,鼻窦检查
19582,诊断方法,胸腹水纤维蛋白降解产物
19583,诊断方法,骨髓粒细胞系统
19584,诊断方法,血清γ-谷氨酰转肽酶
19585,诊断方法,头皮检查
19586,诊断方法,尿隐血（BLD）
19587,诊断方法,甲状腺B型超声检查
19588,诊断方法,红细胞破坏部位测定
19589,诊断方法,粪形状和硬度
19590,诊断方法,尿β2微球蛋白清除率
19591,诊断方法,粪便脂肪定量
19592,诊断方法,血浆17-羟孕酮
19593,诊断方法,骨盆分离试验
19594,诊断方法,脊柱运动试验
19595,诊断方法,脑血流测定
19596,诊断方法,脑磷脂胆固醇絮状试验
19597,诊断方法,尿多巴胺
19598,诊断方法,长碳链脂肪酸
19599,诊断方法,腹膜后充气造影
19600,诊断方法,EAC玫瑰花结形成试验
19601,诊断方法,血小板压积(PCT)
19602,诊断方法,肿瘤断层显象
19603,诊断方法,碳氧血红蛋白定性试验(HBCO)
19604,诊断方法,骨髓巨核细胞数和分类
19605,诊断方法,维生素
19606,诊断方法,青光眼激发试验
19607,诊断方法,跟臀试验
19608,诊断方法,拇指指甲滑动试验
19609,诊断方法,伸踝试验
19610,诊断方法,经皮肤穿刺胆道造影
19611,诊断方法,生殖道分泌物培养
19612,诊断方法,血浆游离血红蛋白
19613,诊断方法,CT造影扫描
19614,诊断方法,血清碱性磷酸酶
19615,诊断方法,PHA淋巴细胞转化试验
19616,诊断方法,单核细胞比例(MONO%)
19617,诊断方法,皮疹
19618,诊断方法,足－嘴试验
19619,诊断方法,粒细胞集落刺激因子
19620,诊断方法,抗内因子抗体(AIFA)
19621,诊断方法,肝纤四项
19622,诊断方法,胃食管反流测定和显像
19623,诊断方法,胸部滴水声
19624,诊断方法,黑曼征
19625,诊断方法,尿氯
19626,诊断方法,痰液病原体检查
19627,诊断方法,载脂蛋白A-Ⅰ(ApoA-Ⅰ)
19628,诊断方法,乙肝两对半
19629,诊断方法,粪气味
19630,诊断方法,血清补体C8含量
19631,诊断方法,阴道妇科常规检查
19632,诊断方法,血栓烷B2
19633,诊断方法,静脉胆道造影
19634,诊断方法,脑神经检查
19635,诊断方法,Kveim试验
19636,诊断方法,耳部检查
19637,诊断方法,血清铁饱和度
19638,诊断方法,检影镜
19639,诊断方法,钩端螺旋体乳胶凝集试验
19640,诊断方法,宫底高度检查
19641,诊断方法,抗子宫内膜抗体（EMAb）
19642,诊断方法,曲面体层摄影
19643,诊断方法,硬币叩击试验
19644,诊断方法,尿本周蛋白（BJP）
19645,诊断方法,血清苯丙氨酸
19646,诊断方法,促甲状腺激素兴奋显像
19647,诊断方法,反击征
19648,诊断方法,白细胞介素4（iL-4）
19649,诊断方法,阴道活检
19650,诊断方法,血磷脂（PL）
19651,诊断方法,卡托普利肾图试验
19652,诊断方法,发育与体型
19653,诊断方法,血小板电泳时间测定
19654,诊断方法,疲劳自测测试
19655,诊断方法,立克次体凝集试验
19656,诊断方法,泌乳素（PRL）分泌抑制试验
19657,诊断方法,血清酸性磷酸酶（ACP）
19658,诊断方法,乳头刺激试验
19659,诊断方法,NK细胞活性测定（ＮＫ）
19660,诊断方法,眼压计测量法
19661,诊断方法,溶解酶
19662,诊断方法,意识状态
19663,诊断方法,抗乙酸胆碱受体抗体（anti-AchR）
19664,诊断方法,站立位研磨试验
19665,诊断方法,血尿酸
19666,诊断方法,并殖吸虫后尾蚴膜反应
19667,诊断方法,尿早早孕试验
19668,诊断方法,脑脊液氧分压(PO2)和二氧化碳分压(PCO2)
19669,诊断方法,无管胃酸分析
19670,诊断方法,抗流行性出血热病毒抗体（EHF-AB）
19671,诊断方法,粪便钾（Potassium.K）
19672,诊断方法,尿前列腺素
19673,诊断方法,检眼镜检查法
19674,诊断方法,脑脊液细胞计数
19675,诊断方法,胸部透视
19676,诊断方法,尿香草扁桃酸（VMA）
19677,诊断方法,胰腺的CT检查
19678,诊断方法,腹部包块
19679,诊断方法,尿钙定性试验
19680,诊断方法,癌抗原72-4（CA72-4）
19681,诊断方法,维生素H
19682,诊断方法,促甲状腺受体抗体
19683,诊断方法,动态显像
19684,诊断方法,胰凝乳蛋白酶
19685,诊断方法,血清补体溶解免疫复合物活性
19686,诊断方法,肾盂内压测定
19687,诊断方法,尿蛋白质
19688,诊断方法,性病研究实验室试验
19689,诊断方法,主觉检查
19690,诊断方法,戈德伟特试验
19691,诊断方法,舒张压
19692,诊断方法,嗜碱性粒细胞计数（B）
19693,诊断方法,颅整体观
19694,诊断方法,p53基因检测
19695,诊断方法,血清-氧化氮
19696,诊断方法,胸水检查
19697,诊断方法,纤维蛋白肽A
19698,诊断方法,静脉尿路造影
19699,诊断方法,交叉配血试验
19700,诊断方法,胶囊内视镜
19701,诊断方法,胫叩打试验
19702,诊断方法,血清钾
19703,诊断方法,闭合容积（CV）
19704,诊断方法,一氧化碳
19705,诊断方法,输卵管酚磺酞通畅试验
19706,诊断方法,抗肾小球基底膜抗体
19707,诊断方法,持板试验
19708,诊断方法,血液果糖
19709,诊断方法,维生素U
19710,诊断方法,血吸虫斑点酶联免疫吸附试验
19711,诊断方法,CT造影增强扫描
19712,诊断方法,脑脊液环磷鸟苷
19713,诊断方法,血浆氟化物
19714,诊断方法,抗硬皮病-70抗体
19715,诊断方法,视力
19716,诊断方法,CT检查
19717,诊断方法,Fisher手指试验
19718,诊断方法,人体内的微量元素检测
19719,诊断方法,抗戊型肝炎病毒IgM抗体
19720,诊断方法,肾上腺CT检查
19721,诊断方法,胃液显微镜检查
19722,诊断方法,乳房触诊
19723,诊断方法,钩端螺旋体病凝集溶解试验
19724,诊断方法,泪道冲洗
19725,诊断方法,结核菌素皮内试验
19726,诊断方法,精液酸性磷酸酶
19727,诊断方法,血清酸性磷酸酶
19728,诊断方法,尿羟脯氨酸（HYP）
19729,诊断方法,残气量／肺总量比值（RV/TLC）
19730,诊断方法,耳鼻咽喉CT检查
19731,诊断方法,血压
19732,诊断方法,胰胚抗原
19733,诊断方法,胰岛素-c肽测定及其释放试验
19734,诊断方法,粪便颜色
19735,诊断方法,载脂蛋白A1\载脂蛋白B比值
19736,诊断方法,人类轮状病毒抗体
19737,诊断方法,端坐伸膝试验
19738,诊断方法,血乳酸
19739,诊断方法,血浆18-羟-皮质酮
19740,诊断方法,餐叉畸形
19741,诊断方法,温度觉
19742,诊断方法,癌抗原242（CA242）
19743,诊断方法,鼻部放射线检查
19744,诊断方法,血清Ⅲ型胶原蛋白
19745,诊断方法,输卵管通畅检查
19746,诊断方法,皱缩红细胞
19747,诊断方法,p16基因检测（MTS）
19748,诊断方法,凝血因子活性测定(因子Ⅷ∶C、Ⅸ∶C)
19749,诊断方法,腰背痛体格检查
19750,诊断方法,尿酸
19751,诊断方法,每分钟最大通气量（MVV）
19752,诊断方法,肺毛细血管楔压
19753,诊断方法,血清天冬氨酶氨基转移酶同工酶
19754,诊断方法,白氨酸
19755,诊断方法,血小板ATP释放试验
19756,诊断方法,组织胺激发试验
19757,诊断方法,血浆正铁血红蛋白
19758,诊断方法,糖筛
19759,诊断方法,脑脊液尿酸
19760,诊断方法,男科检查
19761,诊断方法,白陶土部分凝血活酶时间
19762,诊断方法,食道X线钡餐检查
19763,诊断方法,阴道滴虫检查
19764,诊断方法,唾液黏蛋白
19765,诊断方法,全血容量
19766,诊断方法,左旋多巴兴奋GH试验
19767,诊断方法,视野计检查
19768,诊断方法,胃运动功能测定
19769,诊断方法,菊粉清除率
19770,诊断方法,尿酸度
19771,诊断方法,乙型肝炎表面抗体
19772,诊断方法,纤维胃镜
19773,诊断方法,甲状腺131碘吸收率
19774,诊断方法,妊娠检查
19775,诊断方法,血红蛋白
19776,诊断方法,尿亚硝酸盐（NIT）
19777,诊断方法,血小板第Ⅳ因子
19778,诊断方法,闭孔内肌征
19779,诊断方法,腹部叩诊音
19780,诊断方法,胰腺外分泌功能试验
19781,诊断方法,血液分析仪检查
19782,诊断方法,尿溶菌酶测定（ULYSO）
19783,诊断方法,白细胞抗原（HLA）
19784,诊断方法,去铁胺试验
19785,诊断方法,抗平滑肌抗体（ASMA）
19786,诊断方法,尿液细菌学检查
19787,诊断方法,脊柱触诊
19788,诊断方法,尿N＇-甲基烟酰胺
19789,诊断方法,EB病毒抗体（EBV－Ab）
19790,诊断方法,促肾上腺皮质激素（ACTH）
19791,诊断方法,微丝蚴（Mf）
19792,诊断方法,肾小管氨马尿酸最大排泄量试验
19793,诊断方法,抗PM-1抗体
19794,诊断方法,脑脊液细胞学检查
19795,诊断方法,可的松水试验
19796,诊断方法,血清免疫球蛋白G亚类
19797,诊断方法,胃液气味
19798,诊断方法,伤寒胶乳凝集试验
19799,诊断方法,羟赖氨酸
19800,诊断方法,男性不育HCG刺激试验
19801,诊断方法,鼻甲和鼻道
19802,诊断方法,普通透视检查(透视)
19803,诊断方法,胶体铁染色
19804,诊断方法,阿托品抑制GH试验
19805,诊断方法,红细胞机械性脆性试验
19806,诊断方法,宿主中介试验
19807,诊断方法,不孕的血型检查
19808,诊断方法,Rh血型鉴定
19809,诊断方法,膀胱残余尿量测定
19810,诊断方法,骨盆挤压试验
19811,诊断方法,跟轴线测量
19812,诊断方法,鼻疽菌素皮内试验
19813,诊断方法,寄生虫检查的直接涂片法
19814,诊断方法,屈肘试验
19815,诊断方法,X线钡影跳跃征
19816,诊断方法,骨髓其他细胞
19817,诊断方法,间接检眼镜检查法
19818,诊断方法,胃液胃组织癌胚抗原
19819,诊断方法,三叉神经检查
19820,诊断方法,十二指肠胃反流测定和显像
19821,诊断方法,血浆凝血因子Ⅱ活性测定
19822,诊断方法,促甲状腺激素释放激素
19823,诊断方法,并指(趾)畸形检查
19824,诊断方法,血浆组织纤溶酶原活化物抑制物活性检测
19825,诊断方法,半饱和氧分压（P50）
19826,诊断方法,血吸虫间接血凝试验
19827,诊断方法,β1-妊娠特异蛋白
19828,诊断方法,丙型肝炎抗体检测（抗-HCV-Ig）
19829,诊断方法,碱剩余
19830,诊断方法,雅加森试验
19831,诊断方法,血清鸟氨酸氨基甲酰转移酶
19832,诊断方法,杜加斯征
19833,诊断方法,下颌反射检查
19834,诊断方法,直腿抬高试验
19835,诊断方法,钙调素
19836,诊断方法,内生殖器检查
19837,诊断方法,皮肤点刺试验
19838,诊断方法,宫缩应激试验
19839,诊断方法,全血铬
19840,诊断方法,肺炎支原体补体结合试验
19841,诊断方法,微量补体溶血敏感试验
19842,诊断方法,Hertel氏眼球突出计
19843,诊断方法,抗链球菌型M蛋白抗体
19844,诊断方法,血清α-羟丁酸脱氢酶（α-HBDH）
19845,诊断方法,粪中细胞
19846,诊断方法,血清磷酸已糖异构酶
19847,诊断方法,痰液常规检查
19848,诊断方法,跖反射
19849,诊断方法,残气量（RV）
19850,诊断方法,动脉血气分析
19851,诊断方法,不育男性体格检查
19852,诊断方法,HPV检查
19853,诊断方法,钩端螺旋体抗体
19854,诊断方法,转白试验
19855,诊断方法,硝基四唑氮蓝试验
19856,诊断方法,酸性磷酸酶染色
19857,诊断方法,脑干反射检查
19858,诊断方法,血PSA检查
19859,诊断方法,血卟啉雾化吸入试验
19860,诊断方法,急性肾功能衰竭诊断试验
19861,诊断方法,红细胞聚集性
19862,诊断方法,血管彩超
19863,诊断方法,淋巴细胞转换试验（LTT）
19864,诊断方法,血清总脂
19865,诊断方法,输卵管镜
19866,诊断方法,血清唾液酸测定
19867,诊断方法,对数视力表
19868,诊断方法,弓形虫点免疫金渗滤法
19869,诊断方法,生殖器疱疹检测
19870,诊断方法,尿液细胞学检查
19871,诊断方法,盆腔窃血试验
19872,诊断方法,血浆缬氨酸
19873,诊断方法,"血清铜（Cu2+,Cu)"
19874,诊断方法,"胆固醇酯(chE,CE)"
19875,诊断方法,SPECT显像
19876,诊断方法,血清总补体
19877,诊断方法,放射性核素肾扫描
19878,诊断方法,角膜照影法
19879,诊断方法,肺通气功能
19880,诊断方法,支气管肺泡灌洗术（BAL）
19881,诊断方法,陆温试验
19882,诊断方法,脑脊液培养+药敏试验
19883,诊断方法,抗心肌抗体
19884,诊断方法,床旁摄片
19885,诊断方法,补体结合试验（CFT）
19886,诊断方法,视力筛查仪
19887,诊断方法,精液酸度
19888,诊断方法,肌张力检查
19889,诊断方法,苯丙氨酸脱氨酶试验
19890,诊断方法,抗着丝粒抗体
19891,诊断方法,血小板相关免疫球蛋白（PAIgG、PAIgA、PAIgM）
19892,诊断方法,棘球蚴皮内试验
19893,诊断方法,鼓膜
19894,诊断方法,淋菌培养
19895,诊断方法,C反应蛋白（CRP）
19896,诊断方法,神经元特异性烯醇化酶（NSE）
19897,诊断方法,风疹病毒抗体IgG
19898,诊断方法,支气管激发试验（BPT）
19899,诊断方法,年龄检查
19900,诊断方法,介入性宫内取材检查
19901,诊断方法,挤压小腿三头肌试验
19902,诊断方法,抗甲状腺球蛋白抗体
19903,诊断方法,乳突
19904,诊断方法,颅内压监测
19905,诊断方法,胸腹部垫枕试验
19906,诊断方法,雌二醇（E2)
19907,诊断方法,扫描电子显微镜
19908,诊断方法,"维生素B2（VitB2,VB2）"
19909,诊断方法,腰腿痛的感觉检查
19910,诊断方法,引线试验
19911,诊断方法,脯氨酸
19912,诊断方法,胸廓检查
19913,诊断方法,肺和胸膜叩诊
19914,诊断方法,四肢的骨和关节平片
19915,诊断方法,阴离子隙
19916,诊断方法,泌尿系统CT检查
19917,诊断方法,CT平扫
19918,诊断方法,"尿维生素B1（VitB1,VB1）"
19919,诊断方法,乳腺超声检查
19920,诊断方法,特异性IgE抗体
19921,诊断方法,胶乳凝集抑制试验(LAI)
19922,诊断方法,自主神经功能检查
19923,诊断方法,胸膜腔内气体成分压力的测定
19924,诊断方法,脑脊液生长抑素
19925,诊断方法,关节检查
19926,诊断方法,脑脊液动力学试验
19927,诊断方法,妇科炎症检查
19928,诊断方法,游离三碘甲状腺原氨酸指数（FT3I）
19929,诊断方法,胃泌素
19930,诊断方法,滑液检查
19931,诊断方法,轮替动作
19932,诊断方法,浆膜腔积液
19933,诊断方法,血清氯化物
19934,诊断方法,妇科常规检查
19935,诊断方法,中年男性体检
19936,诊断方法,细菌对于碳水化合物的代谢试验
19937,诊断方法,速尿激发试验
19938,诊断方法,气管移位检查
19939,诊断方法,α2-HS-糖蛋白
19940,诊断方法,一秒用力呼出量／用力肺活量比值
19941,诊断方法,压痛及反跳痛
19942,诊断方法,尿儿茶酚胺
19943,诊断方法,血氧含量
19944,诊断方法,游离三碘甲状腺原氨酸
19945,诊断方法,端粒酶活性
19946,诊断方法,尿17-酮皮质类固醇（17-KS）
19947,诊断方法,脑脊液铜
19948,诊断方法,尿汞
19949,诊断方法,血清载脂蛋白测定
19950,诊断方法,Chvostek征
19951,诊断方法,血小板聚集试验（PAgT）
19952,诊断方法,肌红蛋白
19953,诊断方法,直接检眼镜检查法
19954,诊断方法,肝动态血池显像
19955,诊断方法,D860激发试验
19956,诊断方法,全身体检
19957,诊断方法,泪管显象
19958,诊断方法,昼夜尿比重试验
19959,诊断方法,血清锂（Li）
19960,诊断方法,尿胃蛋白酶
19961,诊断方法,性别观察
19962,诊断方法,胎心音
19963,诊断方法,脊柱检查
19964,诊断方法,语音试验
19965,诊断方法,静脉听诊
19966,诊断方法,血小板纤维蛋白原受体检测
19967,诊断方法,瑞斯托霉素辅因子活性检测
19968,诊断方法,宫腔镜
19969,诊断方法,胎儿发育检查
19970,诊断方法,尿液去甲肾上腺素
19971,诊断方法,酸溶血试验
19972,诊断方法,沉淀反应
19973,诊断方法,子宫及附件检查
19974,诊断方法,羊水甲胎球蛋白
19975,诊断方法,钼靶X线检查
19976,诊断方法,面部色诊
19977,诊断方法,"糖化血红蛋白组分（GHb,HbA1c）"
19978,诊断方法,胎产式
19979,诊断方法,酚红排泄试验
19980,诊断方法,血液酸碱度（pH）
19981,诊断方法,幽门螺旋杆菌的免疫学检测
19982,诊断方法,精子计数
19983,诊断方法,蛋白电泳
19984,诊断方法,戊型肝炎抗体（抗-HEIgM）
19985,诊断方法,脑脊液细胞分类计数
19986,诊断方法,甲状腺吸碘率试验
19987,诊断方法,红细胞葡萄糖-6-磷酸脱氢酶活性
19988,诊断方法,羊水甲胎蛋白测定（AFP）
19989,诊断方法,总三碘甲状腺原氨酸
19990,诊断方法,追踪减影透视
19991,诊断方法,抗肌内膜自身抗体
19992,诊断方法,血清白细胞介素3
19993,诊断方法,静息显像
19994,诊断方法,腰椎穿刺
19995,诊断方法,上消化道摄影检查
19996,诊断方法,二硝基氯苯试验
19997,诊断方法,体温测量
19998,诊断方法,儿童肺功能检查
19999,诊断方法,脑脊液血管活性肠肽
20000,诊断方法,固相酶免疫测定技术
20001,诊断方法,抗内皮细胞抗体
20002,诊断方法,唾液氯化物
20003,诊断方法,皮肤癌检测
20004,诊断方法,乳房穿刺针活检
20005,诊断方法,血浆亮氨酸
20006,诊断方法,促肾上腺皮质激素（ACTH）兴奋试验
20007,诊断方法,智商
20008,诊断方法,肺和胸膜听诊
20009,诊断方法,脾脏触诊
20010,诊断方法,通气与血流灌注比值（V/Q）
20011,诊断方法,维生素K反应试验
20012,诊断方法,盆底肌电图检查
20013,诊断方法,甘油复红试验
20014,诊断方法,胸腔积液免疫化学检查
20015,诊断方法,鼻粘膜及鼻腔分泌物
20016,诊断方法,快速血浆反应素试验
20017,诊断方法,血小板检查项目
20018,诊断方法,血液学特殊功能检查
20019,诊断方法,免疫病理检查
20020,诊断方法,尿沉渣
20021,诊断方法,不孕不育检查
20022,诊断方法,磁共振增强扫描
20023,诊断方法,施瓦巴赫试验
20024,诊断方法,美蓝试验
20025,诊断方法,胸腹水常规检查
20026,诊断方法,螺内酯试验
20027,诊断方法,游离甲状腺指数
20028,诊断方法,痰液细菌培养
20029,诊断方法,持水杯试验
20030,诊断方法,乙型肝炎核心抗原
20031,诊断方法,唾液pH值
20032,诊断方法,尿淀粉酶（UAMY）
20033,诊断方法,标准碳酸氢盐(SB)
20034,诊断方法,吡啶斯的明兴奋GH试验
20035,诊断方法,阴道清洁度检查
20036,诊断方法,脯氨酸肽酶
20037,诊断方法,癌抗原15-3（CA15-3）
20038,诊断方法,脱畸全套检查
20039,诊断方法,引流管
20040,诊断方法,血清丙氨酸氨基转移同工酶
20041,诊断方法,抗凝血酶Ⅲ活性和抗凝血酶Ⅲ抗原
20042,诊断方法,巴彬斯基征
20043,诊断方法,尿肌红蛋白（UMb）
20044,诊断方法,尿维生素B6（VitB6）
20045,诊断方法,卧立位试验
20046,诊断方法,前房角镜检查法
20047,诊断方法,抗着丝点抗体
20048,诊断方法,肠道通过时间测定和压力测定
20049,诊断方法,腰背部检查
20050,诊断方法,胰腺疾病超声诊断
20051,诊断方法,交叉步行试验
20052,诊断方法,消化道激素
20053,诊断方法,粪便白细胞
20054,诊断方法,尿氨基酸氮
20055,诊断方法,痰液免疫学检查
20056,诊断方法,靛胭脂试验
20057,诊断方法,红细胞腺苷酸激酶
20058,诊断方法,血糖仪
20059,诊断方法,尿素清除率(UCL)
20060,诊断方法,血清阳离子测定
20061,诊断方法,单腿站立试验
20062,诊断方法,血氧饱和度(SaO2)
20063,诊断方法,骨骼听诊
20064,诊断方法,血清总甲状腺素（TT4）
20065,诊断方法,腹颈静脉回流试验
20066,诊断方法,肺顺应性(C)
20067,诊断方法,实体觉
20068,诊断方法,宫颈分泌物培养
20069,诊断方法,高铁血红蛋白还原试验
20070,诊断方法,尿酮体检查（KET）
20071,诊断方法,抗浸出性核抗原(ENA)抗体
20072,诊断方法,杆菌肽抑菌试验
20073,诊断方法,宫颈刮片（TCT）
20074,诊断方法,尿丙氨酸氨基肽酶
20075,诊断方法,肋锁挤压试验
20076,诊断方法,脑脊液的显微镜检查
20077,诊断方法,脑垂体CT检查
20078,诊断方法,骶髂关节检查法
20079,诊断方法,腹腔灌洗试验
20080,诊断方法,胰高血糖素负荷试验
20081,诊断方法,外科检查
20082,诊断方法,踝肱指数
20083,诊断方法,粪便中的卟啉
20084,诊断方法,胍基化合物
20085,诊断方法,尿渗透压
20086,诊断方法,多染性红细胞
20087,诊断方法,指深屈肌肌力试验
20088,诊断方法,甲状旁腺激素
20089,诊断方法,语言检查法
20090,诊断方法,颈静脉回流试验
20091,诊断方法,尿液透明度（UCI）
20092,诊断方法,血清胆汁酸测定（TBA）
20093,诊断方法,GC球蛋白
20094,诊断方法,方肩检查
20095,诊断方法,脑脊液IgG/白蛋白比值
20096,诊断方法,狼疮细胞试验
20097,诊断方法,抗肾小球基底膜抗体测定（AGBM）
20098,诊断方法,网织红细胞计数（RC）
20099,诊断方法,疲劳试验
20100,诊断方法,一般摄片检查
20101,诊断方法,Farnsworth15色标试验
20102,诊断方法,托马斯试验
20103,诊断方法,淀粉水解试验
20104,诊断方法,三碘甲状腺原氨酸抑制试验
20105,诊断方法,内视镜超音波术
20106,诊断方法,华(Wassermann)氏补体结合试验
20107,诊断方法,血清无机磷
20108,诊断方法,疟疾间接免疫荧光试验
20109,诊断方法,查多克征
20110,诊断方法,视野检查
20111,诊断方法,听力测试法
20112,诊断方法,寄生虫感染免疫检测
20113,诊断方法,尿lgG
20114,诊断方法,血浆因子Ⅷ抑制物定性测定
20115,诊断方法,血清α1抗胰蛋白酶测定（α1-AT ）
20116,诊断方法,鼻腔内镜检查
20117,诊断方法,压平眼压计测量法
20118,诊断方法,腰臀围比例
20119,诊断方法,经食管超声心动图(TEE)
20120,诊断方法,血清氯化物（Cl）
20121,诊断方法,血清蛋白结合碘
20122,诊断方法,粪便量
20123,诊断方法,血葡萄糖
20124,诊断方法,β-羟丁酸
20125,诊断方法,糖原染色
20126,诊断方法,睾丸活检
20127,诊断方法,LHRH试验
20128,诊断方法,粪便结石
20129,诊断方法,球形红细胞
20130,诊断方法,心血管MRI检查
20131,诊断方法,内拉通线检查
20132,诊断方法,β血小板球蛋白和血小板第4因子
20133,诊断方法,双合诊
20134,诊断方法,癣菌素试验
20135,诊断方法,"乳酸脱氢酶(LDH,LD)"
20136,诊断方法,133Xe脑血流测定及显像
20137,诊断方法,脏器声学造影
20138,诊断方法,缩宫素激惹试验
20139,诊断方法,血小板凝集功能试验
20140,诊断方法,粪食物残渣
20141,诊断方法,螯合剂驱铅试验
20142,诊断方法,小肠充盈及排空功能检查
20143,诊断方法,黄体生成素（LH）
20144,诊断方法,提睾反射
20145,诊断方法,前房轴深检查法
20146,诊断方法,毛细血管搏动征
20147,诊断方法,唾液钠
20148,诊断方法,脑脊液丙氨酸氨基转移酶
20149,诊断方法,抗角蛋白抗体
20150,诊断方法,丙型肝炎病毒抗体免疫球蛋白M
20151,诊断方法,骨髓有核细胞计数
20152,诊断方法,对氨马尿酸合成试验
20153,诊断方法,布拉加尔征
20154,诊断方法,脂肪尿和乳糜尿检查(Chyluria)
20155,诊断方法,瑞斯托霉素诱导血小板聚集测定
20156,诊断方法,内镜逆行胆胰管造影术
20157,诊断方法,血浆激肽释放酶原测定
20158,诊断方法,便常规
20159,诊断方法,孕激素
20160,诊断方法,C-肽
20161,诊断方法,角膜荧光素染色
20162,诊断方法,荧光密螺旋体抗体
20163,诊断方法,拾物试验
20164,诊断方法,嗜异性凝集吸收试验
20165,诊断方法,谷氨酰胺
20166,诊断方法,拇指小指尖相对试验
20167,诊断方法,收缩压
20168,诊断方法,低密度脂蛋白胆固醇(LDL-C)
20169,诊断方法,眼底检查
20170,诊断方法,布鲁津斯基征
20171,诊断方法,头颅平片
20172,诊断方法,尿醛固酮
20173,诊断方法,异常凝血酶原（APT）
20174,诊断方法,盆底肌电图
20175,诊断方法,粪量
20176,诊断方法,血清癌胚抗原
20177,诊断方法,已糖胺全酶
20178,诊断方法,无效腔气量／潮气量比值
20179,诊断方法,色氨酸耐量试验
20180,诊断方法,胰多肽
20181,诊断方法,尿氨氮
20182,诊断方法,高密度脂蛋白胆固醇(HDL-C)
20183,诊断方法,胆道镜检查
20184,诊断方法,脾脏超声检查
20185,诊断方法,原地踏步试验
20186,诊断方法,抗中性粒细胞抗体（ANGA）
20187,诊断方法,最大中期呼气流速与最大中期流速时间（MMFR)
20188,诊断方法,脑脊液神经降压肽
20189,诊断方法,仰卧挺腹试验
20190,诊断方法,肺活检
20191,诊断方法,脂肪吸收试验
20192,诊断方法,抗U1RNP抗体
20193,诊断方法,毕克征
20194,诊断方法,睾酮（T）
20195,诊断方法,孢子丝菌凝集试验
20196,诊断方法,维生素K
20197,诊断方法,趾长伸肌肌力试验
20198,诊断方法,尿氟（F）
20199,诊断方法,韦伯试验
20200,诊断方法,肾小球功能试验
20201,诊断方法,α2-热稳定性糖蛋白
20202,诊断方法,前列腺液中细菌和原虫
20203,诊断方法,巨噬细胞或白细胞移动抑制试验(MMIT)
20204,诊断方法,角尺度试验
20205,诊断方法,乳房超声检查
20206,诊断方法,血心钠肽（ANP）
20207,诊断方法,羊水一般检查
20208,诊断方法,"血肌酐(Cr,Crea)"
20209,诊断方法,浆膜腔积液葡萄糖
20210,诊断方法,HLA定型
20211,诊断方法,胃部检查
20212,诊断方法,膀胱造影
20213,诊断方法,乳管镜检查
20214,诊断方法,周期性阴道涂片
20215,诊断方法,血清α1-酸性糖蛋白
20216,诊断方法,纤维蛋白-琼脂平板溶解试验
20217,诊断方法,骨骼肌自身抗体（ASA）
20218,诊断方法,前列腺特异性酸性磷酸酶
20219,诊断方法,皮肤与组织寄生虫的病原检查
20220,诊断方法,尿半乳糖
20221,诊断方法,尿液标本的细菌学检验
20222,诊断方法,冷溶血试验
20223,诊断方法,外生殖器检查
20224,诊断方法,旋后肌肌力试验
20225,诊断方法,呼吸肌功能测定
20226,诊断方法,抗SS-B(La)抗体
20227,诊断方法,角膜厚度测量
20228,诊断方法,选择性心血管造影
20229,诊断方法,眼睑检查
20230,诊断方法,胸腔积液肿瘤细胞学检查
20231,诊断方法,血清前白蛋白（PA）
20232,诊断方法,粪便脂肪
20233,诊断方法,99Tmc-MIBI甲状腺显像
20234,诊断方法,胰岛素刺激胃分泌试验
20235,诊断方法,苯丙酮尿症(PKU）筛查
20236,诊断方法,髋膝屈曲试验
20237,诊断方法,绒毛膜促性腺激素β （HCG-β）
20238,诊断方法,血清精氨酰琥珀酸裂解酶（ASAL)
20239,诊断方法,感染免疫检测
20240,诊断方法,烟酸
20241,诊断方法,尿碱性磷酸酶
20242,诊断方法,头颅大小
20243,诊断方法,甲状腺静态显像
20244,诊断方法,粪便肌肉纤维
20245,诊断方法,脾脏叩诊
20246,诊断方法,屈氏试验
20247,诊断方法,脑脊液钙调素
20248,诊断方法,积液腺苷脱氢酶
20249,诊断方法,音叉检查
20250,诊断方法,头颅形状
20251,诊断方法,泪液分泌型免疫球蛋白A
20252,诊断方法,冈达征
20253,诊断方法,精子运动轨迹分析
20254,诊断方法,胰岛素原
20255,诊断方法,肝素-抗凝血酶Ⅳ复合物
20256,诊断方法,抗多发性肌炎-l抗体
20257,诊断方法,重复呼吸试验
20258,诊断方法,脉率
20259,诊断方法,石蕊牛乳试验
20260,诊断方法,乙型肝炎核心抗体免疫球蛋白M
20261,诊断方法,前臂直尺试验
20262,诊断方法,放射过敏原吸附试验(RAST)
20263,诊断方法,胃电图
20264,诊断方法,精子数
20265,诊断方法,硬币叩击征
20266,诊断方法,特殊细菌涂片检查
20267,诊断方法,十二指肠引流胰蛋白酶
20268,诊断方法,血小板体积分布宽度
20269,诊断方法,头面部触诊
20270,诊断方法,肝压痛
20271,诊断方法,克托莱指数
20272,诊断方法,肱二头肌反射
20273,诊断方法,胸部疾病体征检查
20274,诊断方法,视神经孔片
20275,诊断方法,5＇-核苷酸磷酸二酯酶同工酶
20276,诊断方法,粪结核杆菌检查
20277,诊断方法,指总伸肌肌力试验
20278,诊断方法,抗内因子抗体
20279,诊断方法,气道过敏试验
20280,诊断方法,粪便人体酿母菌
20281,诊断方法,肝脏震颤试验
20282,诊断方法,癌抗原50（CA50）
20283,诊断方法,抗甲状腺球蛋白抗体（ATGA）
20284,诊断方法,脑脊液环磷腺苷
20285,诊断方法,脂蛋白X（LP-X）
20286,诊断方法,尿肌酐
20287,诊断方法,父母身高预测法
20288,诊断方法,糖尿病视网膜病变检查
20289,诊断方法,血清镉（Cd）
20290,诊断方法,异形嗜中性粒细胞
20291,诊断方法,肛门视诊
20292,诊断方法,伯尔格试验
20293,诊断方法,瓦色曼化反应
20294,诊断方法,肝上、下界叩诊
20295,诊断方法,血清r-谷氨酰基转移酶
20296,诊断方法,坠落试验
20297,诊断方法,阴道窥器检查
20298,诊断方法,四肢CT检查
20299,诊断方法,血清铬（Cr）
20300,诊断方法,脑脊液蛋白定性（CSF.Pro）
20301,诊断方法,尿糖（GLU）
20302,诊断方法,内镜下胰胆造影术（ERCP）
20303,诊断方法,骨三相显象
20304,诊断方法,眼球运动检查
20305,诊断方法,造影检查
20306,诊断方法,胎势
20307,诊断方法,气管软化试验
20308,诊断方法,基础胃液分泌量/高峰胃液分泌量
20309,诊断方法,刚果红皮内实验
20310,诊断方法,抗胰岛素抗体(AIAb)
20311,诊断方法,膝关节过伸试验
20312,诊断方法,听力计
20313,诊断方法,乙型肝炎病毒前S2抗原
20314,诊断方法,尿丙氨酸氨基肽酶（UAAP）
20315,诊断方法,"血清钙（Ca2+,Ca）"
20316,诊断方法,角膜知觉检查法
20317,诊断方法,磷酸肌酸激酶
20318,诊断方法,必需氨基酸
20319,诊断方法,皮肤定位觉
20320,诊断方法,乙型肝炎e抗原
20321,诊断方法,全血汞
20322,诊断方法,脱氧核糖核酸染色
20323,诊断方法,甲型肝炎病毒抗原（HAVAg）
20324,诊断方法,轻瘫试验
20325,诊断方法,脂蛋白电泳
20326,诊断方法,尿液粘多糖检测
20327,诊断方法,抗人球蛋白试验
20328,诊断方法,拉斯特征
20329,诊断方法,精液果糖
20330,诊断方法,外耳道
20331,诊断方法,血清γ-谷氨酰转肽酶（γ-GTP）
20332,诊断方法,血清锌（Zn）
20333,诊断方法,血液及骨髓标本的细菌学检验
20334,诊断方法,羊水卵磷脂/鞘磷脂比值
20335,诊断方法,唾液尿素氮
20336,诊断方法,移动性浊音
20337,诊断方法,血小板平均体积（MPV）
20338,诊断方法,近红外线乳腺扫描检查
20339,诊断方法,血清精氨酸酶
20340,诊断方法,胃肠道疾病的超声检查
20341,诊断方法,唾液皮质醇
20342,诊断方法,甲状腺显像
20343,诊断方法,粘稠度
20344,诊断方法,淋巴细胞脉络丛脑膜炎补体结合试验
20345,诊断方法,抗中性粒细胞胞浆
20346,诊断方法,卵巢肿瘤标记
20347,诊断方法,血管性假血友病因子
20348,诊断方法,胎盘成熟度
20349,诊断方法,屏息试验
20350,诊断方法,毛细血管抵抗力试验
20351,诊断方法,"血清白蛋白（ALB,A）"
20352,诊断方法,十二指肠引流显微镜检查
20353,诊断方法,过氯酸盐释放试验
20354,诊断方法,抗流行性出血热IgM抗体
20355,诊断方法,弓弦试验
20356,诊断方法,乳酸脱氢酶同工酶
20357,诊断方法,肺总量（TLC）
20358,诊断方法,虫卵计数法
20359,诊断方法,血浆D-二聚体测定
20360,诊断方法,新生儿红细胞计数
20361,诊断方法,胃充盈及排空功能检查
20362,诊断方法,动静脉瘘定位试验
20363,诊断方法,抗链球菌激酶试验
20364,诊断方法,泪器检查
20365,诊断方法,糖基抗原CA199
20366,诊断方法,纤溶酶
20367,诊断方法,抗甲状腺过氧化物酶抗体（ATPO）
20368,诊断方法,红细胞电泳时间测定
20369,诊断方法,血清补体C5含量
20370,诊断方法,斯叩达鼓音
20371,诊断方法,动态视野检查
20372,诊断方法,输卵管通液检查
20373,诊断方法,血浆因子XIII缺乏筛选试验
20374,诊断方法,自然杀伤细胞活性
20375,诊断方法,身体器官功能与营养
20376,诊断方法,腾喜龙试验
20377,诊断方法,幽门螺旋杆菌血清学测试
20378,诊断方法,X染色质
20379,诊断方法,科德曼征
20380,诊断方法,尿丙氨酸
20381,诊断方法,半月板损伤的体征
20382,诊断方法,粪便性状
20383,诊断方法,尿液浓缩稀释试验
20384,诊断方法,口服葡萄糖耐量试验
20385,诊断方法,直接胆红素与总胆红素比值
20386,诊断方法,碱性点彩红细胞计数
20387,诊断方法,乳房手术活检
20388,诊断方法,血清β2微球蛋白（β2-MG）
20389,诊断方法,精氨酸
20390,诊断方法,多导睡眠监测（PSG）
20391,诊断方法,乳房检查
20392,诊断方法,光敏感试验
20393,诊断方法,α-D-半乳糖-1-磷酸转尿苷酰酶
20394,诊断方法,复合感觉检查
20395,诊断方法,乙型肝炎核心抗体免疫球蛋白G
20396,诊断方法,血清转铁蛋白
20397,诊断方法,抗乙酰胆碱受体抗体
20398,诊断方法,滑膜液肉眼检查
20399,诊断方法,抽屉试验
20400,诊断方法,血浆凝血因子XI活性测定
20401,诊断方法,红细胞烯醇化酶
20402,诊断方法,霍夫曼征
20403,诊断方法,血尿素氮(BUN)
20404,诊断方法,中性粒细胞杀菌试验
20405,诊断方法,粪便结缔组织与弹力纤维
20406,诊断方法,尿道冲洗试验
20407,诊断方法,胰高糖素激发试验
20408,诊断方法,血清类固醇结合β-球蛋白
20409,诊断方法,糖链抗原72-4
20410,诊断方法,肾脏超音波
20411,诊断方法,伦德试验
20412,诊断方法,粪瘘检测
20413,诊断方法,肾血流图
20414,诊断方法,全血硒
20415,诊断方法,道班征
20416,诊断方法,肾上腺皮质显像
20417,诊断方法,精氨酸兴奋GH试验
20418,诊断方法,尿苯丙酮酸（PA）
20419,诊断方法,抱膝试验
20420,诊断方法,角膜病灶刮片
20421,诊断方法,鼻中隔
20422,诊断方法,Bryan试验
20423,诊断方法,副流感病毒抗体
20424,诊断方法,尿TH蛋白
20425,诊断方法,血清补体C3裂解物测定（C3SP）
20426,诊断方法,胆道造影
20427,诊断方法,抗丙型肝炎病毒IgA抗体
20428,诊断方法,人类免疫缺陷病毒抗体
20429,诊断方法,"伤寒、副伤寒血清凝集试验（肥达氏试验,肥达反应,Widal）"
20430,诊断方法,夫欧契试验
20431,诊断方法,不稳定血红蛋白
20432,诊断方法,T细胞转化试验
20433,诊断方法,B淋巴细胞表面标志
20434,诊断方法,儿童骨科检查
20435,诊断方法,血浆组织纤溶酶原活化物活性检测
20436,诊断方法,葡萄糖抑制生长激素试验
20437,诊断方法,踝关节背伸试验
20438,诊断方法,集光检查法
20439,诊断方法,碱性胚胎蛋白
20440,诊断方法,脑脊液细胞计数（CST）
20441,诊断方法,血浆组织纤溶酶原活化物抑制物抗原检测
20442,诊断方法,肾静态显像
20443,诊断方法,纯音听力计检查法
20444,诊断方法,肝脏超声检查
20445,诊断方法,脑诱发电位
20446,诊断方法,优球蛋白溶解时间
20447,诊断方法,脑膜刺激征
20448,诊断方法,粪便酸碱度（粪便pH）
20449,诊断方法,麻风病的皮内试验
20450,诊断方法,胸围、吸气胸围
20451,诊断方法,抗艾滋病(AIDS)抗体
20452,诊断方法,99Tcm-DTPA肺上皮细胞通透性测定
20453,诊断方法,下消化道摄影检查
20454,诊断方法,靶形红细胞
20455,诊断方法,血清免疫球蛋白测定
20456,诊断方法,肩外展摆动试验
20457,诊断方法,单纯疱疹病毒（HSV）
20458,诊断方法,皮肤真菌镜检
20459,诊断方法,游离三碘甲状腺原氨酸指数
20460,诊断方法,血清白细胞介素8
20461,诊断方法,粪便磷酸盐
20462,诊断方法,凝固酶试验
20463,诊断方法,颅脑超声检查
20464,诊断方法,碱性磷酸酶染色
20465,诊断方法,抗核抗体（ANA）
20466,诊断方法,脑脊液生长素
20467,诊断方法,还原型血红蛋白溶解度测定
20468,诊断方法,脑脊液肌酸激酶
20469,诊断方法,尿戊糖
20470,诊断方法,皮肤划痕试验
20471,诊断方法,腹部静脉检查
20472,诊断方法,红细胞碱粒凝聚试验
20473,诊断方法,鼻前庭
20474,诊断方法,局部淋巴显象
20475,诊断方法,交通静脉瓣膜功能试验
20476,诊断方法,抗风疹病毒抗体(RuV)
20477,诊断方法,抗Sm抗体
20478,诊断方法,"餐后2小时血葡萄糖（2HPG,PBG）"
20479,诊断方法,婴幼儿肌肉骨骼系统检查
20480,诊断方法,食管钡餐透视
20481,诊断方法,肾脏CT检查
20482,诊断方法,脉搏
20483,诊断方法,红细胞电泳时间
20484,诊断方法,腹水检查
20485,诊断方法,尿人绒毛膜促性腺激素（HCG）
20486,诊断方法,尿浓缩试验
20487,诊断方法,疥螨检查
20488,诊断方法,前置镜
20489,诊断方法,痰液细菌涂片检查
20490,诊断方法,细菌鉴定的酶类试验
20491,诊断方法,血清结合珠蛋白
20492,诊断方法,三角试验
20493,诊断方法,尿溶菌酶
20494,诊断方法,β-内酰胺酶
20495,诊断方法,梅毒USR试验
20496,诊断方法,脑脊液亮氨酸-脑啡肽
20497,诊断方法,网球肘试验
20498,诊断方法,舌咽神经检查
20499,诊断方法,"非结合胆红素(SIB,IBIL）"
20500,诊断方法,泪液乳酸脱氢酶
20501,诊断方法,周围血中异型细胞检验
20502,诊断方法,甲状腺素结合球蛋白
20503,诊断方法,铁染色
20504,诊断方法,妊娠相关血浆蛋白A
20505,诊断方法,匿血试验
20506,诊断方法,骨显像
20507,诊断方法,痰液中细胞分类
20508,诊断方法,视网膜检影法
20509,诊断方法,自我血糖监测
20510,诊断方法,乳腺远红外检查
20511,诊断方法,缗钱状红细胞
20512,诊断方法,精液黏稠度
20513,诊断方法,椭圆形红细胞
20514,诊断方法,尿胆红素（BIL）
20515,诊断方法,尿液亮氨酸氨基转肽酶（ULAP）
20516,诊断方法,血清游离甘油
20517,诊断方法,尿孕酮
20518,诊断方法,骨髓象分析
20519,诊断方法,血清胆碱酯酶（CHE）
20520,诊断方法,抗血小板膜糖蛋白自身抗体测定
20521,诊断方法,胸壁检查
20522,诊断方法,类风湿相关核抗原(RANA)抗体
20523,诊断方法,阴道瘘膀胱镜检查
20524,诊断方法,脊髓灰质炎病毒抗体
20525,诊断方法,生育镜
20526,诊断方法,最大呼气流量-容积曲线（MEFV）
20527,诊断方法,植物血凝素试验
20528,诊断方法,异位胃粘膜显像
20529,诊断方法,尿免疫球蛋白（Ig）
20530,诊断方法,尿β半乳糖苷酶
20531,诊断方法,"结核菌素试验（OT,PPD）"
20532,诊断方法,角膜内皮细胞计数仪
20533,诊断方法,冷热试验
20534,诊断方法,血清不饱和铁结合力
20535,诊断方法,红细胞磷酸甘油酸激酶
20536,诊断方法,性激素六项检查
20537,诊断方法,乙状结肠镜检查
20538,诊断方法,组织多肽抗原（TPA）
20539,诊断方法,白细胞介素1（IL-1）
20540,诊断方法,骨关节及软组织CT检查
20541,诊断方法,McNealy-McCallister试验
20542,诊断方法,电子阴道镜
20543,诊断方法,小儿角膜检查法
20544,诊断方法,抗淋巴细胞抗体
20545,诊断方法,乳腺导管造影
20546,诊断方法,肩胛骨检查
20547,诊断方法,盆腔充气造影
20548,诊断方法,咬合关系检查
20549,诊断方法,胃泡鼓音区
20550,诊断方法,骨髓红细胞系统
20551,诊断方法,前列腺肿瘤标记（PSA）
20552,诊断方法,面神经的运动检查
20553,诊断方法,胸腔积液临床化学检查
20554,诊断方法,两点辨别感觉
20555,诊断方法,肝胆显像
20556,诊断方法,子宫位置
20557,诊断方法,红斑量测定
20558,诊断方法,抗ENA抗体
20559,诊断方法,肌电图
20560,诊断方法,听力检查
20561,诊断方法,补体结合试验
20562,诊断方法,阿米巴原虫抗体
20563,诊断方法,脑脊液色氨酸试验
20564,诊断方法,甲状腺放射性核素显影检查
20565,诊断方法,血清免疫球蛋白M（IgM）
20566,诊断方法,β-胡萝卜素
20567,诊断方法,前臂伸肌紧张试验
20568,诊断方法,α-巯基乙醇试验
20569,诊断方法,胸膝卧位检查
20570,诊断方法,血清免疫球蛋白D（IgD）
20571,诊断方法,表试验
20572,诊断方法,血清碱性磷酸酶同工酶
20573,诊断方法,单克隆丙种球蛋白
20574,诊断方法,中性分叶核粒细胞
20575,诊断方法,人绒毛膜促性腺激素（HCG）
20576,诊断方法,精液气味
20577,诊断方法,乳腺肿瘤标记（CA 15-3）
20578,诊断方法,脂肪酶
20579,诊断方法,肛门拭子检查法
20580,诊断方法,侧卧位肺灌注显像
20581,诊断方法,丝氨酸
20582,诊断方法,埃可病毒抗体
20583,诊断方法,抗胃壁细胞抗体
20584,诊断方法,二氧化碳结合力
20585,诊断方法,身高预测
20586,诊断方法,4-羟基-3-甲氧基扁桃酸
20587,诊断方法,血尿素
20588,诊断方法,血吸虫环卵沉淀试验
20589,诊断方法,聚合酶链反应技术
20590,诊断方法,尿钾
20591,诊断方法,血清补体C7含量
20592,诊断方法,酸碱度(pH)值测定
20593,诊断方法,甲状腺激素抑制试验
20594,诊断方法,血清单胺氧化酶（MAO）
20595,诊断方法,胎心胎动
20596,诊断方法,精子活动力
20597,诊断方法,血流变学检查
20598,诊断方法,尿锌（Zn）
20599,诊断方法,神经系统免疫学检验
20600,诊断方法,抗乙酰胆碱受体抗体（AchR-Ab）
20601,诊断方法,直肠指检
20602,诊断方法,静脉胆囊、胆道造影
20603,诊断方法,酶类肿瘤标志物检测
20604,诊断方法,伸肘试验
20605,诊断方法,胃钡餐造影
20606,诊断方法,肝质地
20607,诊断方法,骨髓单核细胞系统
20608,诊断方法,尿免疫球蛋白
20609,诊断方法,库姆斯氏试验
20610,诊断方法,血凝试验
20611,诊断方法,妊高征预测方法
20612,诊断方法,肿瘤筛查
20613,诊断方法,心钠素
20614,诊断方法,经皮经肝胆道引流术
20615,诊断方法,血常规
20616,诊断方法,色觉
20617,诊断方法,眼位检查法
20618,诊断方法,铜蓝蛋白
20619,诊断方法,脑脊液强啡肽
20620,诊断方法,纤维肠镜
20621,诊断方法,屈腕试验
20622,诊断方法,荚膜肿胀试验
20623,诊断方法,抗巨细胞病毒IgM抗体
20624,诊断方法,叶酸
20625,诊断方法,精液细胞
20626,诊断方法,平均红细胞血红蛋白含量（MCH）
20627,诊断方法,剖腹探查
20628,诊断方法,循环免疫复合物（CIC)
20629,诊断方法,"血清球蛋白(G,GL0)"
20630,诊断方法,凝血酶原时间（PT）
20631,诊断方法,雄烯二酮（A）
20632,诊断方法,下颌运动检查
20633,诊断方法,尿沉渣管型检查
20634,诊断方法,肾癌检查
20635,诊断方法,蛋白结合碘（PBI）
20636,诊断方法,血清冷凝集素试验
20637,诊断方法,白细胞移动抑制试验
20638,诊断方法,羊水生化检查
20639,诊断方法,变性球蛋白(Heinz)小体染色试验
20640,诊断方法,脑脊液蛋白电泳
20641,诊断方法,补呼气量
20642,诊断方法,血清白细胞介素6
20643,诊断方法,肥达氏反应
20644,诊断方法,妇科疾病的病毒检查
20645,诊断方法,台阶试验
20646,诊断方法,血清铅（Pb）
20647,诊断方法,四步触诊法
20648,诊断方法,组织因子途径抑制物
20649,诊断方法,脑脊液胶体金试验
20650,诊断方法,眼底镜检查法
20651,诊断方法,宫颈粘液检查
20652,诊断方法,"尿中白细胞（WBC,LEU）"
20653,诊断方法,葡萄糖6-磷酸脱氢酶荧光斑点试验
20654,诊断方法,腹腔脏器的叩诊
20655,诊断方法,血清皮质醇结合球蛋白
20656,诊断方法,谷氨酸脱羧酶抗体（GADA）
20657,诊断方法,全血镍（Ni）
20658,诊断方法,抗盐水可提取性核抗原（ENA）抗体
20659,诊断方法,全血砷（As）
20660,诊断方法,胃蛋白酶
20661,诊断方法,血清磷脂酶A2
20662,诊断方法,粪钙
20663,诊断方法,包虫病补体结合试验
20664,诊断方法,血液电解质检查
20665,诊断方法,马氏杆
20666,诊断方法,肾血流量
20667,诊断方法,血小板黏附功能试验
20668,诊断方法,颈部活动度检查
20669,诊断方法,放射免疫分析
20670,诊断方法,补体C3测定
20671,诊断方法,踝反射
20672,诊断方法,羊膜穿刺术
20673,诊断方法,血清醛缩酶(ALD)
20674,诊断方法,维生素A结合蛋白（RBP）
20675,诊断方法,血小板寿命
20676,诊断方法,抗肾上腺皮质抗体
20677,诊断方法,β-胡萝卜素（β-Car）
20678,诊断方法,尿镍（Ni）
20679,诊断方法,面神经的味觉检查
20680,诊断方法,巩膜检查法
20681,诊断方法,C肽（C-PR）
20682,诊断方法,全身状态检查
20683,诊断方法,地塞米松抑制试验
20684,诊断方法,尿液运铁蛋白
20685,诊断方法,前列腺液卵磷脂小体
20686,诊断方法,癌抗原19-9（CA19-9）
20687,诊断方法,多普勒超声心动图
20688,诊断方法,肩关节脱位的恐惧试验
20689,诊断方法,静态视野检查
20690,诊断方法,多导睡眠图检查
20691,诊断方法,狼疮性抗凝因子
20692,诊断方法,毛细血管脆性试验
20693,诊断方法,血浆凝血酶检测
20694,诊断方法,肢体血流图
20695,诊断方法,血清胆固醇
20696,诊断方法,丙型肝炎病毒抗体免疫球蛋白G
20697,诊断方法,尿微量转铁蛋白
20698,诊断方法,眼睑肌力测量计
20699,诊断方法,免疫抑制酸性蛋白
20700,诊断方法,子宫颈锥形切除术
20701,诊断方法,血清锰（Mn）
20702,诊断方法,棘层细胞松解征检查
20703,诊断方法,积液癌胚抗原
20704,诊断方法,饮水通气法
20705,诊断方法,梅毒确诊试验
20706,诊断方法,尿环磷酸腺苷
20707,诊断方法,Tinel征
20708,诊断方法,尿三杯试验
20709,诊断方法,排粪造影检查
20710,诊断方法,FBC玫瑰花试验
20711,诊断方法,内镜下胆道减压
20712,诊断方法,麦克马瑞试验
20713,诊断方法,总三碘甲状腺原氨酸(TT3)
20714,诊断方法,中指试验
20715,诊断方法,脑脊液特异性梅毒螺旋体抗体
20716,诊断方法,血清肌红蛋白
20717,诊断方法,乙型脑炎病毒抗体
20718,诊断方法,絮状沉淀试验
20719,诊断方法,撞击试验
20720,诊断方法,5-羟色胺
20721,诊断方法,交锁征
20722,诊断方法,尿C肽
20723,诊断方法,李文生试验
20724,诊断方法,精液肉毒碱
20725,诊断方法,室壁运动电影显示
20726,诊断方法,动眼神经检查
20727,诊断方法,普拉特试验
20728,诊断方法,合掌分掌试验
20729,诊断方法,等流量容积
20730,诊断方法,摸空征
20731,诊断方法,心音图检查
20732,诊断方法,压胸试验　　
20733,诊断方法,大生化检查
20734,诊断方法,卡普兰交点检查
20735,诊断方法,皮肤试验
20736,诊断方法,抗甲状腺过氧化物酶抗体
20737,诊断方法,α2-妊娠相关蛋白
20738,诊断方法,每分钟肺泡通气量（VA）
20739,诊断方法,迟发性皮肤变态反应
20740,诊断方法,图形觉
20741,诊断方法,肿瘤相关抗原
20742,诊断方法,尿汞（Hg）
20743,诊断方法,性激素结合蛋白
20744,诊断方法,抗溶血性链球菌“O”试验
20745,诊断方法,蠕形螨检查
20746,诊断方法,血清脂肪酶
20747,诊断方法,肿瘤声学造影
20748,诊断方法,颅骨透照试验
20749,诊断方法,脑脊液蛋白定量
20750,诊断方法,尿二胆检查
20751,诊断方法,前列腺指检
20752,诊断方法,颈动脉搏动检查
20753,诊断方法,胸腔镜检查
20754,诊断方法,抗凝血酶-Ⅲ
20755,诊断方法,脐血流检查
20756,诊断方法,内生肌酐清除率
20757,诊断方法,内窥镜逆行胰胆管造影（ERCP）
20758,诊断方法,孕尿雌三醇测定（E3）
20759,诊断方法,自身溶血试验及纠正试验
20760,诊断方法,动脉注射颜料对比试验
20761,诊断方法,血管杂音
20762,诊断方法,雌三醇
20763,诊断方法,血涂片
20764,诊断方法,抗淋巴细胞抗体（ALA）
20765,诊断方法,盐水输注试验
20766,诊断方法,脑脊液颜色
20767,诊断方法,粪氯
20768,诊断方法,"维生素C（VitC,Vc）"
20769,诊断方法,尿管型
20770,诊断方法,胸部平片
20771,诊断方法,α2-纤溶酶抑制物活性
20772,诊断方法,肝、胆、脾CT检查
20773,诊断方法,波顿格征
20774,诊断方法,浆膜腔积液蛋白
20775,诊断方法,动态心电图（Holter监测）
20776,诊断方法,运动显像
20777,诊断方法,胎儿镜
20778,诊断方法,深感觉检查
20779,诊断方法,低钠试验
20780,诊断方法,足拍打试验
20781,诊断方法,免疫电泳
20782,诊断方法,超声内镜检查
20783,诊断方法,眼压指测法
20784,诊断方法,尿沉渣红细胞
20785,诊断方法,孕酮撤血试验
20786,诊断方法,远视力检查法
20787,诊断方法,胃粘膜活检
20788,诊断方法,每分钟静息通气量（VE）
20789,诊断方法,脊柱超伸试验
20790,诊断方法,含甲状腺球蛋白免疫复合物（TG-IC）
20791,诊断方法,比塞征
20792,诊断方法,胰岛细胞抗体
20793,诊断方法,禁水加压素试验
20794,诊断方法,溶血试验
20795,诊断方法,足长身高预测法
20796,诊断方法,痰及下呼吸道分泌物标本的细菌学检验
20797,诊断方法,复方碘试验
20798,诊断方法,粪颜色
20799,诊断方法,蓝多耳菲征
20800,诊断方法,颅内多普勒血流图(TCD)
20801,诊断方法,"尿钙(Ca2+,Ca)"
20802,诊断方法,阴囊显象
20803,诊断方法,尿失禁诱发试验
20804,诊断方法,膀胱颈抬高试验
20805,诊断方法,T淋巴细胞亚群
20806,诊断方法,棉签试验
20807,诊断方法,军团菌血清学试验
20808,诊断方法,普鲁卡因皮内试验
20809,诊断方法,断层显像
20810,诊断方法,抗甲状腺过氧化物酶自身抗体
20811,诊断方法,抗骨骼肌抗体
20812,诊断方法,"结合胆红素(SDB,DBIL)"
20813,诊断方法,"反三碘甲状腺原氨酸(γT3,反T3)"
20814,诊断方法,HBsAg免疫复合物
20815,诊断方法,中间细胞(MID)
20816,诊断方法,共济失调的检查
20817,诊断方法,跟骨叩击试验
20818,诊断方法,抗热休克蛋白-60抗体
20819,诊断方法,阴道分泌物涂片检查
20820,诊断方法,载脂蛋白CⅠ
20821,诊断方法,胃肠型和蠕动波
20822,诊断方法,链霉素皮内试验
20823,诊断方法,血清α-L-岩藻糖苷酶
20824,诊断方法,呼吸道合胞病毒抗体
20825,诊断方法,涂片
20826,诊断方法,内科检查
20827,诊断方法,吞噬鸡红细胞功能试验
20828,诊断方法,放射性核素肾图
20829,诊断方法,血清补体C1q
20830,诊断方法,妇科超声检查
20831,诊断方法,"尿含铁血黄素(HS,Hd)"
20832,诊断方法,细菌的鉴定
20833,诊断方法,脑脊液非蛋白氮
20834,诊断方法,乙醚放散试验
20835,诊断方法,脂蛋白脂肪酶
20836,诊断方法,尿红细胞位相
20837,诊断方法,磁共振波谱分析
20838,诊断方法,抗核仁抗体
20839,诊断方法,耳廓检查
20840,诊断方法,肺阻抗血流图
20841,诊断方法,血糖
20842,诊断方法,尿白蛋白清除率
20843,诊断方法,鼻咽部MRI检查
20844,诊断方法,动脉通畅性试验
20845,诊断方法,尿肌酸
20846,诊断方法,血吸虫皮内试验
20847,诊断方法,尿钙
20848,诊断方法,肺通气量
20849,诊断方法,胃蛋白酶测定
20850,诊断方法,肾脏叩诊
20851,诊断方法,"血清钠（Na+,Na）"
20852,诊断方法,眼压
20853,诊断方法,环磷酸鸟苷
20854,诊断方法,血清血管紧张素I转化酶活性
20855,诊断方法,血清脂蛋X
20856,诊断方法,精液检查
20857,诊断方法,皮肤弹性检查
20858,诊断方法,视神经检查
20859,诊断方法,丙氨酸
20860,诊断方法,血小板计数（PLT）
20861,诊断方法,输卵管通气试验
20862,诊断方法,静脉肾盂造影（IVP）
20863,诊断方法,涎腺超声检查
20864,诊断方法,毛发
20865,诊断方法,快速血浆反应素环状卡片实验
20866,诊断方法,血清卵磷脂-胆固醇酰基转移酶
20867,诊断方法,胰蛋白酶
20868,诊断方法,纤维鼻咽镜
20869,诊断方法,痰液中柯什曼螺旋体
20870,诊断方法,举一手试验
20871,诊断方法,脑脊液镁
20872,诊断方法,纤溶酶原
20873,诊断方法,蛋白质类肿瘤标志物检测
20874,诊断方法,胰癌胚抗原（POA）
20875,诊断方法,唾液睾酮
20876,诊断方法,胰岛素胃酸分泌量
20877,诊断方法,骨骼触诊
20878,诊断方法,乙型肝炎表面抗原
20879,诊断方法,尿卜琳及其前体
20880,诊断方法,细菌的CAMP试验
20881,诊断方法,颅底片
20882,诊断方法,尿微量清蛋白
20883,诊断方法,结核杆菌血清学检查（anti-TB）
20884,诊断方法,溶菌酶
20885,诊断方法,淋巴细胞转化率
20886,诊断方法,尿道功能检查
20887,诊断方法,输尿管超声检查
20888,诊断方法,暗适应曲线
20889,诊断方法,枫糖尿症筛查
20890,诊断方法,抗双链脱氧核糖核酸抗体（dsDNA）
20891,诊断方法,酶联免疫吸附试验
20892,诊断方法,血清游离脂肪酸
20893,诊断方法,赖氨酸
20894,诊断方法,粪糜蛋白酶
20895,诊断方法,血清白蛋白与球蛋白比值（A/G）
20896,诊断方法,腹部MRI检查
20897,诊断方法,鼻部检查
20898,诊断方法,尿量
20899,诊断方法,抗球蛋白试验（Coombs试验）
20900,诊断方法,选择性蛋白尿指数
20901,诊断方法,斯比德试验
20902,诊断方法,血清黏度（SV）
20903,诊断方法,血清尿素
20904,诊断方法,肾上腺髓质显像
20905,诊断方法,"cd55,cd59检测"
20906,诊断方法,抗血小板抗体（APA）
20907,诊断方法,血清β―羟基丁酸测定
20908,诊断方法,尿脂肪
20909,诊断方法,卵巢检查
20910,诊断方法,宫颈妇科常规检查
20911,诊断方法,先令氏指数
20912,诊断方法,前列腺液培养
20913,诊断方法,血清酪氨酸
20914,诊断方法,吞噬白色念珠菌功能试验
20915,诊断方法,呼吸道粘液-纤毛清除功能测定
20916,诊断方法,体层摄影
20917,诊断方法,脑脊液胆红素
20918,诊断方法,热盐水试验
20919,诊断方法,尿维生素B2
20920,诊断方法,眼外部检查
20921,诊断方法,梅毒定性试验
20922,诊断方法,全血锰
20923,诊断方法,中剂量地塞米松抑制试验
20924,诊断方法,胃液尿素测定
20925,诊断方法,血清运铁蛋白（Tf）
20926,诊断方法,积液纤维结合蛋白
20927,诊断方法,儿童五官科检查
20928,诊断方法,血清支链氨基酸/芳香族氨基酸比值
20929,诊断方法,呼气高峰流量（PEFR）
20930,诊断方法,SW阴茎超声血流检测
20931,诊断方法,排卵预测试纸
20932,诊断方法,尿儿茶酚胺（CA）
20933,诊断方法,阴茎动脉血压
20934,诊断方法,结核杆菌基因检测（PCR）
20935,诊断方法,血红蛋白溶解度
20936,诊断方法,靛氰绿潴留试验
20937,诊断方法,产科B超
20938,诊断方法,骨髓各系细胞形态学检查
20939,诊断方法,血清金
20940,诊断方法,纤维蛋白降解产物
20941,诊断方法,尿酚红排泄试验(PSP)
20942,诊断方法,β-N-乙酰氨基葡萄糖苷酶
20943,诊断方法,细胞膜表面免疫球蛋白测定
20944,诊断方法,血清补体C3
20945,诊断方法,尿胆汁酸
20946,诊断方法,羊水白细胞
20947,诊断方法,平衡法放射性核素心血管造影(ERNA)
20948,诊断方法,"总胆红素（TBIL,STB）"
20949,诊断方法,腹部皮肤检查
20950,诊断方法,羊水颜色
20951,诊断方法,淋巴显像
20952,诊断方法,俯卧伸髋试验
20953,诊断方法,尿去甲肾上腺素（NNM）
20954,诊断方法,腰背部麻醉试验
20955,诊断方法,糖链抗原15-3
20956,诊断方法,脑脊液乳酸
20957,诊断方法,乙型肝炎病毒表面抗原（HBsAg）
20958,诊断方法,瞳孔计
20959,诊断方法,血清补体C6含量
20960,诊断方法,石胆酸
20961,诊断方法,反映肝脏排泄功能的试验
20962,诊断方法,椎间孔挤压试验
20963,诊断方法,轮状病毒抗原的检测
20964,诊断方法,异型中性粒细胞
20965,诊断方法,中和试验
20966,诊断方法,脑脊液载脂蛋白A1，B100，CⅡ，CⅢ，E
20967,诊断方法,脑脊液氨基酸
20968,诊断方法,乙肝病毒学指标
20969,诊断方法,血清硒(Se)
20970,诊断方法,阴道肿块
20971,诊断方法,痰液中寄生虫和虫卵
20972,诊断方法,苏丹黑B染色
20973,诊断方法,婴幼儿股动脉搏动检查
20974,诊断方法,结肠驱气试验
20975,诊断方法,尿血红蛋白（uHB）
20976,诊断方法,胰泌素
20977,诊断方法,组胺吸入试验
20978,诊断方法,尿谷氨酰转肽酶(UGGT)
20979,诊断方法,促皮质素释放激素（CRH）兴奋试验
20980,诊断方法,抗肌球蛋白抗体
20981,诊断方法,乙型肝炎病毒抗-前S2抗体
20982,诊断方法,带绦虫孕节检查法
20983,诊断方法,氯化铵负荷试验
20984,诊断方法,肱三头肌反射
20985,诊断方法,尿17-羟皮质类固醇
20986,诊断方法,午夜一片法地塞米松抑制试验
20987,诊断方法,脑脊液囊虫病间接血球凝集试验
20988,诊断方法,苷-胆酸
20989,诊断方法,甲型肝炎抗体
20990,诊断方法,脑血流显像
20991,诊断方法,阿米巴原虫抗原和抗体
20992,诊断方法,风湿病化验检查项目
20993,诊断方法,血清铁蛋白
20994,诊断方法,红细胞生成素
20995,诊断方法,脓汁和创伤感染标本细菌学检查
20996,诊断方法,尿对羟苯丙酮酸
20997,诊断方法,尿乙酰乙酸
20998,诊断方法,反映肝脏贮备功能的试验
20999,诊断方法,红细胞磷丙糖异构酶
21000,诊断方法,血栓调节蛋白活性
21001,诊断方法,磁共振平扫
21002,诊断方法,舍莫尔试验
21003,诊断方法,环卵沉淀试验
21004,诊断方法,动脉血酮体比测定
21005,诊断方法,甲胎蛋白变异体（AFPV）
21006,诊断方法,阴道镜检查
21007,诊断方法,α-羟丁酸脱氢酶
21008,诊断方法,偏振光显微镜检查
21009,诊断方法,真菌培养检查
21010,诊断方法,产科检查
21011,诊断方法,尿胱氨酸
21012,诊断方法,双链酶试验
21013,诊断方法,血小板钙流测定
21014,诊断方法,棒状小体
21015,诊断方法,上肢动脉功能试验
21016,诊断方法,卧立试验
21017,诊断方法,血液及骨髓细菌培养
21018,诊断方法,神经系统检查
21019,诊断方法,糖尿病类尿常规
21020,诊断方法,拇外翻检测
21021,诊断方法,关节镜检查
21022,诊断方法,腮腺炎病毒抗体
21023,诊断方法,体外异种授精实验
21024,诊断方法,脑脊液内皮素
21025,诊断方法,胎甲球（a-FA/AFP)
21026,诊断方法,威廉征
21027,诊断方法,血清补体C4
21028,诊断方法,阴茎血流指数
21029,诊断方法,梅毒血清试验
21030,诊断方法,血清甲状腺素
21031,诊断方法,"维生素E（VitE,VE）"
21032,诊断方法,逆行胰胆管造影（ERCP）
21033,诊断方法,流感病毒抗体
21034,诊断方法,眼球和眼眶的超声检查
21035,诊断方法,骨碱性磷酸酶
21036,诊断方法,外耳检查
21037,诊断方法,64排螺旋CT检查
21038,诊断方法,骨髓细菌培养
21039,诊断方法,异形淋巴细胞
21040,诊断方法,血吸虫胶乳凝集试验
21041,诊断方法,阴道寄生虫检验
21042,诊断方法,乳突CT检查
21043,诊断方法,尿谷氨酰胺
21044,诊断方法,尿隐血
21045,诊断方法,睾丸检查
21046,诊断方法,反应时
21047,诊断方法,不加热血清反应素实验
21048,诊断方法,胃液蛋白酶
21049,诊断方法,浊度
21050,诊断方法,吲哚试验
21051,诊断方法,骨与关节MRI检查
21052,诊断方法,胸廓挤压征
21053,诊断方法,基因诊断技术检测梅毒螺旋体
21054,诊断方法,血脂检查
21055,诊断方法,视觉诱发电位
21056,诊断方法,间碘苄胍γ-闪烁照相
21057,诊断方法,沙眼衣原体
21058,诊断方法,血管视诊
21059,诊断方法,优球蛋白的溶解时间
21060,诊断方法,脑脊液β2-微球蛋白
21061,诊断方法,搔刮试验
21062,诊断方法,胃肠道显像
21063,诊断方法,痢疾杆菌检测
21064,诊断方法,瞳孔反射
21065,诊断方法,华氏反应
21066,诊断方法,高峰胃酸分泌量
21067,诊断方法,雌激素
21068,诊断方法,运动觉
21069,诊断方法,低密度脂蛋白-胆固醇
21070,诊断方法,大隐静脉瓣膜功能试验
21071,诊断方法,阴茎海绵体造影
21072,诊断方法,特伦德伦伯格试验
21073,诊断方法,"脂蛋白电泳(SLE,LPE,LE)"
21074,诊断方法,镰形红细胞
21075,诊断方法,精子爬高试验
21076,诊断方法,优生四项检查
21077,诊断方法,中耳
21078,诊断方法,蝰蛇毒时间
21079,诊断方法,嗜中性分叶核粒细胞数
21080,诊断方法,甲状腺吸碘试验
21081,诊断方法,格哈德征
21082,诊断方法,血清补体C3裂解产物
21083,诊断方法,被动转移试验
21084,诊断方法,小肠镜检查
21085,诊断方法,骨盆测量
21086,诊断方法,抗庚型肝炎病毒E2抗体
21087,诊断方法,钙激发试验
21088,诊断方法,Ⅱ级产前超声检查
21089,诊断方法,Y染色质
21090,诊断方法,卵泡检测
21091,诊断方法,肺活量（VC）
21092,诊断方法,肿瘤放射免疫显像（RII）
21093,诊断方法,乳糜微粒
21094,诊断方法,羊水结晶检查
21095,诊断方法,4-胫脯氨酸
21096,诊断方法,胃液胃癌相关抗原
21097,诊断方法,蹲下试验
21098,诊断方法,血管紧张素Ⅰ
21099,诊断方法,脑脊液猪囊虫抗体
21100,诊断方法,肾小球滤过分数
21101,诊断方法,粪胆原
21102,诊断方法,红细胞渗透脆性试验（ROFT）
21103,诊断方法,“胎儿颈部透明带”的筛检
21104,诊断方法,椎板间隙显微内窥镜
21105,诊断方法,耳、鼻、咽拭子细菌培养
21106,诊断方法,β-促黑素细胞激素
21107,诊断方法,莱切曼试验
21108,诊断方法,巨噬细胞移动抑制试验
21109,诊断方法,角膜映光法
21110,诊断方法,葡萄糖耐量试验
21111,诊断方法,前列腺酸性磷酸酶（PAP）
21112,诊断方法,羊水细菌检查
21113,诊断方法,电子皮镜
21114,诊断方法,胃液颜色
21115,诊断方法,抗庚型肝炎病毒IgG抗体
21116,诊断方法,胆道运动功能检测
21117,诊断方法,维生素C
21118,诊断方法,经胸壁针刺肺活检
21119,诊断方法,膝关节分离试验
21120,诊断方法,肺显像
21121,诊断方法,副鼻窦造影
21122,诊断方法,抗肝细胞膜特异性脂蛋白抗体（ALSP）
21123,诊断方法,抗组织相容性抗原-DR抗体
21124,诊断方法,纵隔镜检查
21125,诊断方法,虱检查
21126,诊断方法,FM-100色彩试验
21127,诊断方法,尺压试验
21128,诊断方法,脱落细胞检查
21129,诊断方法,蝰蛇毒复钙时间
21130,诊断方法,尿肌酐（Ucr）
21131,诊断方法,血清谷草转氨酶
21132,诊断方法,蝶鞍侧位片
21133,诊断方法,抗胰岛素受体抗体
21134,诊断方法,前列腺液细胞
21135,诊断方法,七叶苷水解试验
21136,诊断方法,血浆醛固酮
21137,诊断方法,胆汁溶菌试验
21138,诊断方法,普鲁卡因过敏试验
21139,诊断方法,阴道毛滴虫检查
21140,诊断方法,泪液分泌试验
21141,诊断方法,血液丙酮酸
21142,诊断方法,地塞米松抑制醛固酮试验
21143,诊断方法,血浆蛋白S测定
21144,诊断方法,放射性核素脑血管显像
21145,诊断方法,脑脊液游离型髓鞘碱性蛋白抗体
21146,诊断方法,血池显像
21147,诊断方法,子母胰管镜检查
21148,诊断方法,戈登征
21149,诊断方法,胸部B超
21150,诊断方法,安体舒通试验
21151,诊断方法,半蹲试验
21152,诊断方法,循环红细胞量
21153,诊断方法,屈拇握拳试验
21154,诊断方法,中心静脉压测定（CVP）
21155,诊断方法,粪脂肪定量
21156,诊断方法,甲状腺激素抑制显像
21157,诊断方法,血液半乳糖
21158,诊断方法,隐球菌病胶乳凝集试验
21159,诊断方法,血清甲胎蛋白(AFP)
21160,诊断方法,绒毛膜取样术
21161,诊断方法,动脉血氧含量（CaO2）
21162,诊断方法,血清铁
21163,诊断方法,屈肌紧张试验
21164,诊断方法,弓形虫抗体
21165,诊断方法,羟脯氨酸
21166,诊断方法,放射免疫显象
21167,诊断方法,丁型肝炎抗原
21168,诊断方法,乳房摄片
21169,诊断方法,抗磷脂抗体
21170,诊断方法,颈静脉压检查
21171,诊断方法,Schfrmer氏试验
21172,诊断方法,血液尿素氮与肌酐比值
21173,诊断方法,氨基酸测定
21174,诊断方法,尿酸碱度（pH）
21175,诊断方法,泪腺检查法
21176,诊断方法,正电子发射计算机断层扫描(PET)
21177,诊断方法,纤维胃镜检查
21178,诊断方法,闭目行走试验
21179,诊断方法,超级影像
21180,诊断方法,癌抗原125（CA125）
21181,诊断方法,载脂蛋白B（ApoB）
21182,诊断方法,肿瘤神经多肽受体显像
21183,诊断方法,脑脊液(Kahn)氏沉淀试验
21184,诊断方法,A型超声检查
21185,诊断方法,内镜检查
21186,诊断方法,干(硒)板静电摄影
21187,诊断方法,间接免疫荧光试验
21188,诊断方法,白细胞介素5（iL-5）
21189,诊断方法,尿液分析
21190,诊断方法,角膜染色法
21191,诊断方法,气道阻力(R)
21192,诊断方法,挤压泪囊试验
21193,诊断方法,尿透明度
21194,诊断方法,骨骼叩诊
21195,诊断方法,缓冲碱(BB)
21196,诊断方法,血清化学检查
21197,诊断方法,浮髌试验
21198,诊断方法,小指对掌肌肌力试验
21199,诊断方法,小肠造影
21200,诊断方法,抗幽门杆菌IgG抗体
21201,诊断方法,精子活动力检查
21202,诊断方法,滤过钠排泄分数ＦＥＮa
21203,诊断方法,膀胱触诊
21204,诊断方法,胰高血糖素
21205,诊断方法,血清补体C4含量测定
21206,诊断方法,臂丛牵拉试验
21207,诊断方法,孕酮
21208,诊断方法,坐位体前屈测试
21209,诊断方法,胎方位
21210,诊断方法,步态分析
21211,诊断方法,尿妊娠胶乳凝集抑制试验
21212,诊断方法,颅脑MRI检查
21213,诊断方法,颈项强直
21214,诊断方法,尿液细菌培养
21215,诊断方法,体脂肪率
21216,诊断方法,游离肝素时间
21217,诊断方法,脑代谢显像
21218,诊断方法,抗Sa抗体
21219,诊断方法,可提取性核抗原（ENA）
21220,诊断方法,心肺功能运动试验（CPET）
21221,诊断方法,眼科检查
21222,诊断方法,鼻泪管内镜
21223,诊断方法,脉搏波速度
21224,诊断方法,痰液中晶体
21225,诊断方法,碎裂红细胞
21226,诊断方法,三碘甲状腺原氨酸（T3）
21227,诊断方法,高钠试验
21228,诊断方法,脑功能成像
21229,诊断方法,胺试验
21230,诊断方法,高密度脂蛋白胆固醇
21231,诊断方法,钼靶摄影检查
21232,诊断方法,缓冲液
21233,诊断方法,肺容积
21234,诊断方法,血清溶菌酶（LYSO）
21235,诊断方法,子宫与附件肿块
21236,诊断方法,淋球菌抗体检测
21237,诊断方法,细菌形态学检查方法
21238,诊断方法,双色法试验
21239,诊断方法,等渗盐水低压灌肠试验
21240,诊断方法,雌激素撤血试验
21241,诊断方法,十二指肠引流一般性状检查
21242,诊断方法,羊水卵磷脂/鞘磷脂比值（L/S）
21243,诊断方法,男性生殖内分泌检查
21244,诊断方法,前足挤压试验
21245,诊断方法,血红蛋白浓度（HGB）
21246,诊断方法,粪便钙
21247,诊断方法,可溶性转铁蛋白受体测定
21248,诊断方法,握力体重指数
21249,诊断方法,尿肌红蛋白
21250,诊断方法,鳞状上皮细胞癌抗原
21251,诊断方法,经皮经肝胆道造影术
21252,诊断方法,椎管内注射标记物法
21253,诊断方法,腕三角软骨挤压试验
21254,诊断方法,血清尿酸
21255,诊断方法,颞动脉活检
21256,诊断方法,咽鼓管检查法
21257,诊断方法,羊水尿酸
21258,诊断方法,唾液分泌型免疫球蛋白
21259,诊断方法,肘直线检查
21260,诊断方法,血清甘氨酰脯氨酰-二肽氨基肽酶（GPDA）
21261,诊断方法,颅脑CT检查
21262,诊断方法,乳腺检查
21263,诊断方法,肝显像
21264,诊断方法,抗乙型脑炎病毒抗体（EPBV-AB)
21265,诊断方法,婴儿智力测试
21266,诊断方法,水负荷ADH抑制试验
21267,诊断方法,阴茎动脉血压/臂动脉血压
21268,诊断方法,经皮肾镜检查
21269,诊断方法,直伸运动试验
21270,诊断方法,谷氨酸脱氢酶
21271,诊断方法,促甲状腺激素受体抗体
21272,诊断方法,精子活动率
21273,诊断方法,"血管性血友病因子抗原（vWF:,Ag）"
21274,诊断方法,电测听
21275,诊断方法,胃超声检查
21276,诊断方法,尿液N-乙酰-β-D-氨基葡萄糖苷酶（UNAG）
21277,诊断方法,D-二聚体
21278,诊断方法,尿液病原体检查
21279,诊断方法,必需微量元素检测
21280,诊断方法,肌钙蛋白
21281,诊断方法,X线头影测量
21282,诊断方法,精氨酰琥珀酸裂解酶
21283,诊断方法,尿淀粉酶
21284,诊断方法,乳房自检
21285,诊断方法,早孕检查
21286,诊断方法,尿酮体试验
21287,诊断方法,血清肌酸激酶同工酶
21288,诊断方法,兴奋剂尿检
21289,诊断方法,腹壁紧张度
21290,诊断方法,肝大小
21291,诊断方法,丙型肝炎RNA
21292,诊断方法,鼻嗅觉功能检查
21293,诊断方法,心排血量(CO)
21294,诊断方法,游离蛋白S测定
21295,诊断方法,肾小球滤过率（GFR）
21296,诊断方法,淘虫检查法
21297,诊断方法,对比敏感度(CSF)检查
21298,诊断方法,脑脊液一般性状检查
21299,诊断方法,"血清总蛋白（TP,TP0）"
21300,诊断方法,冠状动脉造影
21301,诊断方法,位置觉
21302,诊断方法,心血管造影
21303,诊断方法,前列腺特异性抗原
21304,诊断方法,不随意运动检查
21305,诊断方法,嗜中性杆状粒细胞数
21306,诊断方法,神经系统核医学检查
21307,诊断方法,免疫球蛋白轻链
21308,诊断方法,循环血浆量
21309,诊断方法,半胱氨酸尿症筛查
21310,诊断方法,抗血小板膜糖蛋白自身抗体
21311,诊断方法,乳头溢液检查
21312,诊断方法,前列腺液病原体
21313,诊断方法,蝰蛇毒磷脂凝固时间
21314,诊断方法,听力图
21315,诊断方法,抗肝肾微粒体抗体测定（LKM）
21316,诊断方法,亚健康人群体检
21317,诊断方法,阿利新蓝染色
21318,诊断方法,变性球蛋白(Heinz)小体生成试验
21319,诊断方法,骨骼视诊
21320,诊断方法,肺炎支原体寒冷凝集试验
21321,诊断方法,羊水量
21322,诊断方法,蛋白质浓度测定
21323,诊断方法,嗜异性凝集试验
21324,诊断方法,宫颈检查
21325,诊断方法,C3肾炎因子(C3Nef)
21326,诊断方法,生长激素激发试验
21327,诊断方法,血小板活化因子
21328,诊断方法,唾液富酪蛋白
21329,诊断方法,粪中脂肪
21330,诊断方法,核磁共振成像(MRI)
21331,诊断方法,血清纤维结合蛋白
21332,诊断方法,尿δ-氨基-γ-酮基戊酸
21333,诊断方法,抗SS-A(Ro)抗体
21334,诊断方法,钩蚴培养法
21335,诊断方法,抗心磷脂抗体
21336,诊断方法,层粘连蛋白
21337,诊断方法,"纤维蛋白原（Fg,FIB）"
21338,诊断方法,红细胞染色质小体
21339,诊断方法,内听道片
21340,诊断方法,抗链球菌壁多糖抗体
21341,诊断方法,旋转试验
21342,诊断方法,抗戊型肝炎病毒IgG抗体
21343,诊断方法,体位变换试验
21344,诊断方法,β葡萄糖醛酸苷酶
21345,诊断方法,血锑
21346,诊断方法,手畸形检查
21347,诊断方法,髋关节弹响试验
21348,诊断方法,口形红细胞
21349,诊断方法,泪液电解质
21350,诊断方法,盖斯兰试验
21351,诊断方法,气管吸引术
21352,诊断方法,尿维生素C
21353,诊断方法,痰液性状
21354,诊断方法,双链酶皮内试验
21355,诊断方法,无痛内视镜检查
21356,诊断方法,耳蜗电图
21357,诊断方法,腰部活动度
21358,诊断方法,抗精子抗体
21359,诊断方法,直接胆红素
21360,诊断方法,血红素结合蛋白
21361,诊断方法,血栓弹力图
21362,诊断方法,玻片压诊法
21363,诊断方法,肾图检查
21364,诊断方法,内皮素
21365,诊断方法,糖链抗原125
21366,诊断方法,Hb-F碱变性试验
21367,诊断方法,甲苯胺蓝纠正试验
21368,诊断方法,瞳孔外观
21369,诊断方法,皮肤斑贴实验
21370,诊断方法,镫骨活动试验
21371,诊断方法,骨髓粒细胞与有核红细胞比值（M/E）
21372,诊断方法,脉冲震荡肺功能（IOS）
21373,诊断方法,左肾静脉“胡桃夹”综合征检查
21374,诊断方法,维生素D（VitD）
21375,诊断方法,糖化血清蛋白（GSP）
21376,诊断方法,角膜显微镜
21377,诊断方法,胆道系统特殊检查和护理
21378,诊断方法,卡托普利试验
21379,诊断方法,硫酸锌浊度试验
21380,诊断方法,尿含铁血黄素定性试验
21381,诊断方法,血清α1-酸性糖蛋白（α1-AG）
21382,诊断方法,肿瘤标志物检测
21383,诊断方法,梅毒螺旋体明胶凝集试验
21384,诊断方法,单核细胞计数(MONO)
21385,诊断方法,惟一氮源试验
21386,诊断方法,巩膜硬度
21387,诊断方法,"肺内分流量（Qsp,Qs/Qt）"
21388,诊断方法,老年人体检
21389,诊断方法,禁水试验
21390,诊断方法,Schiφtz氏压陷眼压计测量法
21391,诊断方法,泌尿感染类尿常规
21392,诊断方法,Rerth试验
21393,诊断方法,脉波
21394,诊断方法,眼功能检查
21395,诊断方法,液晶热图
21396,诊断方法,重振试验
21397,诊断方法,尿稀释试验
21398,诊断方法,凯洛格-斯皮德试验
21399,诊断方法,血清黏度
21400,诊断方法,胸部MRI
21401,诊断方法,骨髓浆细胞系统
21402,诊断方法,全身显像
21403,诊断方法,眼标本的细菌学检查
21404,诊断方法,多普勒小儿血压检测
21405,诊断方法,尿中寄生虫检查
21406,诊断方法,唾液白蛋白
21407,诊断方法,身高测试
21408,诊断方法,屈光检查
21409,诊断方法,腹部CT
21410,诊断方法,TCT检查
21411,诊断方法,皮内试验
21412,诊断方法,病理反射检查
21413,诊断方法,男科计算器体层扫描 (CT)
21414,诊断方法,肛门反射
21415,诊断方法,肿瘤VIP受体显像
21416,诊断方法,奥本汉姆征
21417,诊断方法,闭眼单脚站立
21418,诊断方法,眼球表膜检查
21419,诊断方法,角质蛋白19片段(CYFRA21-1)
21420,诊断方法,上消化道造影
21421,诊断方法,超氧化物岐化酶
21422,诊断方法,胰腺肿瘤标记（CA 19-9）
21423,诊断方法,粪酸碱度
21424,诊断方法,异丙醇试验
21425,诊断方法,β-脂蛋白定量
21426,诊断方法,彻照法检查
21427,诊断方法,肺通气显像
21428,诊断方法,吞咽试验
21429,诊断方法,酸化甘油溶血试验
21430,诊断方法,抗红细胞抗体
21431,诊断方法,胆囊超声波检查
21432,诊断方法,闭目难立征
21433,诊断方法,孕酮(P)
21434,诊断方法,冷凝集试验
21435,诊断方法,盆腔CT检查
21436,诊断方法,胎儿畸形筛查
21437,诊断方法,脑脊液无机磷
21438,诊断方法,寄生虫检查的定量透明法
21439,诊断方法,双氢睾酮
21440,诊断方法,妊娠周数的判断
21441,诊断方法,游离甲状腺素（FT4）
21442,诊断方法,谷酰氨检测
21443,诊断方法,胸腔积液检查
21444,诊断方法,肺和胸膜视诊
21445,诊断方法,白细胞计数（WBC）
21446,诊断方法,胃液总量
21447,诊断方法,最大胃酸分泌量测定（MAO）
21448,诊断方法,丁醇提取碘（BEI）
21449,诊断方法,红细胞寿命
21450,诊断方法,支气管镜检查
21451,诊断方法,瘘管试验
21452,诊断方法,生长激素
21453,诊断方法,腹腔镜
21454,诊断方法,散瞳验光
21455,诊断方法,口服法小肠造影
21456,诊断方法,前房的一般检查
21457,诊断方法,血管紧张素Ⅱ
21458,诊断方法,肾病类尿常规
21459,诊断方法,尿沉渣12小时计数
21460,诊断方法,精液柠檬酸
21461,诊断方法,胰岛素抗体
